solar_irradiance,ambient_temp,wind_speed
0.0,2.7181182984549697,8.73536714899985
0.0,2.0361100262014706,8.090931072922634
0.0,-0.28916356296669843,9.38822160037283
0.0,1.6385692115314119,8.444198778895062
0.0,3.54870520621722,7.1356003078041566
0.0,6.883355491488296,7.93698320041041
2.117434573108263e-14,4.4640041322732635,7.3535113747272245
95.91863368808973,8.604757614881791,8.038396202302103
194.94201120800446,11.322682215734776,12.19648514220929
203.76414810283327,12.630227851825518,9.436886310266969
247.83063456097148,15.478695809345837,9.661985819447814
384.20657971913397,17.519836400991107,10.00139781998357
300.33025134253575,10.899818693369172,10.087414413319344
342.2475658773419,18.312958425301648,11.563675089068003
325.8601963070929,17.904526603561454,10.08737709023454
285.05726258803395,18.877934159614714,10.63651456203015
145.1330511094103,19.41298665824978,11.231225546911228
83.18707385379004,15.548327932472011,9.871832262356534
2.2890740704382716e-14,15.647457502198469,13.051231865171609
0.0,14.207235347125618,10.664137620585924
0.0,8.153363807209747,11.014521978038402
0.0,6.174694802328167,9.400960974373257
0.0,5.162296359575063,7.999842922241974
0.0,2.666191449959991,8.945887439013378
0.0,6.669176107210996,7.792728401156754
0.0,-0.678696549926673,9.419650296247376
0.0,2.153817781046041,7.937547917467572
0.0,2.2736924059727173,8.624110414618137
0.0,5.305821879901647,8.323587389547516
0.0,3.648684698778328,8.900140562479237
2.0417933195617852e-14,6.4923192159842475,10.715768674521474
101.20861030253836,6.7348339980347935,10.402376774574366
146.17893252440805,11.369582562518591,9.744397762613513
248.52654130089167,13.117734929412167,8.79235797860748
288.12434208271463,15.27053510104417,10.830126546437196
338.8688876533334,16.66274881766059,10.171499845202804
343.23864989728264,17.876866950653824,10.45110919145444
324.6859000140016,14.80743371462333,12.427138225228482
341.4050254565834,17.791399232157637,11.121080658840093
278.44861191134675,20.745240106513908,9.768170256747679
186.60287936858285,17.607660446927632,12.529168812711365
104.44070974580647,13.930251816367138,11.17454759307086
2.2401050403555997e-14,13.597796878022947,11.593940007301226
0.0,12.02592516709172,11.355504714561498
0.0,12.055866204001356,9.278951791742193
0.0,6.090532211179241,8.848972630571494
0.0,4.5403478434973135,8.493377130641834
0.0,3.4663238616588337,7.573716705233148
0.0,4.735179063700416,8.17190292870253
0.0,-1.0089235992700116,7.22995849494534
0.0,3.915466405782018,7.1201709371156365
0.0,2.409729697247639,11.80357181704334
0.0,3.59076013226499,9.689467745436266
0.0,4.9946170238503385,7.953429749831506
2.2193058147925152e-14,5.901772689697594,8.369675562301705
105.3712465296594,7.024772063518972,9.836313271097078
158.56773831425988,12.47745644551972,9.078987155105223
248.73324731413854,14.36521131619358,10.044044311036815
304.3038547475342,13.798907830425067,12.054744156745816
300.4508795195975,15.079794209974933,9.071498920273163
376.69049951675527,16.26780754989377,10.773518030234072
322.52307337680395,15.2539587004379,10.72204678279813
291.97870285224434,21.147981162477265,10.702322402574426
254.4823191279331,17.822346197325498,10.989644719692595
199.61640003058167,18.30058897130819,11.99369255327689
84.41839481678672,15.29762832556598,11.527258543846397
2.1090045560435732e-14,15.055813148850497,11.499793920314424
0.0,14.682196527976782,11.807604280446036
0.0,8.630822068503482,11.146904342688531
0.0,6.128622972537382,9.199526876525198
0.0,6.8668089087690865,10.170408097121667
0.0,5.342090944207349,9.038256844457067
0.0,2.2921631438431582,9.370214327960234
0.0,2.3988652252655207,9.221243769362022
0.0,3.3777407645232094,7.620202367643352
0.0,4.926944940811742,8.240201047930569
0.0,5.205897983501049,8.745517100706028
0.0,2.293785588979621,9.57184621100119
2.2155425661368504e-14,4.750870331441679,9.599388081100722
101.78495995373667,8.116050189439301,8.322451311800497
203.72600223943994,12.543144811773754,8.54538238558006
262.85261302217594,11.85544593917768,10.332729607227165
319.36614081280146,15.438597389769438,10.580832661337807
358.49354711462786,19.239401259723415,9.590847399599573
384.11744212819,19.33333155108597,11.687277047182995
318.4757126615658,20.48019893297564,9.887002197647115
269.9899176129047,18.784747608433452,11.455916889886655
270.36833642805254,16.07263902347544,12.206572442212076
204.9033306823349,15.607880636521092,10.411262774404008
84.36690540363004,14.005483537055289,10.340491095931734
2.2964230720109998e-14,14.668061996103514,10.782465168730814
0.0,10.985471215500956,10.12257110662597
0.0,9.231148695867091,9.259245473618309
0.0,6.598706763088803,10.030245699781036
0.0,8.305992412190552,8.054219051532021
0.0,6.874845896265645,8.647425117446936
0.0,2.2120928457507056,8.22835058840301
0.0,0.16952604002700644,6.987342761574254
0.0,3.2840840514180956,9.838672283883442
0.0,0.3025469564957479,7.1849009708148746
0.0,5.045541123361231,7.494585720648404
0.0,3.604851655225029,8.448930545815251
1.969401398356964e-14,5.690914734376735,8.817753936463934
105.79512745548371,9.790118211234551,7.934913133031433
199.01042169950702,9.571946639081286,7.9459013885451455
279.58320386974407,13.22528957967266,8.641347320023792
319.38293400419536,15.028568962423122,10.312112237262753
394.3219440633948,15.073609077577094,9.702055664232558
377.98828857732246,18.637281357562102,13.071949058867316
314.74358782330154,17.019977740042012,9.752091014989196
282.6055953625965,20.491006883707296,10.477446780635017
231.56364564076702,15.780095429615482,11.945657689006815
173.49401855678764,15.618844871171225,10.502537734239466
84.54832614308675,16.754997194554615,11.306592591737145
2.2402998886183317e-14,15.655550116212407,9.523940024908173
0.0,12.65621196142996,9.699469951740966
0.0,10.685451192252968,10.32347531486811
0.0,5.982536125758058,10.722700118750648
0.0,7.072620595124347,8.576692509060171
0.0,-1.7943086443092477,9.45356396712819
0.0,3.7160937141813446,9.156320365765216
0.0,5.291396140156858,10.697097589582674
0.0,3.8005860270204823,7.946098866391845
0.0,2.4264304129482563,10.323909083618826
0.0,2.8869586047133153,9.498552218172534
0.0,5.627425408893975,8.077542968993932
2.519535421883884e-14,7.134001103934244,8.444575793380189
98.58269400497859,6.364260681350795,9.762921567574763
182.82512391230043,10.7724456116226,9.714329102930112
282.6797616767297,11.383182064750931,9.030483884373066
354.83680523299375,12.257211103508416,9.102314943604371
301.29989503231565,14.795001048001895,10.913989196952567
386.8502698838319,17.92087434777012,10.15230168936281
291.82102306797157,16.03296992814186,11.25280972048801
283.5784970069488,20.091419037374507,10.164854578989345
223.1534260880739,21.04074925443663,13.869034575159638
179.9153218377732,15.367121134802762,11.467875726626405
79.74330365788504,12.215435599489636,12.049282534988516
1.906641536675714e-14,14.435153391070955,10.125995597952
0.0,13.607241973864497,9.675829721608649
0.0,10.670807278850619,10.950163737596245
0.0,9.471976400804117,12.516958727438945
0.0,7.089565638461077,8.99038676553133
0.0,4.221053941973342,7.663149305911901
0.0,1.022621104674001,9.282052954661994
0.0,2.563939320554499,8.131341006835733
0.0,1.4463292948651927,9.508633264494875
0.0,4.856774972286166,9.98104902587563
0.0,4.088173666393411,9.905761925128687
0.0,-0.6166869368755483,8.283345112102507
2.0164844837101947e-14,3.4597270630384385,8.683344825301207
92.35567469700683,6.72733213259442,9.238511334413769
166.44650746907516,12.422721980264626,10.473932720929286
287.9123818188929,13.915128615918857,10.853315300143286
311.57595414861004,12.914454005031939,9.080591241629325
370.6740089852889,17.031201558043097,11.694710908269133
304.929880512418,19.498725108594453,9.652220810502538
388.6541685363829,18.739428891118873,11.826805119786062
286.1650651427892,20.981230650475677,10.932468473243201
257.87053379181816,14.325701555777197,11.040059678427742
203.67409307939107,16.39751387401922,11.810704688836433
103.2552338012218,16.459709915409718,11.710866119453183
2.017004072831028e-14,14.116845330134238,10.423785187829719
0.0,12.839123138065817,10.636283309318692
0.0,10.361980057041007,8.940448916553315
0.0,8.13360115605485,10.696621429550527
0.0,10.569144363335228,8.884003742728057
0.0,3.6663781290334017,9.127934597528483
0.0,3.3841356294294513,8.43437938517471
0.0,0.12949527798762928,7.466190794665648
0.0,4.767986943946807,9.57469855801413
0.0,-3.0775511043801833,8.179257382688785
0.0,3.5970444510871515,7.340096448786697
0.0,4.256336493236084,7.643146785885301
2.0759648155726493e-14,9.953252593734156,8.042299161515857
81.65552841725489,8.488729684471986,8.93680536553928
181.9909239330719,10.930617972450543,8.43132246528388
236.22135527207388,12.387902886289911,10.495122318386708
257.89614643419094,15.502510388188362,10.667082362670289
383.82451323665714,17.47627557337194,11.531530941514232
385.8139683804414,19.641258325567243,10.687681688450175
330.4828710357349,15.076235425640085,10.506564288268144
355.66279422007597,21.27990296852024,10.809350559285098
219.75850638640642,16.5417565948138,12.361451702547955
193.17224028393255,17.53968785696124,10.29745938779158
82.12514057597444,13.436799024439821,11.142199239144524
1.8207878763927895e-14,14.56756806949788,9.911483126771685
0.0,13.25799856365428,9.594351039207458
0.0,11.308458222071637,9.588594178518592
0.0,9.674129532043539,8.851361067502957
0.0,6.652537648716619,9.410494451746269
0.0,5.0599882158131155,9.218868542394542
0.0,3.5876773873495864,7.995319871176039
0.0,2.6383473617709745,9.693341756297231
0.0,2.9639480178555644,7.74347773808462
0.0,4.753026087955394,9.185973082980741
0.0,3.024678161856918,8.725573459880712
0.0,3.3169596992463397,9.067596308857098
2.3328074978707107e-14,4.5155628248023,8.52015549409702
79.78172091550357,9.658543482932133,8.541419491526106
151.1021090667713,11.510960927396102,8.951621492882076
274.79703826680105,10.28596637984872,9.11440185557454
294.1511438629871,12.258701108728665,10.096987789872314
386.6144571860498,12.866314951228532,11.08016480218038
364.98647371770863,18.096423878906453,12.706108308928634
376.5907406961828,15.92185030488519,11.657847836873463
363.6126070057431,19.393821899187312,11.205478427067812
268.1878774599257,18.905093886173148,11.279111110122251
152.15062459543142,17.89249396822349,14.660389881672527
89.88514239288611,17.161786113534465,11.321460702223263
2.121627523245077e-14,20.452401193325585,10.201426033541992
0.0,11.278250640501387,10.309531154964347
0.0,10.359854192896057,8.933245238799184
0.0,5.794262587884658,11.167486606229506
0.0,7.247517876308333,8.604284416289218
0.0,9.614056367001348,9.337802663254852
0.0,2.5389430775699067,9.219959257343042
0.0,2.2570161952883083,7.832819297749639
0.0,3.683797103122253,8.442895332939036
0.0,0.45073324288426586,8.666779124038804
0.0,1.7018315787290532,8.178420007635856
0.0,2.329935903800542,7.215034197024797
2.579663843743166e-14,6.695678194240094,9.203168267734707
109.90130939577423,6.025362187368833,7.765188138296285
179.47768582581045,8.82150313543576,8.645283446391225
283.74021573837973,12.663903359601894,11.44679202704533
281.7854425190149,13.369650156128104,9.463129064365088
330.66483714440614,18.66296800678467,9.408537617154195
399.221813560486,15.756206585765588,9.829645990883723
389.9897479454275,20.93607817743346,10.456059765338027
273.9254053291888,19.38412655379412,11.985426805212825
291.3155751840734,16.89416121104701,13.015845569387988
157.12183786908747,18.290595191207895,12.159350417837889
99.05506956331467,18.650616247143397,10.320393324341115
2.572328274606382e-14,10.940433179896925,10.641515663303684
0.0,12.31974733539562,10.853529559540892
0.0,11.816552421508021,9.345097116671047
0.0,7.644330248363654,8.597744897254625
0.0,6.412315867435213,9.964635671808422
0.0,3.5314683079632907,8.881838921942816
0.0,5.273244111409592,8.69646043988062
0.0,7.425450051179615,9.019460730179784
0.0,2.22198348739567,8.856466312650557
0.0,3.2625522926966957,7.4753605250742705
0.0,-1.5443934685545857,8.453654432001771
0.0,2.821049132103255,8.985412112137363
2.6077646591853618e-14,8.384452055545227,7.818028157985889
92.39018067766992,7.31842666427839,8.579612275686214
160.4935135519026,9.669200509937092,9.032340548637002
213.43903211500412,9.551695222618331,9.845970117785436
297.2114514321836,12.258676538498854,10.969302589414788
293.42875304968084,15.488706849040646,10.517851261356276
365.88365348609193,19.751840527667497,11.019501393181779
342.23103232335495,16.547838480954958,10.714775655157613
293.94603153134574,17.186419522383304,10.826564814191457
221.72363058135727,17.272016108653393,11.022175874585516
158.78605434150427,16.70128522857263,11.450933033293436
80.2350557866353,14.970925115655282,11.79889410072149
2.3001185444102838e-14,13.312993042888333,11.641574874288164
0.0,8.638669575734673,10.204276301577822
0.0,9.831726669702086,10.007409195425888
0.0,7.244599561276699,10.602981998050625
0.0,6.210070299437236,9.407834025171372
0.0,5.931644743299045,8.61435494349219
0.0,4.822052411001066,8.614765428444029
0.0,1.32989814658705,8.18437582674851
0.0,-0.9856602595786765,8.419607443394984
0.0,4.779637785085131,7.053848704506481
0.0,3.354709300775003,8.47746326626511
0.0,-0.20023639966118445,9.376106821841574
2.3902782127809974e-14,8.3444453752059,9.144160236696141
110.61515754061374,6.673142529511956,8.090256033670487
151.58421659273975,11.167582996958735,14.76008920337346
303.3904771052981,15.984778500212022,9.341486116376368
329.9607840559181,13.753025210423859,8.852012347272646
350.82836876733046,15.937936732310252,11.18267901094945
335.3825685434503,14.80623634169026,11.28946499936478
329.6928615047111,16.73351923308839,12.213936200111029
348.71183087314654,20.493541431431186,12.774706569422637
242.65334402517445,16.459721973588824,10.261183389697077
185.35003841862076,14.81030679086849,11.768474255974109
94.26092393409544,16.497076529555397,10.324133854484268
2.1648869537347688e-14,16.994140353445275,9.967942542933658
0.0,10.425220817014278,10.576931349457578
0.0,10.201382245123497,10.140913503173207
0.0,9.425228142255634,8.950089142667904
0.0,6.603090059195949,10.279830183756557
0.0,1.312051899374679,8.781432993433356
0.0,0.9215734465477667,8.173629074292982
0.0,3.2860341738422973,10.06757976991212
0.0,1.379119289606005,7.370229434911124
0.0,6.6004688003779375,9.058830822690005
0.0,2.303439826216789,8.132328390947588
0.0,4.072855650140675,9.56623728456906
2.5656108655329844e-14,3.986806011037505,7.478362150599064
99.43450197811279,4.056423965734493,9.21888245013024
157.07797372688634,9.737965388176683,8.24979131302799
247.83673649737636,7.964525150515769,9.750131879340453
301.13657824193024,15.686902894155738,10.091937053848936
357.7760474859911,15.571627846706663,10.742030790292258
328.61431259117717,20.19891531968908,10.050837485035348
353.5793832671395,17.580310135055775,13.239594761310695
264.6604210376993,21.203131761012898,11.516602603242257
229.60101904573463,18.962734278778708,10.787348919363655
197.36331816453654,20.790406952089064,11.027539852351284
87.80848153999413,15.746752991603508,11.192566939725136
2.497267634910067e-14,13.433034465826383,10.582835557594258
0.0,11.237260501579035,9.62491796641031
0.0,9.118282104711819,10.436075312163684
0.0,6.423263822645001,10.139890281152532
0.0,7.775107277865846,8.762337495800608
0.0,1.1555156811997467,9.702060011090868
0.0,0.19719018755429563,9.2985836457823
0.0,1.0118697530071172,7.462381796807586
0.0,-0.4464014750603176,7.559456399964704
0.0,4.732625399595075,9.363922506292353
0.0,2.4224337649454357,7.27585831758392
0.0,1.8754562467087639,8.440009947138448
2.2477735190684228e-14,10.905472143993183,8.537365956586832
98.23754905722333,12.413319128059442,10.158059098792053
195.41924608316782,11.882393062992323,11.782569365573654
279.45132879996186,12.628564342908891,10.08893598745778
273.32843470293165,13.370343814378563,10.36643204365331
338.3186168913465,14.524157643241645,11.718831190455711
396.3795468443328,14.077385715277293,9.764464010152494
402.5090410837481,16.204095181908844,11.579463002619143
302.24631704301737,16.921258492382083,11.368142268825286
216.05872222138098,16.806654124890052,11.67031734131146
195.83793770847225,18.725251035567783,10.931464200675375
109.35861939483036,15.224503485782128,9.707989013301233
2.17638861942465e-14,13.813152535186076,14.608528592350957
0.0,14.891348658139542,11.18155140860064
0.0,12.992864323639537,10.554220466748436
0.0,6.816464392796592,11.353319338635522
0.0,5.189543880126171,8.237384584602896
0.0,2.7610401948446754,9.587736620970984
0.0,0.8962184518277931,7.516765824221617
0.0,1.4473359127631173,7.788160577080564
0.0,2.5068811944439457,7.175249610295609
0.0,5.429178772452413,8.794205348108783
0.0,2.4495598052569316,9.431363592334137
0.0,1.4070948562213488,10.033467015796873
2.3248424810695034e-14,3.6411652606567864,7.976558579784799
95.44869935571676,9.484896500457522,8.38813615514415
176.0967737045416,12.074874525231458,9.358698152026278
232.19386779101575,9.525925659554261,9.428551069591277
303.3128665533069,15.193971438276122,9.696136536213938
390.76790749074314,14.37793967503914,11.382261762393092
420.77325052692834,14.730740750743823,9.618974478517439
397.3574495438409,18.849749454653555,11.701084768192164
375.51241143785364,17.160550150974853,12.884935923139208
292.6719333347014,17.912550929910267,10.679768445228
171.90566980350462,13.603623738822783,11.36739912653345
103.65688721849845,12.243347988269829,11.983887198014962
2.085157509527567e-14,14.231702794360373,11.129589606919643
0.0,11.9216326674053,10.300735604444853
0.0,8.084124717176676,10.417823083023569
0.0,5.240122947272907,10.060570263526934
0.0,6.190143658843668,8.532606426337097
0.0,5.504640350315032,8.218398767623334
0.0,-0.7844981287819355,9.591607509117066
0.0,0.11279330200289106,7.189659596074847
0.0,-1.1669587276792903,8.477789573135519
0.0,3.8383032797234193,9.375031260744219
0.0,1.6624726782824948,8.408241189975003
0.0,4.941786403891265,7.419111338582934
2.3448166131391817e-14,4.445731033089343,8.130309143454742
85.23376809223909,9.583502219689683,10.609429245209512
207.65446319943158,10.426020765773911,8.721179495778284
303.3153665093457,11.021196968358256,10.47715287820734
269.4100467322075,16.377654269405454,9.722842296069551
319.1669331337062,16.093101920555867,9.658248326636222
435.13517035987724,13.229801630761617,9.981220862667712
372.2714932190897,20.32701974614783,11.957100401338959
287.0570448622759,17.737499452288727,11.527449653633964
238.6501767703817,18.083517866267634,13.53002079640615
180.71042747086324,14.94602865844004,11.498609479288945
85.683711369724,18.19764861302356,13.532351795076721
2.5631296486142327e-14,14.344695503376583,11.291450948920463
0.0,10.33905648231515,10.06369257011966
0.0,8.624359974319256,9.614739125073193
0.0,7.562333304449493,10.241615218923448
0.0,4.150492894551794,10.363874581591297
0.0,3.929305082747222,11.646052558264136
0.0,-2.099360965633829,9.320180611646787
0.0,-1.2869690741047335,9.586907200157718
0.0,4.757753177035386,11.169029916410349
0.0,2.131077355495879,7.233427623071238
0.0,6.388000211356129,8.50485406651002
0.0,-0.70069568299468,10.364592978878697
2.69531256141867e-14,3.6696653177992538,7.818255025321654
109.0062254271808,9.675417258989508,9.031534837562631
211.48600458939327,7.224740255117965,9.31587395622817
290.79856135273855,10.995214748787973,9.317932975919394
358.5371246365752,12.751696928800001,10.371801497028862
418.7713122526877,15.618660145673608,10.698632611677864
358.3942556491608,20.812014354385354,11.131641028086474
324.85526515000885,19.103196807680348,10.586840712051591
325.8769570942835,18.266291457959188,11.679472364308783
222.95215735887828,17.216807403344504,11.767794463989748
187.86966738283743,15.501422894616207,10.939974419082168
96.62360520473473,12.759111903979736,10.121410864093384
1.9500558288759536e-14,13.955738968136137,11.196898536884564
0.0,14.345238269413446,9.921220779820711
0.0,11.409026765080243,10.033060183955788
0.0,8.22623716491989,10.26980032455016
0.0,4.328339298319034,8.839542577962723
0.0,4.00296167268972,8.500511710036175
0.0,2.791722149986103,7.287776254252406
0.0,2.6457701607460224,7.899506223116781
0.0,-0.8038707885298635,7.324615416251136
0.0,-0.46799612274433056,8.21343043805004
0.0,2.0531718236965633,7.3684802304124535
0.0,1.6804074145192005,7.826158717908422
2.2750683044332283e-14,8.908150346180841,7.716515221321045
91.2036630079721,3.8461528113328924,11.145052971318893
169.03373362143964,8.72363850306198,8.445454027742212
246.07100681714334,11.770267895678929,9.575081680065518
344.8444788165831,15.718732653324821,10.280360639055337
382.3871858498193,15.111632615463988,9.44547706729324
384.6826213290785,17.15015958590653,10.885123327593707
324.30418935185355,18.4329553419609,10.76598983771174
279.9197315771814,18.149728299069807,11.209198199566906
226.15131762542498,20.995222259806464,13.154860059349817
189.0750171999758,17.141972994933344,10.405275590545692
105.3244414212096,15.098483542074007,11.774472014587575
2.0687447200192754e-14,16.957552644559318,11.258700473318301
0.0,17.207535258919474,11.152617347483568
0.0,10.326608595723261,8.992614216622032
0.0,7.3305160357637975,11.035518399475862
0.0,5.235720079917382,9.522263159641932
0.0,5.57416438920859,8.81627416922252
0.0,5.726162758180958,9.519041792178665
0.0,-0.32110207653712575,9.023913982588933
0.0,-0.4568360770838593,8.366509625149257
0.0,2.622147731651014,8.851876476753507
0.0,0.46941098896631894,7.271451296381216
0.0,1.9952898244719663,8.52678191044991
2.5385681777140333e-14,5.464222726664337,9.213192813045833
115.79917184596175,5.159119022203152,8.339181817996407
164.07952255197137,8.870052860882378,9.408272583384496
283.40524909461874,13.796983735070317,10.087352686791721
326.22847727075373,13.277502732034286,9.44040916396988
356.9599326776915,13.68768103542175,11.910740422259806
370.0792732253311,16.371548393414212,11.149996068672332
426.60218674583126,15.50468022885764,10.947679706267344
360.71384137317244,14.951153574917354,11.979739096946492
244.2552526123648,15.669894878735148,11.561786514357145
159.5470123083962,18.566259300553497,10.869420710482965
104.37663139554137,15.714896111656543,12.34783950362603
2.249033689874979e-14,10.619526529557406,11.352160385314718
0.0,14.30612001669894,11.123456809289202
0.0,8.22852160467352,11.490178517832366
0.0,10.284941819283844,9.20227183099374
0.0,7.0918268387996175,9.998094146969388
0.0,4.421072603266692,8.694166270600412
0.0,4.730674021248871,10.361674824630317
0.0,1.3457069758538447,8.798469822212699
0.0,-0.9447128878973712,9.93014677410535
0.0,2.179574410228284,9.035779766193262
0.0,7.643619181977013,7.917174081377929
0.0,4.082635213941457,7.92471567549425
2.1212520222297222e-14,7.3692954200934535,8.48090362958945
88.64191774360499,9.745749012031068,9.79664276335018
190.0674358224494,7.446476537878311,10.665848980943448
225.79571802089262,11.3651955173127,10.584635152635764
297.92755236134684,13.334358676471764,9.621405623996313
429.5385494307358,13.52532690699427,9.283489673814781
411.0180391398796,18.54171545925935,11.767916114567582
400.08238022680484,20.976198678532903,10.443368573939008
308.3986021414117,17.286950420555133,12.304122650224855
318.9912724448757,17.485530630131496,9.997827041057862
222.6204950816936,19.13716954015688,12.508062870752482
98.31206900879772,14.049156835232136,11.218124220616524
2.3408623677635872e-14,12.955683455049849,10.146480966584054
0.0,10.11811438464164,9.605589945860189
0.0,8.047036331718129,9.863963645446308
0.0,4.680125459010338,10.087334664105503
0.0,4.724756034341043,9.536359581397894
0.0,3.1973106114347427,7.86720572120976
0.0,0.061539414141935644,9.786428642599052
0.0,-0.07772553995043774,8.431584720393626
0.0,4.6563074821208525,7.706828156559368
0.0,0.830821648148794,8.678020968029658
0.0,2.9815976921097356,7.858136165415355
0.0,3.639199158144297,9.520102383118932
1.9724360391991583e-14,3.3324250725580384,8.626835409316554
112.7880306861455,8.205031657768693,8.47667151815251
215.32327044121183,11.019289566187814,9.839099529421876
238.35003519285036,11.275646861157028,10.023879288069915
311.0219343011745,14.103048917884196,10.359744043303822
412.05766330203954,16.592731407933535,10.845433695560285
396.6810021863584,17.17082064062359,9.867012990431443
348.2568926224656,16.26816752881426,10.586222369735493
325.29139636891836,21.92650061634727,12.029747238700804
316.5241664082743,16.10740683369194,13.22451143615498
215.1677592862524,14.64517150523605,12.91068142311867
98.45520412578486,14.30849324056538,10.57212818046537
2.1472704082755742e-14,17.456870324301804,12.202077861208652
0.0,10.535333355829229,11.911084827207619
0.0,11.554423897917466,11.672744995669518
0.0,3.162356442599619,9.075283504194145
0.0,6.1683561136407405,11.851382912895986
0.0,7.039290793703572,8.658339936577367
0.0,2.538522311547767,8.75965568561484
0.0,1.7616722408959,9.393657171603849
0.0,-1.5942456562156484,7.147440030428184
0.0,2.761760538517243,10.269711797332269
0.0,0.950207567517197,6.999322104461497
0.0,4.19922068298746,11.125254626439578
2.3633019440283913e-14,5.848311879885791,11.842267006160586
116.88216897685358,5.932249329933311,9.459895739513946
227.94267071163623,8.548808886406878,9.438607529988397
286.66362740789197,14.73236655402141,9.145441283576762
312.11277623054946,17.32608011480623,9.250600436558338
315.9955107498404,15.674282294092237,11.234977022335482
415.61358700352645,18.113885679067526,10.057986862217366
379.4851535217955,12.603095268429591,11.745760535494046
294.43395022002574,21.595054475133086,9.979918605800298
229.96902862203623,15.50340176458441,12.16577058936776
201.1953787729442,10.38127463860756,12.818264128112933
87.84469002244549,15.968812792275367,10.76342957648083
2.3982275499302808e-14,10.850011403668214,10.838140099225733
0.0,12.151196827007654,10.23191308330033
0.0,8.796509563585262,10.81715383254084
0.0,6.870487455569696,11.057133631384408
0.0,6.788411512281465,9.163312922445133
0.0,3.157159206081716,10.10858857093679
0.0,4.319917631556778,7.408844997746846
0.0,5.14450293566763,10.69381506289651
0.0,3.271952014088196,8.681006582413497
0.0,5.485384592560147,8.51211934445716
0.0,1.8317639664451646,9.616083620041417
0.0,4.8916434121059,8.494096118681933
2.0632578163928697e-14,2.607863753888315,8.620300791220496
115.31788124353321,5.7006269660117574,9.040618793198623
226.09596115620982,11.117348329933,9.121378756557828
233.7535023873404,13.175142729134057,9.857365901866796
331.6240076053605,17.14193166217709,9.555184118787984
315.8128202563771,15.053008231573628,9.654162920072134
340.89229260179957,19.771800650976417,10.051221282390603
427.8111215187678,14.686982497007156,12.382814757991383
321.312780924711,18.969401246191445,11.74849340082895
314.00745342866287,15.976393366331465,10.685006910134359
188.01516575462358,13.279903454906925,11.777124585754951
99.17435132125529,12.629813875856023,10.725807606571873
2.0914025581610498e-14,16.89270253731643,12.618786203643287
0.0,11.709638211811901,10.488585897936723
0.0,13.393019285411924,11.863003909353248
0.0,4.994230935355161,10.969697730176724
0.0,7.233070632045576,9.346307131271864
0.0,4.595127381634146,7.752643451803924
0.0,2.0447035208656152,8.851048663556947
0.0,4.842701874216255,8.716008480528435
0.0,-0.30679212660239985,8.884085071501136
0.0,1.4890661853431362,10.213988404712529
0.0,0.9422605007555802,7.7725564314743645
0.0,4.673970976352968,10.198158452402714
2.6271107159098797e-14,3.4581802343358996,9.40422709692656
110.49989035299828,9.619640697279634,8.58273645338991
169.42912437136889,13.26808560127617,11.096014980838927
241.28216957937198,11.471531543520602,8.862656195913228
350.56762191577127,10.639702553559498,9.862684623817348
335.8357445169275,15.533100595745283,11.460875388869077
414.43440149465994,18.53731010167392,9.759365185456893
324.42251424922097,17.100434659039976,12.6263322303216
400.6811500004738,18.586183532344712,12.06238079135804
312.4486071659709,20.02877115477829,11.103641494472003
177.5976635198888,14.207168056867252,11.650888777103068
102.78773671986089,15.11683076837263,10.126399747403141
2.1851326664676867e-14,11.355239965131073,10.714367564959783
0.0,10.194589784053742,10.568508021147267
0.0,10.418018972803518,10.78843627523801
0.0,8.155805724665182,10.212044077585753
0.0,5.819599128124598,8.610178450123648
0.0,2.274668104056787,8.98239702677915
0.0,3.755279808740009,8.099793382333138
0.0,1.1416396711803964,7.525621477276593
0.0,4.905710309264284,7.7264905167740014
0.0,3.5328190074644468,7.808050528108467
0.0,0.22099356345733767,7.984953819290637
0.0,5.5771046567572045,10.190217505253486
2.3924778544925113e-14,6.383645559135199,8.0384785693961
113.40378675478186,10.473728388106862,10.153898265488174
184.6048886110913,9.835394424571005,10.438352258121824
267.9255475478562,9.671633038732146,11.049957339240269
381.11516752628006,12.46466836541362,10.075269009981444
438.76630721099707,17.99281693239879,10.849806956459526
459.1133872168462,17.56124109023937,10.190895124494705
382.6460385719087,24.90145985363155,10.122702887612723
308.3746053170573,15.326582213656081,11.15818579886339
272.4901318545062,17.060635203079983,10.867735952898965
231.6032209446909,20.66807854589096,10.325615673662645
97.86648490481227,15.248694188224297,11.751671443063248
2.6611410997682716e-14,10.859767325095696,10.840382724880948
0.0,11.032807268892261,10.777914995250017
0.0,9.910637412156102,9.715871013380976
0.0,10.010269832038952,9.2141781170581
0.0,5.984045426037199,11.41372109475987
0.0,3.7336783507177724,10.081861226236885
0.0,0.6250856219571519,7.7606461301488805
0.0,3.4305163761721156,7.944740264664553
0.0,2.200347213984124,9.825696883769233
0.0,1.7086352911807072,8.273911770429184
0.0,1.5947043281010216,8.321453965731843
0.0,5.817205639304007,8.568939245651233
2.4593638946264474e-14,9.031210860025324,7.770065493163537
102.57349048896978,9.529441354221259,10.342860472882753
186.410279496465,8.043489631766523,8.48224298364009
316.15168460536216,10.21342705213516,9.256497970472912
384.85900839999726,15.11718544090836,10.347028598761293
388.56472426814304,13.99196047997747,11.199891216843284
395.01300788204213,18.934566877210525,10.377431658150204
384.03534118995213,17.82619718821987,11.497618912159204
390.1207431176772,19.450987604015673,10.920111379797246
335.17467438224173,15.06749791062623,11.946298890689976
171.5128886467024,18.46434026740518,10.233500083233153
105.85604480124587,19.399295798114238,13.504451030380704
2.5961015942862275e-14,10.9031592178331,10.229483981256053
0.0,11.130103401744535,10.790224090270637
0.0,11.052839435742994,10.926609240330102
0.0,5.088792140823495,10.365552332345874
0.0,5.1882241871045185,8.660030301414574
0.0,3.5174275680250044,10.590693175249292
0.0,0.7394684691165136,10.51543771214484
0.0,0.06509725629040286,7.384693107854667
0.0,3.1897034846974055,8.999204707879928
0.0,5.077827562733111,8.406066310499398
0.0,0.14965861359572585,9.488096305758425
0.0,3.652460649219606,8.774946946370779
2.7658140175028724e-14,5.7175543939996,8.363027480207322
88.27129498062551,10.918237717860453,10.243814514798126
203.72423862697462,8.85432422977219,9.106658483053108
325.0932226373856,12.916120699543162,10.769828386688497
354.9095322484466,15.04243311076238,11.177415129832253
425.62151021809314,17.329161285187098,12.239308419069697
342.9061865976001,14.309383258189133,11.436154796311206
377.8829166319191,16.992843760773216,10.139837653954794
298.1263376292876,16.807623151539893,10.906135622742058
289.4458909066039,20.15268513305895,11.144900319146888
179.194906210851,18.477383946110415,13.550826019400828
114.66218838815688,12.986284300071276,10.136542509334651
2.264487602151108e-14,13.233545950800677,11.111093178052162
0.0,13.66039477637078,10.756732279728372
0.0,10.872479798265935,9.454993235650413
0.0,7.9484177612143805,11.345208991047976
0.0,4.288636869601326,11.46143898307945
0.0,3.0086224705206956,10.884717991947117
0.0,2.422358396804106,9.412392579426431
0.0,4.663765004773298,8.733339185630953
0.0,2.86400057201545,7.327648769253723
0.0,3.761754221603092,8.42392437034644
0.0,4.0315688656664275,9.58942842770701
0.0,6.68763971855209,8.484240467430542
2.8885759697501646e-14,8.414681200736567,7.812890373835757
118.46507508498398,9.124493605933253,9.761574096164601
177.36447009283887,8.888215271609413,11.853843401986005
272.1774060374397,7.435093773511968,11.196173892079692
367.70933532593915,17.641576006118026,10.391650314025872
387.34085767888376,15.114928470278869,12.770880114773794
434.3773804475233,18.078364330079353,9.886281795480853
355.30689115546386,19.891207720799965,10.524706288930275
332.36968516446166,19.064473138790973,11.256266313377708
317.1150485195885,17.206500716469513,12.838188345510373
190.58237527263117,14.610008544117697,12.386462958692846
88.96042709534719,16.518903537751797,11.022430655590648
2.7015684928110183e-14,13.519908576652092,10.962859563454249
0.0,15.025363860022573,12.35720328925844
0.0,4.668812363156224,9.359306052756718
0.0,6.5034730455432435,10.508557259792994
0.0,3.9010717583240266,9.04172162331078
0.0,6.109671570035304,11.87842195838671
0.0,4.814424497493857,9.945451180052423
0.0,2.6255136199921196,7.972870558046518
0.0,2.633672974914661,7.592516181577713
0.0,0.2382521352161775,8.911417558564972
0.0,5.444730958884053,10.932687007541725
0.0,3.459907991925525,8.479335217169048
2.4739490392100903e-14,5.496253024704071,9.022758788706486
106.29486785419851,7.954739050707667,10.025647860310073
208.13081919184032,11.93654672278911,8.540840557062712
280.95763754517014,10.021971485930454,9.330236690459019
328.22980215769593,13.32983575058734,11.738667568645102
434.09081879387315,15.145321505766345,10.684033665206407
380.35329431185863,16.701532933347355,10.679135203361827
420.3627648861094,17.9832033240175,12.985798565112951
306.58113460893776,18.769427561143733,10.167049976239833
312.4668642478507,16.41471235411913,11.549009208400378
219.90618679489444,18.481686203458768,10.376650357526808
92.82703248548874,16.881960737359208,11.333480332386822
2.5967398330575965e-14,11.068185323567437,12.286190652274072
0.0,9.321836666649753,10.573511659807428
0.0,6.847462024437757,11.01378602009091
0.0,9.719642783824668,10.69555185170145
0.0,3.3030244852897734,10.48503712698286
0.0,5.400763244355213,11.252866645347602
0.0,1.0308861958844688,10.245620818343198
0.0,5.154968735577875,8.00623406747676
0.0,6.196488573082998,8.498960631433112
0.0,3.0950127006431707,9.079865938425055
0.0,0.9457327597391458,7.363691558155213
0.0,5.296806373806425,7.760321976358721
2.877710313060278e-14,4.746076417856179,8.194905324806296
114.19074670781865,6.817912155756309,8.410987879301185
197.39506301739453,9.82736894923954,10.135943591874627
250.60742264448749,13.059890514918699,8.984200166093148
357.5856599233585,16.650670196284047,10.415079974700275
400.03499210515037,13.113665308016376,12.450970696509353
346.7116558262542,18.595853328121905,10.19083982497104
334.47645001787055,21.091332460193414,10.054057185129386
403.9704456994773,19.25762277214573,12.084817643641625
291.09520850885895,18.28942125046096,12.591533741806291
203.30462580174395,15.829092735562707,12.29294422649706
104.09151268981408,13.183181808169302,12.258888640882397
2.764517791039122e-14,15.309135861601465,11.977909307322392
0.0,13.718376963095823,11.321627627323045
0.0,14.565959433562194,9.507131034163711
0.0,6.740497613708776,10.965178298870264
0.0,8.058469619881848,10.056628943072697
0.0,5.495631814679391,10.08905732414858
0.0,3.8805705703268987,9.062652110022464
0.0,1.8362373816505226,10.144211800044484
0.0,2.517788183707571,8.557107053128618
0.0,4.218686009941264,10.559689063143743
0.0,2.736200670237896,9.90441718803222
0.0,6.7961982805877525,8.516146926253693
2.4081890853000624e-14,7.03410831661652,9.324784173265988
105.8623944959897,10.088511994996542,9.824381746008813
244.5387074777237,10.446902685730244,8.93990432838032
269.6151582678097,12.645726189328466,10.378352398898052
361.7987198757185,10.765316628446007,10.206729423547038
393.45027177177343,16.12989476876089,10.358895234690063
427.2007920150651,17.816681262726398,11.520976551640011
476.58512572415566,19.99336990446735,12.649478761586161
359.29142103916433,19.0679488814683,11.374397535389928
333.86508674459895,17.85164341865143,11.895827463380447
226.77055753567765,18.261679240691617,11.090178555924526
104.83403971622481,16.048398569596912,11.981883348362354
2.2669803318372877e-14,13.269102766751248,10.367924295740252
0.0,9.497141492027877,10.541325844724994
0.0,8.465132486425203,9.068393770939672
0.0,7.899534406570236,10.373637372451947
0.0,6.382221984120303,8.967014074266242
0.0,2.2214337558368578,9.65078479080594
0.0,3.4924801961567917,8.657910717441231
0.0,1.2991265111289911,8.200685412286202
0.0,2.855447919189269,10.360715580912448
0.0,0.14918526706887558,8.334505173434964
0.0,5.452736636215591,8.559333744866176
0.0,2.7519215509211272,7.644041461182207
2.6445763807703882e-14,5.157778101432156,9.67308333536575
104.57662612829267,8.84426121795206,8.071755651817975
230.17167502158927,10.981786414701387,10.358982431679474
298.7720478402417,15.080981027131749,9.493439660991012
355.42415898309184,15.356647545916701,10.768479669440318
366.67261227132445,16.27973544064265,10.403498481014484
405.01412716987375,15.498461497770855,11.108356686721434
349.5450313365161,21.371799878575306,11.444078247455037
401.3436143171873,13.839853099369808,12.595261967040788
310.0828184275607,18.698433772695942,11.372008704051805
241.53424526045166,14.84437651822932,10.595941897633738
101.52613765778736,14.614173711585513,11.617002949523165
2.4436890781862333e-14,16.93230503868877,10.66331375301193
0.0,16.299808500285156,11.913762941780309
0.0,11.717405573019395,10.678215648532442
0.0,11.136012664741266,11.99138358284356
0.0,4.720714475867164,10.739913447566101
0.0,4.674746515839401,9.941427494382168
0.0,0.9744723775246702,10.174429886300583
0.0,0.26634664969810107,9.554263999956211
0.0,-2.0737980138373766,8.199224321294889
0.0,0.5454169219562113,8.657733946799702
0.0,3.542968319246048,8.77235943433128
0.0,2.698757253159947,9.683990865391106
2.566534581189366e-14,6.727865736038154,9.342329591650081
123.26849816726147,10.1959288605662,9.065453279942464
179.2432455575433,8.896426798493996,9.538457749611652
293.45328250425626,13.070804893409665,9.796583855835113
343.2776063987465,15.426785842395208,10.124913474772239
469.1133971278062,17.579654926659362,10.96055786088928
384.4937766083148,15.547545534553848,10.518393463194
440.94908607416176,21.149165672053975,11.511018322765512
353.23420893935565,21.174011519786454,13.74745971942661
350.64158232130893,20.866562988102814,13.295820782362247
231.41961031069857,19.288995700827417,11.292766188148534
117.35666844130121,13.399323081101194,10.864506329642778
2.488011544437734e-14,14.110814792859601,10.53309314254752
0.0,11.352395589447195,11.143713348993638
0.0,10.898837598697146,10.075192315455778
0.0,7.081718064459784,9.355652512957578
0.0,6.357990425311445,10.60426886879364
0.0,-0.8234785680147265,10.98048253009654
0.0,4.200208211354939,8.31113680004208
0.0,5.641500450541634,9.082005008490272
0.0,5.678108677907124,7.828164431351052
0.0,2.189511361496024,9.181025750349542
0.0,-2.617290373082257,8.150538399007381
0.0,6.230350452252972,7.314287422152884
2.9848672962177155e-14,3.923517538153016,9.215756454661854
93.56493612783272,5.842961558698173,9.855517556439315
223.44615324652855,11.556354274466218,8.828012241124274
349.2985322607265,13.999006032821766,9.314909091822937
442.496286189443,10.957983105016261,9.59878381246229
406.2601425963247,17.320093246006692,10.705086887744757
393.23357771571204,19.065419019890932,11.614928206402025
480.17764397031266,20.3700071874697,13.019561458414298
423.9971762724054,18.963520810132845,12.459961284264983
352.5155393795421,18.83313879106617,13.476147884862284
185.3899579722622,18.925752696859668,11.301794406650885
114.31946313622473,17.404771850769734,10.648217524786988
2.452203171218466e-14,16.512458320942674,10.545540693179667
0.0,11.138802279147534,12.477755109103079
0.0,8.70642444708262,12.342402646895305
0.0,11.066949584245963,10.112693135307426
0.0,9.300520617173635,9.30287450328767
0.0,6.745551880847484,8.659013248063612
0.0,0.09594295042712542,9.069072160677585
0.0,2.7850625802491287,10.161858610808396
0.0,0.6166757529785307,8.040215418960962
0.0,5.224000207799952,7.837526408007439
0.0,4.769374015548606,8.339923186132188
0.0,4.49017224022219,8.662788088166192
3.081507357807549e-14,7.4596856440259325,11.081236664092422
131.12645746619097,7.986130536986318,9.109299737817777
235.3992711372695,9.517979228849356,11.95550505719869
325.6098824323455,14.057948602583332,8.944451636191623
427.56419234388454,13.850109215276898,11.565956601012955
451.2817409283188,18.637303290048344,10.116882133004523
511.7996492113201,18.779654769195503,11.565717150388524
446.26709944354855,16.024506057871086,11.714101547814627
395.90718601428375,17.890244371918467,11.581919425681587
362.27009163069687,19.77713200831506,10.95589281293113
187.6823008453194,14.390059765889097,10.44337008914279
99.72733694810944,15.360533113608593,11.255661474133614
3.0257341681413854e-14,11.234859564751265,12.139696684916304
0.0,11.05275805126698,11.593559980655021
0.0,12.017851572969828,9.644394714028994
0.0,8.08053898566435,9.968714101487263
0.0,7.144071735459735,8.835847356043912
0.0,6.262253127888819,9.931064763291463
0.0,3.5804958831488904,11.19183772410442
0.0,1.616752598338737,8.467830925138507
0.0,2.1822122865370077,9.042137675957925
0.0,4.038395440272268,8.909096307483196
0.0,-0.2708487359375078,10.381232082563038
0.0,6.10000519188821,8.964274970154957
2.843512864554358e-14,4.359437541583833,8.793371322193222
114.2243944876065,9.742504734566673,9.893841890915626
187.9179132239414,9.87019341447359,9.458935042697373
315.1409686223051,10.744763418373381,10.267849917275145
438.38120562195473,17.78528956024653,10.693015233524413
364.7304182049286,17.70617493726956,12.61802201247442
365.6027232562375,17.197952188475302,10.364357820231037
381.38494968633603,17.753831052969296,11.272787808934916
426.5595446115824,18.964200814344608,11.913670390992943
339.9002681955213,19.03995704582719,11.005372298262412
205.00868938068197,19.639709471601627,11.892320510645817
121.18852662219376,14.98005330215908,11.5076815067482
2.5850871823931177e-14,16.766453809900447,10.683170313464323
0.0,13.890643904705492,11.90294312175757
0.0,9.436265561550732,8.954429551287397
0.0,8.757265478531622,8.864274620605695
0.0,5.8241270378508405,10.43261556801928
0.0,4.590834283091053,9.810273499151647
0.0,5.786193528492603,8.54383224782794
0.0,1.1336927303595918,8.412614619390554
0.0,0.6274603867515189,8.007233918977276
0.0,5.168204876707543,8.432372799982016
0.0,8.817112132467752,8.926459318154594
0.0,2.614798848801766,8.819562841868109
2.3696428290968018e-14,6.403661578346371,10.053742762745129
110.36135600404754,8.23275916493477,9.696849942053866
233.64419029137764,9.125583281706573,8.997496121726439
347.6333161516001,11.989236342905786,11.456246981957843
393.09759447397437,14.117720709934668,9.68663807876017
505.68127389611743,18.429698131371616,10.739405338560191
390.1673477478812,19.299184141353635,13.163587664332873
370.786332768628,16.03416180334635,14.204942586634855
332.20758373377254,19.987645089122196,11.448460768726717
316.3583927224263,19.696133370144864,11.491845331716018
189.22491243684505,20.66266651036378,11.541942517157382
114.79208875617243,19.4240948433154,10.799932001101592
2.3876966951992186e-14,13.472741151047511,10.497714582714895
0.0,9.271389834114311,10.976335027827469
0.0,9.62512118816159,9.800635697877976
0.0,6.600049189322943,11.869695128930246
0.0,7.289418896521959,9.670490573608008
0.0,5.5612747242667755,9.62654808332309
0.0,1.3828003936473308,8.566049736093849
0.0,6.739070415261905,8.291290074005323
0.0,2.587942358898748,9.097933889332012
0.0,3.098706112281673,8.1281812416063
0.0,2.601938139057644,8.842846718795329
0.0,6.123568465472015,8.948162486701644
3.031868547890989e-14,7.3496039456013085,9.336586055684293
110.42537917945798,6.07898956661235,8.039727869484164
237.7071129223954,9.019118958349642,10.505593987956196
323.0712285003824,14.052694664116125,11.897600029626638
451.1728132649309,20.687157540901197,10.09337066496164
410.99767154841805,13.275680161811092,10.46057844494278
508.1461818817898,18.10023859317723,10.623624713452536
458.23617870113304,15.796044752655805,10.370339449874969
353.3385719429571,18.491918948859038,11.444720181650899
341.49278583500325,19.023312514038924,11.699574580837053
246.85828179997753,17.36218537724437,12.286155047665343
100.78473954004042,13.58157894396808,13.164663487577696
2.3897846668354284e-14,17.66778323221012,10.324248936718496
0.0,13.202612704900586,10.451075556029906
0.0,11.687592953397422,10.76803357727192
0.0,8.319356490931334,9.478281717356642
0.0,8.466369903707859,10.321979226589296
0.0,6.801601242392969,9.915207741051962
0.0,0.9919395313131703,9.28013481928228
0.0,3.9543802899419123,8.42925577308891
0.0,0.8854566249163502,10.37243465429951
0.0,3.8717317921704146,9.49621296652434
0.0,1.8233740353158288,8.502590618927085
0.0,1.2580836446755934,11.252134186204927
3.21494779708983e-14,8.35804652766396,8.485084576711708
126.00319143933652,9.260316564838291,9.473863330565484
239.86605916791422,9.686594735185245,10.546326491346008
276.6654298359807,16.01734639585846,10.058152788911729
431.8507516322598,15.63428914825779,10.602878030502785
474.63280404761105,16.954757261588128,10.242228815293291
444.336305062206,22.336715046855126,11.252980481627619
437.71172774909644,17.42693903686885,10.608031397953578
406.3954057249318,18.450353769475388,11.021916273397144
308.41792665545654,16.109190400262854,13.221603387022032
234.4327383678716,15.673975690450222,10.609460914268743
128.24091247445045,18.965300846007743,13.07114308481619
3.2507981560333343e-14,15.679438219897278,10.553165827657491
0.0,12.398340060212828,10.975458971610923
0.0,17.38582585194314,11.040821098787735
0.0,6.7403131965990895,10.533451185457706
0.0,4.454411977019895,9.933769596106869
0.0,2.4543870905220575,9.042235606030745
0.0,-0.3281151008521963,9.210915801168339
0.0,3.705341725953868,9.766259549673432
0.0,1.7660888743270216,7.773703429589769
0.0,-1.3440189838134469,9.827205709033475
0.0,3.9607122934784478,7.92743311819447
0.0,4.478595103978817,9.29100130608481
3.0330268563053666e-14,6.347518571507297,9.121761856070984
119.93987907703693,12.540012896450698,9.997378040179509
201.43366574089174,11.233973971126789,9.633528557469322
341.1677270793358,13.544676407012973,9.887133955747835
353.21578492424857,18.60203853771165,9.601546246532724
383.34847405917236,16.60853505847971,10.143501483444195
537.2381008093006,16.151441543893156,13.65087232210636
397.7045430747271,20.133915091298704,12.016391920034112
452.74442680086923,18.418886517016418,12.764761299311338
299.34455584427855,16.438142358661388,14.077120783200133
235.42525652387044,17.107522403385513,10.654156053282374
118.3052234333448,17.775813645271906,10.853288290225818
3.0646943431885873e-14,11.127678891862335,10.908535857433588
0.0,15.384807292217586,12.38627867756911
0.0,11.860209205024322,9.934108246855663
0.0,8.714205147788139,10.566402652692712
0.0,7.063109151280544,10.388762763286813
0.0,4.835875083011239,10.070999395618419
0.0,3.4696767133682194,8.959747555987377
0.0,5.976713580115151,8.22126497872569
0.0,2.6538766642083047,8.482549759624803
0.0,1.6460430030152042,8.386598016567353
0.0,5.000959100294491,9.883954778524561
0.0,4.180569497608187,8.243045959287658
2.461629434112636e-14,7.029059428578071,9.364897837414869
107.03926263279679,10.159318704038828,8.479353737631026
247.55135505482534,11.715392914312561,11.238189685060389
359.98744620197726,14.622777616714796,9.463604223441862
464.7036049156782,15.938522268518666,10.871510303769963
526.938310140752,17.984826540678405,10.388037266603341
439.8413950369865,20.164709994628268,11.269423727470423
497.02876295933555,17.51005640936791,11.1449832665635
363.70788910483697,17.302808186451937,11.609082575074817
353.56138770742166,18.853459289488168,12.337440340569358
200.06117881619954,19.03271316313608,10.531299776628797
112.26599732567601,17.133246077654025,11.561255926049567
2.612039242631549e-14,13.343964570440509,11.17170123459338
0.0,18.330440177764565,10.03250519611577
0.0,7.698923034121319,10.039750211395543
0.0,10.759517260152919,9.333602773037198
0.0,4.142557055930938,10.821940989267961
0.0,5.617040583274203,10.763114253070519
0.0,1.5776975282413819,9.554913039908623
0.0,2.155226692371011,9.96027012331352
0.0,4.728765416781664,9.144305998600146
0.0,2.5246653304070765,8.8104071635363
0.0,4.139511950698565,9.757432313451751
0.0,5.783154386898169,8.505901662147672
2.94648161417281e-14,7.6897648636162454,9.981157522426138
139.34089127550308,7.255298021227579,8.568639071631484
229.90215477503276,7.5596739769283605,9.12232965450112
299.0254506849352,10.99702691851791,11.240466025756653
404.13272414612464,14.386158728568471,10.372313686337469
397.5451151949531,15.680076021760312,10.697093592764716
529.4412801492776,16.433496596459022,13.100146227127071
514.6476562388979,19.57134305174825,10.7247721489642
416.03646817757465,20.55243803273528,10.26461218255197
295.7626221780674,19.22552491716173,10.93712693578974
204.07814801799339,18.167386910533146,12.141855479255181
137.93388698393514,17.741619860045567,11.457898321452118
2.5946773796820287e-14,14.575336063469592,10.933998426918249
0.0,12.058694572455787,10.744522369865866
0.0,14.85662581744888,9.238411102972787
0.0,7.357146743537866,10.279486339958465
0.0,6.988057406585779,10.128919250314581
0.0,1.784554431578588,8.835165194886784
0.0,3.3678287412670658,8.707155576656898
0.0,5.248160584824531,8.37078018959333
0.0,1.0185187905982276,8.81402130963312
0.0,0.28345605406175656,9.373852120289522
0.0,1.8111516631591775,10.154759650492585
0.0,5.921306935749707,7.696638909173527
3.3859787594698136e-14,7.392104209273531,10.363638945484436
135.25128912598495,5.898619843426481,9.082182707848384
214.43780980164092,13.68436145749516,9.62804734404402
279.7168232128746,13.179162741749975,11.315301378270366
396.9507019417155,15.620727926031455,11.433841062703616
390.02805735960675,19.117378183579632,10.019877354562118
462.9365265897351,15.842061903132818,10.619317066773238
492.82952548666924,22.396246606765523,13.881091285741878
469.41466731010854,17.229560347102286,11.641705586752837
347.15631254768164,16.301246741690953,12.16371510775785
220.142250217373,17.73312745294552,11.502849088017879
138.42443070141368,17.457703459627265,10.269843511065295
2.659991709186846e-14,12.945431800045172,10.094493274697145
0.0,14.920974595097295,10.309309366455231
0.0,10.069799623676007,9.572843112268728
0.0,7.84987870044824,10.135261964246789
0.0,5.823832153940542,12.090249872587238
0.0,5.056113426989479,8.678942705953759
0.0,3.262935707908131,9.362462881432734
0.0,1.823079091885514,9.913387006994661
0.0,1.9665491550151313,7.808086257307032
0.0,4.283328402447766,7.455606420289491
0.0,3.7623466336664144,8.935341972685585
0.0,3.328908554490272,8.560303663197496
2.417343643844192e-14,7.503281010140842,8.539781205059779
133.9926499346892,5.047160929236347,9.659578104718522
235.81721862120048,11.783602789888702,9.37777169373868
345.469087354142,14.089097971118658,9.394061471795828
398.42158993781885,17.365442271666332,10.27148636354808
451.5473885912874,15.271847348449938,10.290235694770052
488.7125875997576,16.839988688662103,10.430956306606655
389.3719197836892,16.47274883073866,12.511844343997236
393.2711502080923,18.514936416957905,12.545470585082358
322.91870152052087,18.835635512380353,10.859923670733945
246.56130377530744,15.486876340205422,11.28005965900997
137.50645111571404,18.067784612982194,12.339200423218168
3.436395383183203e-14,16.213216204761157,10.455760498125485
0.0,10.875034135260625,9.980870213854537
0.0,12.538830858935846,11.063950685235481
0.0,8.707799153363844,10.054530890144662
0.0,9.144214532715983,9.83961866478812
0.0,5.634515645344314,9.530872109366772
0.0,5.581125448079377,9.272826232817794
0.0,5.4722097721977665,8.053194502080249
0.0,3.3053445290742887,9.66274693190655
0.0,2.8586603621001276,9.235348659223629
0.0,1.9942992471782373,8.083895384768734
0.0,1.884029419701081,9.347336574593369
2.446957750196429e-14,7.002728810764457,10.000723170394112
107.01279353523375,10.850426170966553,10.229649827703787
282.3556261179435,10.817594642694274,9.872665457913747
302.72405614455164,12.388254922076419,9.155031429731403
485.45769805101355,17.27985054826243,10.673373987238607
464.5224107469307,16.69818638675392,10.614324175922643
413.5347330428482,19.628601521495206,11.24890084994867
469.5685955248018,21.25531239859513,11.390520797196052
354.85479072951733,21.588986673680424,10.674186567938378
356.2658385021118,18.346441593247384,11.837398930862332
269.10394949321426,20.0648527297834,12.121431899519221
116.79323667365036,18.29063938510731,10.768301915408323
2.6353215998731573e-14,13.010879307854522,13.436361905450584
0.0,15.284466527938811,9.775231831792066
0.0,9.73858351854449,9.792786628773888
0.0,8.280766485109275,10.684662808172384
0.0,9.86426158410522,10.10938159918864
0.0,2.7462052912463983,11.171527950707471
0.0,5.173587855819025,10.935754717167075
0.0,2.3474791566524527,11.817734304353348
0.0,0.7881738936904346,10.618146775360286
0.0,0.8011045556304062,8.121650139109091
0.0,6.487107670072397,8.689173653793777
0.0,5.63508062556707,8.212285113962857
3.196068513260017e-14,6.124315218215072,9.558517879244102
123.00511729587498,6.875737952741883,10.518983724918076
214.5181201985683,12.075193152713757,9.2415192373126
314.86323891907887,13.433377326420267,9.809704684791782
454.9129658038714,14.557623330001752,12.512499170585425
445.8120529806116,18.751323467496178,10.750730099187987
503.06929043691207,16.658235345564474,9.89294860132351
403.0955081391276,20.157367155341365,11.435352633243012
453.9932414854534,21.598172877759062,12.45717836746506
353.092307688359,21.514172080136632,11.74193006602431
233.2764646213264,16.305115757129457,11.062589250801707
113.4047261622485,14.828995892590843,11.637760818981437
2.8350083369802582e-14,13.195686265594434,12.589133285814817
0.0,12.461353848093744,11.130816224386287
0.0,11.788548594851902,10.662593577689272
0.0,11.333261830520623,9.131259942929923
0.0,6.116839847788411,9.182109019437956
0.0,5.808586737173895,9.358195769321462
0.0,3.3235469559790363,8.339079579308573
0.0,2.349945162409738,8.378920976087814
0.0,1.6567593963463407,8.975923883241318
0.0,5.370843226543901,8.243273968813163
0.0,4.202290397902647,9.08863879972725
0.0,7.762920439175954,8.496035046814159
2.692297870061966e-14,7.572439714848339,8.393334341257102
132.71516119827976,10.17052992159949,10.0701595376402
270.9419157663582,11.308285601106437,9.838315859400167
378.8689827479372,15.179319875423735,11.493303208474863
428.93717174250355,18.037079799684165,12.734725495072446
448.57896351221376,16.14805524839648,9.813927740471344
559.7691718054009,17.901795447110374,10.860915380592617
448.32935105563325,16.802845474035127,10.864593982307124
497.7329481269125,16.46610513551499,12.725044934780804
296.1825325938197,21.726384945404877,10.496258461381398
283.91749750717247,17.490359602959813,10.373872564613935
139.96857799425305,18.01747512095575,12.684911993568221
3.034118419006198e-14,12.545245467329007,10.567004541958202
0.0,10.830140785833382,10.758545506200388
0.0,12.174718908268153,11.816453668103971
0.0,9.102382845881134,9.194757462348083
0.0,9.329228304259825,9.347286675469533
0.0,6.330315558057884,9.428201399211424
0.0,4.166841262395983,9.203068721657027
0.0,3.5522905023101297,7.605839538431288
0.0,1.9168239265332174,9.922291253253311
0.0,1.730725284218407,9.118665648876652
0.0,3.6250298575480215,8.949652103547573
0.0,4.79743488182872,10.704893789908153
2.530435124865409e-14,7.906441167883377,7.675783075351084
114.4735270674487,10.193763536092895,8.92213617918107
205.29946482337354,9.33597241793175,8.697718842079812
367.24840004956263,14.883889621109534,11.352963899872973
367.6689962535259,15.364197206882329,9.1496661907073
526.4302788411776,18.474076886603516,12.198132032386495
449.27351587460055,17.43989889652478,10.86939157601109
505.7532924414867,15.26951315788552,10.048160946086274
484.4646532300771,23.600163788684203,10.771735282918847
356.7790168066551,15.167778601108404,11.023599874562503
249.20527307188553,20.576027359716946,11.065019247536936
148.58989688477797,19.065052888926537,12.078617277539372
3.030578367405675e-14,15.873884186346494,10.414827956465059
0.0,11.982169023869059,10.74372943936474
0.0,14.149940693407636,11.49862584856896
0.0,6.6355585242514685,10.031306734139793
0.0,3.837898659339163,11.011162547403334
0.0,1.7181452306198715,8.694037587531527
0.0,3.9147622029220726,7.752981741007279
0.0,6.1173542131280065,10.924620302109126
0.0,3.4855536064114556,9.577179054990209
0.0,4.134354826393297,7.534921449639006
0.0,6.286951079582594,7.9136737406855975
0.0,6.180556571373009,9.35108200890287
3.291923217425375e-14,7.935666710261152,8.877495839804157
150.35949648922104,9.716634552412119,8.535614631441732
228.11552156667645,12.18771836005009,8.736681013639574
417.09909748133475,15.081878483335561,10.632056822111716
461.54499169546466,16.39632509060012,9.190441008256022
456.4336024709121,14.629745647959338,10.672337594240586
440.7436367542502,15.816044967407478,10.87909228536277
520.4299644777943,17.624424075465413,12.34662999039355
372.68454783673997,21.312690385181565,11.986852447715432
400.4903917435862,16.60717221577388,10.848044164473428
269.01421451193306,18.442820433466657,11.277320504009886
152.95890075189982,17.255535026169497,12.951338826098834
2.6667510949404565e-14,18.03421924376388,11.915901571173208
0.0,10.316583629021856,10.299301108379272
0.0,13.205058934944278,10.305472531712066
0.0,10.291640682522091,10.10406114158272
0.0,9.61082017797326,8.464433194466707
0.0,1.5384956060656618,10.745597784226865
0.0,7.294176491527295,10.196528669292235
0.0,2.2366080340793575,10.901955060547621
0.0,3.8313095666565467,8.299348600353165
0.0,3.1436733703424897,7.963622365839836
0.0,5.7325126144036584,7.97806342099912
0.0,6.554378682769247,8.087199205827
2.6791564378374932e-14,8.777952867405086,8.055504470298704
109.59529089845655,8.670290322095482,8.919005539433115
272.389736152399,10.40849941484499,9.351523054055855
326.60840273252404,14.112744275584028,9.259269233361263
402.2622756091663,14.222456726801386,10.219168757311582
539.9306738041423,15.409924153761132,11.844894644915676
524.1672897247017,17.7175403136519,12.391695127007235
497.45838939544973,25.105348158798364,11.265542605592398
504.6886563297584,19.67402271855005,13.808568564645629
421.07480468882613,18.200342663044744,10.412740715604832
248.07629170255424,19.333358788564436,13.306033059975379
131.72262192216965,17.720611066762967,10.736649011628431
3.330878406655255e-14,16.833133044327813,11.121462079904475
0.0,13.071724454235826,10.424716148862737
0.0,13.202339877422618,11.355563428719403
0.0,9.617750504355431,8.85311779867379
0.0,6.795163247276298,11.021937778030356
0.0,9.303555390667173,9.784182051862096
0.0,2.535440580969273,8.572816491401884
0.0,6.348086653937772,9.29605486167216
0.0,2.6878734553448584,9.716209664807407
0.0,3.317931407548328,8.419437297261556
0.0,1.8122881764780572,7.7198038448340895
0.0,5.340207257954246,8.531535922620646
2.904793618180146e-14,6.583997137753574,9.51399833193176
148.18062781114338,8.044552970809612,8.459226593522619
272.2183864307282,11.993046418627014,10.91492464053874
334.8428718774677,13.685956512659004,10.010449928528608
474.0041725433755,17.110902097433197,9.289783174615302
485.56081472508447,18.81632407590713,10.214829186662058
464.417803081218,18.583969748583016,11.841020133054034
424.32381886916545,19.95400019399202,11.124522508362412
463.82416972102607,18.694393474571083,10.413080782837524
373.11743719487094,19.275108028962794,11.386534134116841
239.59292077937872,19.174687669701488,12.875734698786218
138.62252873699967,17.20777416067612,12.07659523990775
3.3849165223753897e-14,19.34409836428693,10.754450753901436
0.0,15.973195086400331,10.479750038182962
0.0,14.326700557421018,9.512702614622276
0.0,7.627210930170054,9.21065113227374
0.0,8.35924833171986,9.764264173429973
0.0,6.195906172052456,11.954513148653568
0.0,4.63826150276561,8.073847522253553
0.0,3.4523628525637626,8.436557410926799
0.0,2.2744807089509953,7.622073540026043
0.0,6.662683718237693,8.572092059787614
0.0,6.169049225582027,8.92973186104884
0.0,7.60175471286756,8.636914341316677
2.7352535815744312e-14,7.5029703258222336,9.898838860374
134.39175615910034,6.513239271880757,8.644578215565106
235.37136116077338,8.546980142480066,8.51104869750926
380.24071406277767,16.824920757975317,11.987808128391542
392.25118046653733,14.606505331896402,10.147478508896587
544.64130144201,17.686654613767814,10.630615037345047
484.8129754663203,19.450628601319767,11.061248666660944
488.68283440813974,21.153069687266978,11.004435696976337
395.15861676244265,20.314545210847534,10.415324871291508
424.5904311190337,19.296946657033704,11.76064087138153
303.81591451345474,18.00619844677652,10.80842957372265
117.4035082059581,19.962721058773116,10.388181300299845
3.480455414695526e-14,16.023699575082702,10.105142864596246
0.0,12.9409712025431,13.517302811159958
0.0,11.044713635384545,11.30454944023288
0.0,7.36812865276146,10.069020945888365
0.0,9.041253191334539,9.478936849433925
0.0,8.658326543825446,11.70319652824669
0.0,4.833574177374631,11.638813794933593
0.0,4.067614360129098,8.570674991933913
0.0,3.3764960578308534,8.642749373536985
0.0,5.561428083662144,7.4763351683896575
0.0,6.494367327779267,8.499622648388668
0.0,7.130507988473188,9.673615870534352
3.7185970635036756e-14,11.303406507952428,9.29734893197908
127.31223622272293,6.982286382281634,12.113288147672407
262.667943727049,11.451580556496822,8.386496022657004
341.8336907794696,13.256575710106956,10.103741382474754
519.169947614134,18.40362954760235,10.312896285927167
564.4127171417967,16.06663355114939,11.033426158470773
433.9072880638455,18.298364883357852,12.580878860797586
509.70863515841,18.673609205807157,10.715240879621764
417.8557189319257,20.53312626092557,11.045016268169777
346.1119384067509,21.235341614304602,13.891220348007742
269.8613135937523,15.857298571581067,10.791574589317069
152.9291453665519,19.454108694483054,11.032929946831606
2.6528880162622822e-14,13.662530203824227,11.767186547557444
0.0,13.401455912226536,10.046134712241004
0.0,13.138324381959272,10.08043286523634
0.0,13.101622235780983,12.017961282336941
0.0,9.43717251632356,9.249687657862076
0.0,4.373099828505865,9.474436243950942
0.0,5.852656224587191,9.306095860180998
0.0,7.801076047046822,8.827226497642602
0.0,5.536526977832759,7.497404010872694
0.0,2.4746209691115686,7.652186661097965
0.0,4.344952287874963,10.883949962770666
0.0,6.277635807597167,9.677206050021134
2.6824465608358852e-14,9.946645879171541,8.916670951008035
137.50170809947747,9.168555911859734,9.804313787340293
263.31382839988083,11.778753672818672,10.150052381543894
382.2410741523018,15.208621590772498,10.276225202424405
469.32664049321266,13.655356987043628,10.09350127569225
508.821195182445,22.482135779312877,11.032155646290033
555.0069630955909,17.995612647941623,11.941399093695777
499.3435933291639,16.49704392319747,10.85173755012877
429.6795220643878,18.652465245772756,11.535168515834414
333.8309952637081,23.64692990386088,12.396661355634269
259.53257310065953,19.885099628887165,11.866235651823558
116.31055994603093,15.336914136602877,11.837159800082974
3.516774480682982e-14,14.359415780616281,10.771285710421076
0.0,14.68447757787784,12.284372015924818
0.0,11.562356182968818,10.369364748490682
0.0,11.899403960588078,10.534205876637449
0.0,8.746426035245342,9.882710664331835
0.0,4.8523613245184,8.831965193325427
0.0,3.5161971505572795,8.082377111356434
0.0,2.9346491718475294,8.386759081066327
0.0,3.8692817171889704,8.04027117754315
0.0,4.1341603510818015,8.53716763966462
0.0,4.7302089060889285,10.294857473351911
0.0,5.136981930250972,9.12327924322969
3.6985113710397895e-14,9.550949541309807,9.576280554513328
140.66651539027924,7.635395593860666,9.533806017479783
264.3951779896859,11.958256159110048,9.755616229924447
332.5878578134446,16.02837878502489,10.764914107266272
387.1057827061233,13.911181879367309,11.099842170310842
472.6645451253872,20.091775247760086,11.127986565325296
504.48618839143825,19.282356700727085,11.232119205347882
511.55456487838956,19.77153322504391,10.804523207414283
538.9928987797865,18.4430849522003,10.264773596425455
359.9791451445036,18.57547196784532,11.12248181821752
264.0508044872902,17.607584375488525,13.17245556413804
136.16303776814766,14.847051432764744,11.125487337925854
2.9121878563666224e-14,16.987921797465017,10.296221764901732
0.0,16.97849070271598,11.85584832314382
0.0,10.865390644646498,9.509482331914697
0.0,11.231959228407584,9.399385336560401
0.0,6.239986132008844,11.296286943230275
0.0,6.7704163354414675,8.304659617347788
0.0,5.274210129906856,9.632761996706543
0.0,5.275623061378275,9.99631197286995
0.0,5.128863140889551,7.8557847779095145
0.0,2.987665179480404,8.5368357417215
0.0,4.504367861441846,8.276293684233314
0.0,6.02517261328903,9.058015251404887
3.677838652079447e-14,11.549705337778596,10.934161902931127
143.78201689946886,10.666547569758938,8.029789924647986
307.9913819923796,12.657981212212748,9.692205557764693
344.11272210760217,15.712461236249117,8.574905926177733
508.4426012709118,17.904413875776775,11.330271131793001
454.9310256312211,18.337349618278555,10.542059026485202
488.0463615863807,23.55404120893663,10.631086613632853
557.0767779738385,19.41645436901767,11.536797667601167
459.5599426265708,21.392687166494827,12.582968631052406
400.05340612472634,21.12311408430548,12.531915100763886
230.90912406611477,17.53149057631526,10.979348218168662
119.09703789568273,21.186662843621,11.590298580138096
3.84538042719638e-14,15.959838036938217,11.081867941669085
0.0,14.837255695298543,10.23550284557302
0.0,15.59308241340251,10.996182176786485
0.0,10.555980016945664,9.408317400306903
0.0,6.072538749008962,11.55146635797537
0.0,6.682071448824607,10.193579380282287
0.0,8.122554044064483,7.59166624973148
0.0,5.004578234356542,8.904821682182003
0.0,2.399993362933961,7.720108184591068
0.0,4.2425662871491765,7.823490087248067
0.0,5.547145690136608,8.285612585764259
0.0,6.249343424987818,7.392318190991816
3.510227024174125e-14,13.007286966663994,9.302819529171199
163.85246605828155,8.491061123817142,8.875802069438205
307.3920378118959,13.824200046488617,10.153294661367081
450.48302666943493,14.331403148731273,9.534424788745262
454.10063410024725,17.49268146600024,9.99847187505907
587.2999716241276,15.283071125058541,10.71968971001667
553.6634311059071,19.18895190468807,11.831562905905198
458.0924081500533,20.36586755351235,11.322244660727714
433.2190214988681,22.06813502439671,11.052925252735744
418.27345949867424,19.33745981466923,10.762961747371389
292.21903529407007,19.04031572870768,10.345503105538624
153.9363293562494,17.330714920210525,12.619163732846271
3.8217434335048344e-14,18.95111782736033,11.636151343254877
0.0,13.88161005895951,10.004820024580095
0.0,10.179659915538505,9.335848698871514
0.0,7.796975549133231,10.975715617358425
0.0,10.681647205489861,9.520146776963927
0.0,2.551308130977583,8.716130836566528
0.0,7.000677162263912,9.364131970637537
0.0,5.64434230989335,9.498193708487296
0.0,7.644289791162132,7.646726859865903
0.0,2.4602986917365457,7.452470692149388
0.0,3.6905604393418883,11.080880061588111
0.0,7.205858395429501,9.257853600345824
3.162995564668655e-14,3.4382313735550047,9.643572878968167
135.53857938613532,11.333198796725,10.591460850913682
289.1208160887865,11.099027144656805,9.788938908277988
404.1492517670977,16.884202325269605,9.337833471726622
555.1637449058935,19.821429834456925,10.18305736428045
512.4043544065844,18.632399443995205,11.643511264442921
625.9149406997399,21.662068689234566,10.930082627691789
613.5362271497083,20.504402471279036,11.827330902267937
421.057777586798,21.65654097329001,12.267836667105032
362.3197646179856,22.26855462249446,12.620373638101098
286.07709897008635,22.057935916930596,10.616851491730761
140.67882137921737,18.441111787997446,10.957138781987663
2.944002843069323e-14,19.933992242505216,12.048455182813713
0.0,17.756287314887665,12.320022508776724
0.0,12.766285573117594,11.09403414565717
0.0,12.525993886964297,9.0417199751877
0.0,8.79585326742167,9.70059343839123
0.0,6.778795581742411,8.42422695361809
0.0,4.178234229591634,9.442558066517641
0.0,7.62704499887844,8.221205441062509
0.0,0.9102587063491638,8.091381402482583
0.0,4.560142645037179,8.609743120198983
0.0,2.860237669908385,9.696684239142387
0.0,6.39895946488816,7.556955311564151
3.955775004247913e-14,7.888320956919034,9.223558288461838
167.94653931673406,8.881781098191896,8.504067084546056
278.9584259100872,13.970072784680427,9.337213120447382
457.19660477124796,14.022031507778198,11.410079469939237
443.6901275367151,19.31840312487109,10.636421948476949
478.3108498412016,11.870800753249704,11.255769363260372
550.7447145133793,21.396726904302902,10.111969126664874
476.14690415400685,16.44334483808825,11.501675131928232
520.7109784289509,23.278255001035706,11.20217717504727
362.91556643779523,20.619689889333593,12.59212305144759
324.60259321962855,19.9080463881251,13.242345594171335
164.96537180890857,22.265886684102412,12.267347815791052
2.853917110731608e-14,16.442960641725094,10.155597889588444
0.0,13.425282694185581,12.102869668319546
0.0,13.241695178729579,10.83403093061078
0.0,9.140776386556539,11.297340336704986
0.0,9.27006655344114,8.984798046901785
0.0,5.810795570691031,7.80028347760017
0.0,5.81877630569047,10.49297775716327
0.0,4.783498054060835,7.324074392272977
0.0,6.6028626536727515,8.252000226730129
0.0,2.7419508823679757,7.715880264097661
0.0,7.221284443641734,8.371790689858447
0.0,10.399827091437643,9.466859316752235
3.378022838983991e-14,7.816899134302734,9.397147002759729
141.44298688715983,8.748517152098515,8.47888756434343
253.52673422698066,11.629253125223542,8.685786187271024
451.5097541329526,16.570485382221417,10.357988365552043
474.4929214542433,17.476253002328033,12.87035757888469
450.41497772303825,19.83423282937757,10.224615307450462
578.5360306252029,20.334611128444124,11.765531215032862
630.1487464524871,21.084212300653697,11.09696833434343
498.72082720463237,16.477707566502357,12.164044495889016
382.13122253809956,20.203495673268087,11.39916098522937
301.3632260340139,20.51456330085231,12.263388749136148
132.65885596929425,16.720746859042364,12.658376625551277
3.319429523828002e-14,16.36533655607553,10.997903797636475
0.0,14.72659954550095,11.51695189352034
0.0,12.670619094814304,9.878539584042727
0.0,11.316261426165987,11.369970622742962
0.0,2.210406916826093,10.365728620517979
0.0,9.224892646521212,8.952665730102014
0.0,5.781966935814579,8.399766185029657
0.0,5.436879347560538,10.395939157917972
0.0,4.891158565497211,8.371984794291638
0.0,2.0256028255640004,8.693969950793862
0.0,6.673070677092205,7.058876799976417
0.0,9.10844509327336,8.248529283643869
3.986215679823923e-14,5.15520019612019,10.298292752051971
144.66873569893795,13.147018438501625,9.322165946674446
246.71243695036014,14.86764153081799,9.918181770308573
469.72782149632843,10.43810828519183,9.023302641277253
502.2765780441857,14.88408342882285,9.150566045767267
532.5193995599476,19.158111421259434,10.059930012425257
633.4070253993522,14.84668909472607,10.923748118185058
469.77950501397294,21.361797403530524,11.314815325563456
531.3993499020746,19.727516764422365,10.827898917572995
461.04055535999333,21.785114779333032,11.214350127597793
264.0594417811483,16.303959116442055,10.896473553307327
140.95673509953954,17.124787364155704,11.945914495235133
3.8985568471562693e-14,16.565309170383966,10.74041724485113
0.0,13.916848418160264,9.611270427359255
0.0,16.73978459963458,9.065014777225905
0.0,8.520320226659459,10.73172589415955
0.0,10.62626476131495,10.448456985097984
0.0,10.84233988929099,9.339245809507057
0.0,7.074527559701702,7.7949345901273555
0.0,6.1137613236189035,7.583131569389401
0.0,4.610518588170041,8.072100169769296
0.0,5.389514558661482,8.129585519853668
0.0,8.008162545165678,7.889530823137648
0.0,6.013814154949056,10.151495685714433
3.8005456719396576e-14,8.61725092054803,10.755061832270018
171.14419636109233,14.081729716201075,7.963082081031804
277.00070594118455,9.189253414940568,9.618629065958375
382.3248016491072,13.084932559551003,11.452903160405096
445.85458894687883,17.358046548953872,9.861745094865618
482.6583496100607,17.17247174006943,13.343691672270099
510.73960714418354,17.85945031415307,11.058773982646189
509.11086411967466,21.778655980135696,11.721837872592166
411.70724641228753,19.086479072551377,12.300552180743926
355.4870659501656,23.525512966883415,10.373618578986003
321.82619726728353,17.169152054258305,11.27543073386364
163.20927666331391,19.49423024334766,11.787248825811766
3.625725832807317e-14,18.270575661433295,10.090807487077743
0.0,14.142044048410849,10.50884535476518
0.0,12.664809366196174,11.975400148574218
0.0,10.031832653026385,9.513484995530405
0.0,6.3359060569458165,9.35819051176693
0.0,8.971708400920413,12.135097220292938
0.0,7.632703905482615,7.8788457342845115
0.0,7.404616923269749,8.72672366945683
0.0,7.2069594698262405,7.538049045177727
0.0,3.8030686896859764,8.698393193876754
0.0,4.628024984382731,8.072450384417017
0.0,9.263853022950306,7.746433908460121
2.963364405144923e-14,9.96869581923051,10.512658953219535
174.25219901778317,10.567957578596483,8.137947783383527
338.3811338923598,12.51493282678187,9.472451592699688
373.36166311383147,15.582604618889787,10.25927015815702
532.6338081596251,15.063548349231166,10.953176649172576
598.4529341707906,21.024409655934786,13.288741068463352
509.468497396213,24.386147468183868,12.196208827398952
461.557664832352,16.823303024881003,11.026455564448943
523.9310052431608,22.195319622175997,11.510057365858055
409.07388147459653,22.13619522482379,13.65029357641321
336.90724634185017,25.200671963543158,10.140392884582724
166.03202374692637,19.36277700292301,10.663698789846531
4.08681118809803e-14,17.407965942155133,11.15506043737918
0.0,14.928874503634455,9.899642698077413
0.0,9.87965797060628,11.251765187258982
0.0,9.853051925839534,10.36613484998714
0.0,5.780739470420124,9.640540732898105
0.0,5.794206258368855,8.54570687730697
0.0,9.736068983216004,7.660864000882905
0.0,4.364881888694297,7.939272901389236
0.0,5.451027238830604,9.342000729119192
0.0,4.364140400304883,11.353166260231024
0.0,6.869146181187398,7.742262028290665
0.0,9.353589243579414,9.569703668349833
4.1432298035209907e-14,11.174261301467027,9.0956881317758
137.17665303113483,9.73553953090786,7.771966703067015
324.46817006668596,9.566268553261509,9.934378932938493
392.732899215036,18.68016671722133,10.096936622559404
491.8526389648002,18.993845789468004,11.098051596455326
538.9572470300296,19.57600113375759,11.594912311383357
500.4070956612766,20.656559914768447,11.813970326527185
489.8197065353876,24.522345359567268,11.221881710173008
542.2082179197234,23.41015279321091,11.305038262820432
432.8532036087986,25.5209210446057,12.601128783973367
317.1957984493533,19.513421827239135,10.641230957896783
161.33062033046676,19.019278553904492,10.30532086686914
3.548778998696011e-14,17.259070570045704,10.748268107278136
0.0,16.709578230083515,11.70678176509247
0.0,17.674333934121282,9.807334060404797
0.0,11.644961581152991,10.73504262301785
0.0,5.304742108266851,11.2721991142278
0.0,9.02290174931064,9.755074713203964
0.0,5.517721369097837,8.288783206343403
0.0,9.779025485325278,8.958986574920571
0.0,7.248370207040706,9.983910173746523
0.0,5.496332276318112,7.368544377339086
0.0,5.364532065136532,8.104872767441934
0.0,8.801391307602785,10.234975747945693
4.020484276492896e-14,7.514048828197095,8.896652120369502
149.02477068918935,10.525131766517516,9.188038199320545
286.31284957594295,9.197209287410256,9.000898574423097
402.8910771384822,13.946417300597227,11.47824499302089
583.5941538212556,17.541219141595526,10.582996022065338
559.5008890766886,18.695608804534185,10.419904894833191
622.1732756020737,19.42152100286692,12.45694398609455
589.0010110269006,20.90250518566397,10.327251590412356
562.5603428102993,21.34203724894187,11.217132777829809
456.0115362404228,20.739802637314423,11.266039547527829
281.51445884508223,19.092431386218035,10.495437400455199
139.9104758971388,23.26436336765299,10.461311352881694
4.121148561927252e-14,18.262957113023365,10.717408264181895
0.0,12.820666510995567,12.324865589783897
0.0,13.778721866034303,10.169052552815362
0.0,9.59360326240826,9.641587139396572
0.0,6.698475716462564,9.183996627252053
0.0,8.695141248842596,8.16841915722233
0.0,8.032479539711467,8.430793771343678
0.0,5.351659509993831,9.889482020757278
0.0,6.833641539216498,8.83105256665727
0.0,4.475527784615663,10.109639480907266
0.0,4.6550828290761235,9.132249739159496
0.0,7.914785320741044,8.828228014937654
4.0929553731437146e-14,8.907323103197264,8.523627486777048
180.94848603027646,10.68558374825994,9.583483945970409
294.9217952792959,14.772094353871102,8.879840648239867
481.9850381625394,16.98158527378814,11.70171049043001
559.6584917788559,21.58641323993255,9.223068499756254
500.4681858600643,12.398788796865986,10.650225561256164
647.5625043168282,19.87870464862281,11.57282981237559
518.370896507509,23.62289470223073,10.950262029643222
598.2673083325559,18.506547142857645,10.905982582273229
444.4207875168919,22.904624351876834,11.901619344532534
301.68448243288645,22.088435100458316,12.76356892354758
142.98622142026923,19.02432082910499,10.910146070461876
3.711744080600808e-14,18.21828447835209,11.10854971394599
0.0,15.704913922142815,11.16640891636989
0.0,13.141324201401217,9.647882588944755
0.0,12.230698608258741,10.145894589865726
0.0,7.431936514666537,9.317675036393517
0.0,12.496283996808781,8.826606095891583
0.0,11.958395714005743,8.427468781693364
0.0,10.816079774466179,8.42761913625871
0.0,5.6806542998615575,9.407178853295502
0.0,4.936426435955609,7.649928636396498
0.0,9.056524525928944,8.837874289368166
0.0,9.175712506417609,9.181610432670212
4.0233626650168196e-14,9.608334694421123,7.827988924051391
147.31557090430357,11.026669714656126,9.001456690588824
274.7018396563462,16.322137977096954,8.974503327578804
370.434281683504,13.024642841253371,9.811112705475313
484.97608337861317,18.651633834885747,9.341275988978246
585.3071697005138,18.82757819287259,10.871262853586616
507.27346416487705,17.738067889726945,11.460787645552056
498.758024240855,20.225289576586835,11.24080801792016
548.9984004068086,24.083591924012975,10.947540396994215
380.2345978101692,26.304222106000623,10.717300626088715
328.85153085604117,22.991315153523793,10.71903085394841
154.16477237679487,17.0528832706081,10.765870097735379
3.619556557629713e-14,20.444252576115794,10.841713758666582
0.0,15.614881748229827,9.84113855958589
0.0,13.938612744290111,10.118794771288115
0.0,7.06162891736767,10.577593965449115
0.0,12.169751125035987,11.709068187440764
0.0,8.653525548765753,9.184572419736755
0.0,6.329099703601109,9.517131732013532
0.0,3.832919306197772,7.808542022886177
0.0,6.909904947821882,8.668644812726331
0.0,5.778283364734,10.544796881778836
0.0,7.669820710708666,8.848163384620864
0.0,12.01137886641996,9.549808797030732
3.7033634424287295e-14,12.932790212918373,8.690042332153084
134.2021273277699,12.090944036991628,8.477204670782088
354.0433220662394,16.073293175346322,10.986594592641312
446.058895191853,13.454172061688439,9.329299933400653
448.2165819010502,18.704228865264323,10.747343230399714
592.4999998710858,20.740011120983873,11.442857960493427
600.3547401855704,20.233001377872004,9.80626544964509
592.5725117312359,22.459027478195097,11.294610519600042
584.0983710183456,20.309666637315907,12.03270362276781
483.81627690841515,22.10010694927908,11.838117943768554
333.71699906518916,23.58924497641812,11.277361335290461
178.22522958936423,22.63788284553709,10.756504519755662
3.066005148359341e-14,18.38481898803691,10.58710881468406
0.0,16.982435662469094,9.82105749724148
0.0,12.240806557381296,10.934187883026603
0.0,9.281107098193289,8.937363311710204
0.0,10.662096888203422,8.879703017413094
0.0,10.995006717876683,9.169166600675837
0.0,6.8402350583718725,8.716506793200587
0.0,8.568090826411701,9.320234766391556
0.0,6.140591556299735,7.677739726638073
0.0,6.803006440704832,8.45618288262972
0.0,8.144598753737675,8.15030915932052
0.0,6.041167594962386,7.7026683772207
3.657443053962329e-14,7.566300050500869,8.54917280615309
161.58925444655074,8.28296319869607,10.1659185960713
266.5580215247476,10.77584638253777,10.17391565657022
508.79569652258976,17.97318858250357,12.995988166298918
469.55684374051935,18.199045608531815,9.880765224328652
554.2530572660825,20.640249150582918,9.700777847097122
533.3733821347028,21.426097061729223,10.850562045876831
541.6905661653645,22.117782229171556,10.8590598668576
492.13927307806466,21.97494844338204,10.639706135594649
394.1366551238939,20.27146120892859,10.123154260134076
272.22667022715615,23.62015478612243,10.789670453204305
130.98989253400694,17.117737316110556,10.139985379648346
3.553962582098444e-14,17.917029302446707,11.459551057098565
0.0,14.992946175591564,9.950181900374703
0.0,16.66198786176621,10.086316066666292
0.0,16.263761893216827,9.134762090748607
0.0,6.20621910908192,9.808588149522272
0.0,7.15066976702755,8.266459835664604
0.0,9.763596608183976,9.241922242813944
0.0,7.372921461765175,8.04778098001179
0.0,6.5743279950504485,8.972648006966681
0.0,4.294829584594678,9.149986050441884
0.0,5.4526032820205215,9.17577025057015
0.0,4.933250376310321,8.597513231137134
4.0865107810982323e-14,12.97971469941178,10.705944454017757
178.67264660209307,11.82381753804468,8.515577005082752
287.8947941592428,13.067171734117915,10.990133741057782
492.5214393137111,18.58263796625875,9.145427637980207
518.2933990571391,19.38433523178342,9.898105469938384
627.4471547197013,19.952658863445983,11.315564574255422
588.2897560291277,21.085165407041707,10.832058252298694
596.180647984094,23.21463842409098,10.50353067986717
581.7370040555985,24.793413353836872,11.07881117456902
397.2148724444947,21.607463746005347,11.453532979818817
256.71486704017497,22.16328320694812,10.491769219683562
156.86054692838297,23.465274541859824,11.623446120366376
3.4240341015516316e-14,18.530155869857904,10.74084151648111
0.0,15.447838363176519,10.262855537760801
0.0,10.129669983291182,9.438444131894167
0.0,13.84344768511739,9.958254771973648
0.0,9.959809059866581,11.176286258085874
0.0,10.720455921456159,10.363216280165654
0.0,9.229308582040337,10.936834795007337
0.0,5.566390923680368,8.162594180213718
0.0,7.705164098077279,7.7374386188588975
0.0,7.0845344830161,9.878192184985636
0.0,7.7196678174346,8.623138495133094
0.0,9.425116561871505,10.194174422232532
4.419842473901985e-14,9.78636612223588,8.258591864760636
182.63028842216096,14.876354794632627,9.530624314595014
318.2937929843595,16.693532390930017,9.020415393989829
495.30421592363683,16.219909591929717,8.788654620139333
614.0384905458395,18.05785741569009,12.097816284692795
620.802139036465,19.037516931396375,11.207427245480886
586.2871323831725,22.39213833942664,11.393443826893071
536.5520772600684,21.11359565411881,10.885983745955743
539.8688512148567,21.041693388770103,12.642379522534382
476.89000805850674,22.16311517526575,11.181663663137979
291.443293851165,21.917502959438732,11.604420906917456
180.7607907556909,20.935097724247854,11.419416442379138
4.001069051034542e-14,17.560129796884286,13.15027067541606
0.0,16.130597251203955,10.483418225495347
0.0,13.029977419695054,10.699242197006882
0.0,10.211174491987006,8.98301324679076
0.0,10.86835431941821,10.599113360550376
0.0,8.24620419678017,8.89282440036494
0.0,6.121984852197397,9.51755627228283
0.0,7.657118755257583,9.817462180639808
0.0,5.964388370885355,8.764771226132863
0.0,6.932056002052471,10.411454835201905
0.0,8.83442292993214,9.101212430365193
0.0,10.75628279911939,7.662888941310884
3.187293055405093e-14,7.6312529041923085,9.822581758074364
186.48895318372422,13.743995763754072,8.332802837785554
303.85191276100085,13.876912077106844,8.794750603211295
450.38136426953383,17.074624818436895,11.335445766601273
464.5866313242023,22.65261215150566,9.942431223226915
679.4798209887946,23.77813699979017,10.107619726026503
640.3340923297998,21.467467032375584,11.514765818366293
611.2734859787255,27.958397184245598,12.474770751741474
639.308204652143,24.41800455559431,12.391220748332556
372.29921869563566,21.843846247692994,10.86233113836128
279.9241435648429,21.40356758781434,10.790671935607095
176.37197993513908,20.45911851258803,10.764932306954712
4.330563872561462e-14,17.224135054533534,11.218954828307758
0.0,22.006267692778138,9.707228420703377
0.0,15.819671661393492,8.775977536223124
0.0,12.495163600297998,9.576142991746792
0.0,10.628452948588656,8.759808762275444
0.0,8.758381088362402,10.880000431709016
0.0,9.560522996185176,9.224341590662704
0.0,5.165203833307989,9.776027726105694
0.0,11.503409291902063,8.722704146311415
0.0,3.875717992651341,8.490666294545118
0.0,7.7898565589021995,9.266296306950725
0.0,7.7750876734411225,7.361584211636857
3.5283344860328175e-14,9.809115335892956,9.391326027608779
178.94496557736306,12.174004843893965,9.552656029335832
355.0274454306926,16.16178412280676,9.697335548356968
428.8574238592598,15.814155255891274,10.403640233968531
505.0173625149826,18.13947521664895,11.969928474998888
696.4270861195977,23.52134243946808,9.57570066345655
531.8229348222565,22.026950723054384,11.020673216998723
675.7010769521792,22.524524127277886,11.442794750151512
614.1694787821922,23.254907490669613,10.956187490515617
475.4810211585932,22.952049404612836,12.774219272713415
273.76076040919367,22.57383356009144,11.205661645510304
145.03132679602427,21.51627683517272,10.758433470722792
3.249905139274902e-14,21.110743302030013,12.286975438417272
0.0,15.511006847962568,11.833408849628773
0.0,9.964858039894835,10.622692029222806
0.0,16.209616972169464,8.628629295614745
0.0,11.185684433587925,9.14860561482233
0.0,9.789901806792756,10.585588075697471
0.0,11.681902148190701,8.812110214956169
0.0,6.496876061253534,8.656396189084788
0.0,10.651232443671804,8.692559895808957
0.0,6.792180829924337,7.624840707371428
0.0,9.918358619201008,7.883355341781961
0.0,10.219072343228708,9.992096944101254
3.610005465328286e-14,10.270213268621353,9.434052454750152
183.24260750888774,11.059422949803462,8.623110897427146
361.8102539947872,15.189965022850796,9.399046106057687
464.9721108196707,14.55331317271788,9.773476523524888
643.4688657093071,19.415122607562413,9.957164410711766
626.5121305195228,21.210764127032004,10.236958454639117
707.6548146432723,20.83369712992262,9.98334218532375
613.4088514896936,23.19317023671465,10.037096509162398
492.82558749119795,21.61887074106422,13.548080588907482
437.41009217939694,18.76840202873976,12.41201541421633
359.0708696301581,18.52066118870378,10.61868634866791
174.49294684069406,19.621751091238004,11.432609439529838
4.189593379269496e-14,20.20054262981319,10.01666690524347
0.0,15.916121392107392,10.070583732955289
0.0,11.054965971864634,10.8711624059859
0.0,9.971089601080259,11.80148927722352
0.0,9.041191418469785,10.19720227129771
0.0,10.744124890185216,8.700082401949235
0.0,6.310588538171693,9.089523241835021
0.0,10.600654253795124,8.4670053444164
0.0,4.65040123106095,8.213714643471015
0.0,6.389683838308127,8.69400841877585
0.0,5.164043265380337,7.751299186064966
0.0,14.171349615989488,8.619107368457465
4.501023812266014e-14,13.635937805625264,9.520553606351351
162.25041047009657,14.714528151309626,9.911620490685513
372.01242255015603,13.616593864746605,9.607598601677319
533.3226760111882,15.718965075797623,9.302424186386364
507.4648841279641,18.729331387419126,10.577519147258446
642.5047157357646,20.879418506723987,10.411395724143238
684.9205105564175,21.33021762735781,10.224788394989211
726.2406949832704,23.120382273627992,10.946589063032247
596.1994247099695,24.548369107965616,11.565181789905418
448.1154070512302,23.281936216412028,12.041229680232167
297.08188802931767,20.392583100224634,13.023920879897341
187.0626568874891,20.89728281635111,12.6711879013853
4.25108091323718e-14,17.598514755715193,12.154125256316703
0.0,17.121405570332236,12.206037842882896
0.0,14.328269881431323,11.099337920121442
0.0,18.22627726512905,12.107306360151766
0.0,12.071998811038668,10.070637829946644
0.0,9.157269085020863,9.53629174273895
0.0,9.890880735134175,8.136103556924228
0.0,6.857014287281578,9.838280791607115
0.0,7.657008804631294,9.031162674758395
0.0,4.7518765226947215,9.735635783999935
0.0,7.418317364963086,10.124353552105935
0.0,10.034303945233336,8.578136926278262
4.512951539156945e-14,11.643647232736727,7.671045881355977
194.5724777372615,15.142146372477033,9.236197858408843
367.70479008452503,15.079624606513564,9.011891710176391
380.53129697949447,20.13661791228629,10.661722435883165
511.0493495221272,20.032716276500977,10.269495836824474
646.7790991078552,20.843405342116792,12.505199190652627
646.2427953574041,22.116308388903764,11.073174482123298
696.3551288672762,21.690205654444565,12.272522126951003
602.354337070107,20.861390808323247,11.275453096491251
522.2040553513478,22.726058221842756,11.174003107759452
330.6455792831911,20.92070780027345,10.10496762659472
195.02547981640046,24.459851778386046,10.452704188128788
3.78555847309643e-14,20.91954778049064,11.57205399538628
0.0,18.065721663447416,11.080283330482132
0.0,14.547715748769694,10.091672308119023
0.0,13.883568901339586,8.898501437315836
0.0,15.091735553099017,9.455588558089875
0.0,8.264189361832177,8.906673579875385
0.0,8.353097862714966,9.174917110710085
0.0,13.04277085506433,9.185355971154763
0.0,7.2480054095228486,8.590105549201937
0.0,10.188379023920376,9.134598842982829
0.0,6.812486480570469,7.065111635912644
0.0,7.858897964304401,10.314164420500093
3.600378223020771e-14,13.611837266458311,8.768584044068394
197.16226608507503,14.37343973807071,9.61109536407151
307.86818481808166,15.686281262035715,8.976086155254816
422.99820042926274,15.246567349141618,9.285404619929281
641.1864101777429,24.54732451540971,10.56239555603242
643.7960334823789,18.874739215401302,10.735410023242432
599.6700159315925,20.8051278713093,10.923433967665224
578.7149943438511,25.304463724939062,11.083064950275288
558.9546106291239,24.093986832472023,11.650884629972941
521.5526515548099,24.901470275937687,12.472021031153282
343.87819532065623,21.64883883062847,11.204008913001212
162.46224158884587,21.571541673886728,11.619995083343898
4.1539501482859255e-14,18.751205302843204,11.92349549684724
0.0,16.365679654737615,11.052004658656095
0.0,19.333726613110297,11.223303210157862
0.0,13.706877089297157,8.902153996290098
0.0,12.321350279866175,10.313569970930061
0.0,11.25488242092644,8.551942602290271
0.0,9.813778972563538,8.60736521090163
0.0,8.890805260584468,7.878883892873245
0.0,4.18766560027664,8.507165394072931
0.0,8.335045540001211,9.759227727151838
0.0,7.526739404545725,8.508739439888242
0.0,10.900029944599735,8.160691166026092
3.7491021980332434e-14,11.827458559079604,9.449696718809097
149.3510112606521,13.168518541054517,9.722913667104113
274.1137868397256,11.725527453015408,11.034684805964755
399.6743672925075,18.587240869519075,9.235713079733923
594.3763848355549,24.516026764726966,9.681381238732877
640.1401063638921,22.664130214556042,10.723275842281014
732.5072944897468,23.399890899768558,9.6543021317291
666.9796804166123,21.833839747837757,10.688953133711616
590.200242336957,25.550364407343203,11.504659111023493
415.0472495070839,24.751707912505633,11.486183614451615
291.525063985449,22.289668460086524,10.718284524867553
155.3746065036559,20.88403167543072,11.345304657875737
3.4447048032621515e-14,20.714115237704725,10.449546528151501
0.0,18.57840126898979,11.02203076951007
0.0,13.524697158420008,11.628237653252508
0.0,10.438211894947358,12.013547652145046
0.0,7.619363694645405,9.98380722675578
0.0,12.464628922042339,9.293910290322565
0.0,12.424575591500323,9.070815010269573
0.0,7.536705772287577,8.722463649113173
0.0,8.140171672834517,8.834746526027962
0.0,5.421367164804194,8.233973668364051
0.0,8.19928914195467,7.856668230661071
0.0,11.971212472088743,8.473882150610093
3.782070922965223e-14,13.60189212924299,8.191053158405998
174.1375740815184,13.590569877163855,9.684811742377155
342.0022861359733,14.17112508133594,10.239431621126844
486.68932314239595,18.537961719146875,9.897596311146517
662.8199336550388,20.460404867444485,10.363828762529494
605.8738586474944,23.852025488990087,10.505083478136902
756.3291083265344,20.996682636327197,11.474605902392138
727.0974287356108,25.7810644958444,11.515281524875444
682.2294170042043,20.919882404508993,11.55064831001593
538.0980668375154,26.740653730810784,10.731912892200786
331.93289593235244,19.32726281414217,10.10965450331351
150.96266009784676,23.38485190387963,11.648953350992187
4.545552174580082e-14,19.387774172062354,11.095158824308083
0.0,20.3252751755993,9.555814695819418
0.0,13.956397024998576,9.856328134379508
0.0,14.674779605689944,10.266770651396179
0.0,6.844767749747521,8.292153643123955
0.0,10.38229732341586,10.942634854469711
0.0,14.133488732425803,9.102245373287932
0.0,10.1758434095751,7.902354332148721
0.0,6.014179031158318,7.9390465269993165
0.0,8.582308575290062,7.5377051463810005
0.0,10.05671920217004,7.685827510164531
0.0,6.066941509060574,7.912880308724145
4.10000472141692e-14,11.618708484881466,7.871856586833141
177.03126547152723,12.797749914760082,9.519690880448241
293.2776005169907,17.397210196635463,9.516201623950243
533.0639163673778,16.86474957772053,8.718176275293818
623.4858842642622,22.412700879541987,9.0504239245166
681.3497282838165,25.465377490448716,9.971925271916117
765.2836671626981,21.063525691170394,10.557947388261539
616.4731624810349,20.626288749091174,11.770944047879425
499.8299432669145,22.39682314516916,10.032568511385948
492.54441081723985,25.51862593129737,11.065636848862312
357.0409259946933,26.671407659526853,13.670574451392255
193.974126621723,22.84092901092351,11.037420111268368
3.775733788559626e-14,23.320887655374328,11.611565463084315
0.0,20.52776548589208,10.419465047871341
0.0,17.671874943674226,11.690798706964436
0.0,9.936536489652173,9.748775300675021
0.0,16.690438609675418,9.15917611640997
0.0,11.555591397464099,8.844410467288636
0.0,6.8708207344322325,8.253462586443291
0.0,6.850161264738567,7.940326577846483
0.0,8.555242803508701,8.166341205906694
0.0,6.712040833291901,8.288505205952342
0.0,11.939311265991659,9.638865543297776
0.0,9.271468206510304,7.7198756284862595
3.640911347191772e-14,14.280960715240832,9.487259662495081
169.06045488790446,13.822689343858208,8.797701656986307
351.5010556678856,16.673554183326395,9.213596844204401
439.601062811231,17.57799435911326,10.5766022226316
621.5937507936435,19.462565368350383,11.507217104575398
615.7910734428522,23.10777858495368,11.095143546420477
597.6383537502775,24.80075594383576,11.446308343959155
609.2678398629477,28.28095189115186,11.306961208414062
636.7827351748398,24.559177237566256,11.824091584028016
490.06986617138364,26.11934531701999,10.796082125286524
314.19084696691414,23.00094197172262,10.494070156901408
156.9055976011619,19.023878826156356,10.741806338449837
4.114350565153877e-14,20.18627935419238,10.53226420144806
0.0,16.165087279947393,9.869609344039683
0.0,16.647741047658457,11.957651520264939
0.0,15.51188926188663,9.79653973535048
0.0,11.572496474080957,8.572526825380972
0.0,9.24442676748385,7.933202167091064
0.0,10.0406969053584,7.908450287762856
0.0,9.829181953478583,7.820110670603417
0.0,8.290318335449976,7.808619478666052
0.0,10.178919872338476,8.68416648560114
0.0,9.86082429784058,9.217064244012947
0.0,14.716992589703839,7.008900430652457
4.935106294696124e-14,10.98810069789233,9.140864518935285
162.0369303094651,10.684088143440354,9.189266977978894
284.4650950915516,17.39119775628326,10.318411996969802
471.36321145265526,18.80491312842918,8.552502682762437
680.7508872506107,23.164971947712807,10.225683283421219
703.820226731701,23.82738378449189,10.1923618337449
768.2680170633585,20.19537059483719,11.072616629098052
577.3224473149655,27.153348688592523,11.803988061924482
523.201184679201,28.344496870373884,10.531731557357357
546.611459517555,21.302323948424647,12.454893512682942
311.0495003659639,22.911667534190748,12.931230813620338
164.86706914914765,22.243642840015244,12.260524475031398
4.0086884478244565e-14,20.345882038157797,10.617495769474788
0.0,19.12370210139669,11.88195254319184
0.0,18.280015467482514,9.867073198982133
0.0,16.14870986174134,10.216389975764006
0.0,12.225588882016972,10.074297003249082
0.0,12.842216509574133,9.65217288697635
0.0,11.227596878536461,8.18696563412523
0.0,7.1576822212333635,10.486814968125032
0.0,12.549134870438671,6.792446884174897
0.0,9.152341710246736,8.32126558916045
0.0,12.095401378945116,8.032999708305466
0.0,12.401026089364919,7.419792297237398
4.8445196202853983e-14,12.720055647667996,8.089934753363215
173.113360271925,16.47276056548285,9.398374586044806
308.90238871816007,17.055693398594514,9.635860234911451
500.4203865652388,18.897354255939398,9.596651529869082
573.068693504004,20.81864692636258,9.483907928899244
678.2335127951658,25.77556737609413,11.813962918567775
792.6862805707947,23.923990749268466,11.084546954168413
659.1446159725617,23.36645972736168,10.216545476501613
567.8104334093318,28.096890009114883,11.875410024675347
412.4359130763994,26.85685168159974,11.966319020523779
358.99669862597267,24.161849569517074,11.327021085757508
179.65553874663422,25.83827723969118,11.948632620284737
3.5212597555063386e-14,21.660358282654972,9.882289787575587
0.0,19.702677245327102,11.354524995786578
0.0,12.533233800745023,10.037266510309315
0.0,14.290287740551513,10.030047286799745
0.0,11.44642470358679,9.333489630196217
0.0,9.11631367564686,9.332277176147851
0.0,12.1539202794842,8.997667779512016
0.0,9.021006451395976,9.564796385398495
0.0,9.838638635062168,7.355374473190058
0.0,11.295490742538597,8.741980247582275
0.0,10.688395721401365,7.811796388975577
0.0,9.029582980810563,7.947833319528379
4.268239378764015e-14,14.228384848790354,7.219377875787454
162.89320370753134,14.861790013171694,9.075938203333864
408.79624231994825,17.09594911000399,9.459010509849632
503.2825302602927,16.488267378854317,9.952986046858813
678.5995359155244,19.698919630991828,9.812922319323722
636.7314898720533,24.58170929591508,11.24949247524508
693.2877686438558,24.94129207638923,10.480430277359329
616.1443155799578,24.20224603950347,10.572111566121434
670.845021005757,21.878290216514188,10.35386949303961
488.32858222928144,23.62688213486258,11.434259522170162
402.15178510942934,23.479068997741734,11.502081628787911
183.1611248949765,20.659518200901488,11.90051942631312
4.023270749689928e-14,20.720877679209277,11.707520271148855
0.0,17.475401317398465,10.301823492817075
0.0,18.103980743448997,10.887599545725951
0.0,14.710129390481129,10.243278826275564
0.0,12.422719173155622,8.69073220176326
0.0,14.594391556939113,9.46624657056977
0.0,13.497278019299506,9.202512826639605
0.0,8.049054735476966,9.151092449701693
0.0,7.486666852907655,8.589857141887531
0.0,7.808811145969726,7.805912558354866
0.0,9.76898451366728,6.880299349967126
0.0,15.190227663610498,9.084595351819372
4.585615060776427e-14,11.503437248790807,9.06902101868012
154.20926253465106,16.702635842978232,7.858758873036622
349.2266578745594,17.80708530364154,9.140797493781132
451.08378691628997,20.968423715153694,9.935245717074414
528.9685667869734,21.62994137855589,9.858503225719613
690.7785353016264,23.637956333447608,10.057185531576382
599.5563577387799,24.414018500554082,11.109673919486132
587.0800048656397,23.568296291347657,11.348090724148989
564.8133972294504,26.948651683571804,11.528120596410297
516.5194815078981,21.271380250919385,11.070141718191406
345.72862233324634,23.46956377298664,11.479809543396893
199.36565993871358,23.476500651574828,11.763737216112425
4.99239349724002e-14,22.98107456138969,11.46195785772331
0.0,19.22900817965074,10.007023160504385
0.0,15.295645178234173,9.17641177933649
0.0,15.090593739666698,10.114800720341666
0.0,16.01194546561912,8.292744918929742
0.0,10.484295839706235,8.456295828499606
0.0,9.280014459767031,7.902633351702938
0.0,8.041020328793934,7.315258581693799
0.0,11.36131110653158,9.000107528533945
0.0,7.074821693523708,7.2686439306556085
0.0,6.2737001724733,8.313074852914363
0.0,8.668774464213266,7.639413962225398
4.8044949772473413e-14,16.169380537204212,10.273483342902415
165.2011202134857,16.196696725694416,8.279158905788467
294.7853836133482,17.68034964326039,10.200206000435934
442.1844379288484,19.05353294175012,8.84202222365633
594.8542157762377,22.421859801719773,10.052794431881052
784.2741101918112,26.466464013183394,9.705332215871213
643.1293225484588,24.411908123699423,9.929252109788935
611.2902818515524,25.01776634038662,10.547450284803304
626.2101623315052,26.59449663466184,12.313199569445294
501.14854655399,27.30363135588592,14.885334883000557
402.5467297672986,24.70010844673576,10.424725316659956
195.83183172983098,24.781611248081298,11.39773380724439
3.82543136637864e-14,20.944432163654625,10.79145425850706
0.0,17.939055544030904,11.130887565639268
0.0,17.44399076797467,9.8618490722315
0.0,16.81543419234447,10.306335568993482
0.0,14.590615622845377,9.675321828371574
0.0,10.728375222887546,7.990699903756689
0.0,10.465472876983606,7.2022088673130895
0.0,10.67855763192515,8.017969470132757
0.0,5.4180358044516375,8.34725468323467
0.0,9.13741353794979,9.334372977764325
0.0,10.947163482810398,8.665702179950285
0.0,13.633402436597827,8.698132479579588
4.285968616891849e-14,14.025830332156485,9.020413563133282
214.92803363075745,17.699617622038556,8.785357224795758
416.3712297871887,16.68516457004533,9.688636366356022
569.7916807023354,18.77652393688876,9.899193103910756
591.3636557054223,23.22975549229713,8.976751445370372
763.7889163634804,22.326070686159188,10.577119724460726
709.2918242009118,23.170816870102644,10.459176172822252
679.879962946909,26.012572442199048,9.882397020626158
683.8503644036853,24.48629883893373,12.703909740787354
447.02387934426827,23.996047074296687,10.210951243423917
365.1168250039329,24.625989247960277,10.97065162826743
218.14073532806293,23.306376702903155,9.685447031233725
4.8974572653868114e-14,20.002612323251007,10.116563755989523
0.0,18.088422303065364,10.01812159827329
0.0,19.900538452853787,9.725433419247647
0.0,15.065338646694782,9.785213208258362
0.0,10.23936407467659,9.062830877455141
0.0,9.311599676435957,11.207445616856365
0.0,12.206978578081825,8.44352880872173
0.0,8.438556290165803,7.517669815716149
0.0,9.936142271848494,8.525254547896965
0.0,12.812536558510093,8.79830335696002
0.0,11.619007334370147,8.768657654481125
0.0,12.111414670893582,7.795815188398129
4.1762984158813007e-14,12.04837085751566,8.049483255553021
209.1691360625255,14.952860599897399,8.279198439048255
359.37719242290643,17.642538770960687,9.43293084224427
468.54185190985453,22.004694189057243,8.69206168936521
578.0770959305536,21.901498873391404,10.023139516068447
729.7068940518225,20.898856577222716,10.049374641803453
703.2609699349695,28.13456216429579,10.280969143613648
804.4373261530556,25.879118367296485,12.291771124571644
720.198706214189,21.460789201885856,9.912249979157341
575.8467860236311,25.62459627513208,13.441429321948721
377.07099559775946,24.377165432987873,12.352445455089644
178.88403518548628,27.2592390176388,10.10597351154243
5.0795154943951764e-14,23.244361900230402,10.571923003531484
0.0,19.225627406210567,9.15837464134656
0.0,18.454188592328343,10.175777257873275
0.0,14.571141417486235,9.165678452217804
0.0,12.80648944495334,9.347943233178743
0.0,14.432795441491937,10.395382411639336
0.0,8.948745781837529,7.962006064643012
0.0,10.852732488295358,9.260501144888234
0.0,14.159478473434437,8.138275721114645
0.0,11.192185512096545,7.114662515213997
0.0,12.223648197947446,7.63818353572303
0.0,10.708127559110437,7.878514820307885
5.1271282283753976e-14,13.800357617247348,8.236028367600188
160.11244626201304,16.955338498467,8.963717622897335
307.1260295837652,18.76778501642983,8.115415055729335
487.41001037615376,18.251641126037242,10.807328664519765
674.6140991701103,23.90268467341786,11.940995360549907
792.8848974523614,20.939046663645744,11.094484583768084
727.8718909056747,25.244257589432273,9.871686416772954
589.8484682644056,24.022810213029192,11.236018178846365
665.2627020857698,25.72536518353084,11.475837232255984
590.8730648035115,24.37626585986656,11.378215553600873
413.19999970084893,24.59099506856763,9.990545202999392
162.91637395769214,25.604784823114848,11.954587973573329
3.777880855811809e-14,22.545379776493508,13.362534357901023
0.0,20.386197667224156,10.49888044917305
0.0,19.25904192051307,10.053414981630999
0.0,18.169554456398675,9.743613458219086
0.0,12.976251634499409,11.698589829434273
0.0,10.37554409964008,9.197592387303404
0.0,14.652493360454834,8.013288830487616
0.0,8.98677667704771,8.52767398287752
0.0,11.82356615737089,8.947090513441267
0.0,18.122732164155185,8.588961292895222
0.0,10.17952634921428,9.255040118000313
0.0,14.923960464339888,8.914415701105954
3.819209277877112e-14,13.964411784714093,9.813426205076368
197.37698823661495,16.658196732476526,7.648519884117616
384.6167261659142,19.079342779226902,9.210068964593635
476.5954204455484,19.45097330621895,9.787682321549356
567.5576712565867,24.554927330305233,10.168770220789966
818.0297430916007,23.572128924181474,10.178324233344672
752.2362344493794,23.183532563886317,11.752317288579585
708.2578698549623,25.05477433065186,12.073170039944994
580.7698708565136,24.86023963770493,11.373594020218125
594.0673019230029,27.273075194016208,11.264160901055451
343.10444818520466,26.800014300653082,12.367048793070872
212.81737007703512,25.15727466170751,10.71792174868089
5.23286747022115e-14,22.73227814356934,10.486855951529499
0.0,19.31915235219154,9.37117961667587
0.0,21.97312091767625,11.164890940102568
0.0,14.45907270059542,8.775232634619641
0.0,13.832138131798018,8.26512806555819
0.0,14.387430117811403,8.274001590634798
0.0,8.45188656736944,10.029433928903256
0.0,8.643963610841292,9.869051528270733
0.0,10.13862841503057,8.036558998879743
0.0,11.878023915770237,7.612625528080794
0.0,11.405869613883807,6.9202555707538895
0.0,15.85004104314484,8.370998816058961
5.180724744694526e-14,18.14112603617291,9.939493011566325
187.54581813695745,15.38993948076081,10.067748797802773
410.18330134076456,19.041303990571365,8.802250346624335
571.1061880156303,20.01740782873035,8.551213464107738
615.2471500833273,20.71554672370212,9.114764000029709
771.4098189605124,22.906709969672644,10.409540610435762
803.0411394999459,22.324037365610756,11.043798766821203
791.6587938770073,26.413578513215487,9.947243746721277
564.6371261215405,19.96128091865438,11.074521452480678
574.8057472378023,24.69201428431873,12.413507729188499
397.7215272621395,24.35246836755824,10.87884281728268
215.6664792231004,23.564861267864572,11.349879997546301
4.109226535403392e-14,23.420517059466487,10.162833410037068
0.0,21.785693789919485,10.568076708376466
0.0,17.18866353298388,9.71833588825772
0.0,14.465309606790225,9.886977067666908
0.0,10.454005793922345,12.471236138313891
0.0,10.14056874422986,10.451207638973136
0.0,13.56992252082691,8.357824394732102
0.0,14.066472086381093,9.87783351037348
0.0,12.483116646627623,7.514396752303629
0.0,11.240969984796692,7.910975635269399
0.0,12.502080795342714,7.06344576400598
0.0,12.543794767760398,7.5252540094730085
4.019807489507002e-14,13.688032247607051,10.501039765437579
171.25584662034765,17.58835961735775,8.601074312338193
380.71775200683646,18.401881712901215,8.957670588518695
463.46492608495714,19.809322261829273,8.874795497215647
597.5088234300426,24.647267343308485,9.36397152343804
668.5923138514737,24.68759615101075,10.283385250796062
815.1220472550856,22.472174832612207,11.154160471487906
671.369148580359,27.501807298528746,9.661703667703824
556.9166649320711,27.45401612683664,12.395489357052949
443.0294139863218,24.99587723970135,10.729383777042075
357.30476772314836,25.719484415593396,10.289657307372154
178.05756141471488,23.71573340164931,9.926296973455976
4.522260816245613e-14,18.099923651270025,9.807817338243643
0.0,22.024774978360504,11.333600686835787
0.0,13.45201521548712,9.819907424197213
0.0,16.009898356376883,9.118699333416808
0.0,14.590109125956824,8.968313500085367
0.0,12.541255290145946,8.815129041544926
0.0,13.637962286779793,9.917725442270273
0.0,7.947846090658339,9.293886333081586
0.0,12.010715185329978,7.769018334974635
0.0,10.487111939157264,7.775765473146019
0.0,13.589129697863665,9.347472873153007
0.0,12.307840734408055,8.960301460309578
4.1624932268158875e-14,15.17907623161178,8.235050066024488
225.77115646881722,15.778068015528168,9.647869724275003
321.5168764661853,19.152677699225148,9.787617472076466
476.0876529203395,18.8446872031912,9.477094195865952
603.206156527257,23.9950994176597,10.699233400459562
828.3515284269388,25.202865891104675,11.555244274157191
634.2974990242067,26.068012505018515,11.336302066550802
613.236961576433,26.530529015086277,10.74090555956208
717.7396993736086,27.76128043581396,10.294835852048116
464.74040265845997,29.835517694530797,13.06827422678508
419.44394079591007,24.261582356045942,10.695127929014115
178.83142905447247,27.739086056158087,10.108380103472728
4.627214535982799e-14,21.709366454646148,11.191790765962676
0.0,19.18188585506939,10.912855835018863
0.0,20.213795368170615,9.32447428648136
0.0,15.431689997070725,10.331047549330039
0.0,11.768190351959007,10.030854516950773
0.0,11.325686403438985,8.064161567812718
0.0,9.918934235346926,7.850499444601679
0.0,11.73876932339715,10.252939899055239
0.0,11.252908337522939,7.894573891470143
0.0,11.159543084233158,7.063428056018198
0.0,11.584927811760533,7.79584018312163
0.0,11.040764255277752,9.32529211428991
4.35719487842508e-14,17.86437772750921,8.917778488996607
211.15337059098002,15.948032222918052,7.938592901032681
380.53066133879344,21.402432305692976,9.187071177306475
473.5736883319683,22.51328617528504,8.407613202419766
682.3144501284695,23.489535966644127,10.031332050946215
679.4991674896951,26.950425981734863,10.43962459843821
837.283097185059,25.307834865280572,9.657092117099388
809.1873116767347,22.455298112246663,10.648981503468697
553.8845420146274,25.48614538409894,9.808428499090908
499.7668104144453,25.556225287152355,12.346788264691469
391.63122714722647,21.714187386680713,10.315367374376525
202.22189549896996,24.334268290694734,9.969946367534115
3.976000542099658e-14,23.543911917981504,9.63870157142869
0.0,18.987026078846462,11.18469578479548
0.0,17.594700430963293,8.659964196133716
0.0,18.815271102013142,8.610487152617981
0.0,14.744692122513843,9.508082676092855
0.0,13.506498929847938,8.245840399317196
0.0,11.522192578257926,7.800493091641498
0.0,9.279123744597001,8.544488537297827
0.0,15.863844735418358,8.305491194507207
0.0,9.014754972405893,8.460949808867907
0.0,12.716108884239265,7.173439656483533
0.0,18.940957789477622,9.673593410050152
5.38108332314727e-14,14.148962583655964,8.736871022898661
203.71031832040495,14.582418784593674,8.50330557558112
328.32852122705657,20.995323586451384,9.196637886268892
461.1180178876534,21.77632819895455,9.925086385713234
578.9026712627291,24.728275411067564,11.25985945518299
709.6329285074654,22.59234445367408,8.855429142429909
835.3167624473155,22.236002828554156,11.977250162781722
754.0952102807513,28.053084615649063,11.320087803045409
644.3167058957958,28.379150963406985,11.552045281569042
608.7325813528304,29.797435726453507,11.404428364534668
424.2276816522381,26.130470538134908,11.615496304449886
204.26523682656335,25.31955288089732,11.7727373146225
4.186935818111212e-14,19.453953000838588,10.55661263224831
0.0,22.328477687189263,10.31897761387327
0.0,18.727893264914037,10.055535750336489
0.0,16.987050487119586,10.03835532743015
0.0,14.996137154070208,11.723259369678983
0.0,14.725145988609386,7.873501693914307
0.0,15.147112699434583,10.008533911282575
0.0,8.58772335761536,7.118965000362628
0.0,11.777521795752115,7.882471512774478
0.0,10.25655377528164,8.503695260103463
0.0,15.141890392659612,11.293012327893534
0.0,10.960747763958352,9.291622457716652
4.369433405755311e-14,16.846914932857356,7.010920505860822
169.6278455178858,15.258694175380501,9.113486101261056
387.8220698743462,20.620958886125024,8.862772723142141
592.5041793948564,25.155837746063682,9.986273179270217
768.8555776002564,23.988847146978042,10.479959321390782
777.8158418577871,22.570566384591533,12.488193627980992
764.3841052003776,27.93153227513598,11.687852770234256
620.0006719104198,25.71341946623153,10.401106863156969
560.7367551726718,29.77430694602189,11.944456697639755
527.6138987487892,28.070413297510143,11.821090317194077
321.01825409270015,27.218680362165518,11.486217163379031
230.7580012167028,26.395917939440515,9.623120673792702
5.289451441515667e-14,24.753045190933815,12.554314900705428
0.0,23.1249770049146,9.59578874088947
0.0,20.04857692734188,10.146326106702778
0.0,17.168495798530966,9.812396317613276
0.0,17.20064044516415,8.098150800355887
0.0,12.070815407528642,9.453649635378374
0.0,13.084728638892296,9.275403290748008
0.0,12.303434465087632,9.03971567073943
0.0,11.784622679097543,8.323060322342217
0.0,11.711908115455843,7.91734628148717
0.0,10.847957391355942,6.713476961538005
0.0,12.957063189256068,9.289798908850743
4.641387674082956e-14,16.403128091904385,7.8626451591085065
165.7291768145105,14.948202136735564,8.675460357042601
425.91790312861775,18.14534461580342,8.236648929423021
569.7332517827264,19.601076181477087,12.389739183782005
682.3595589884864,25.67176766078925,9.946331007957278
684.6921347086915,29.829106138848378,11.168978282245622
789.0649907321192,27.130334498855277,9.519342770559142
688.5018029649184,28.16046365687146,10.77528604867113
660.6337417019337,27.43061003516069,10.178140762097527
528.4460321458065,27.699500786667077,10.906099016484857
446.80413767793976,26.942042209239254,10.118874785320235
228.68433325235043,26.49845261625773,11.816512173444906
4.9152282071797396e-14,28.432349965478593,11.01903639420232
0.0,20.292694535999075,10.372404191123877
0.0,15.75982596605624,9.187172423191196
0.0,17.67698916062536,8.65580672738658
0.0,14.3210316392301,10.203327265775307
0.0,15.916635641492132,10.873971831985628
0.0,13.868108772181841,8.62108841403472
0.0,10.240575813701039,7.141624639901295
0.0,13.770412527895154,8.73507903796336
0.0,12.165616322163812,8.045608798420131
0.0,10.754818916093505,7.593885040187686
0.0,14.350930324986704,8.471168799684234
4.3817651377511484e-14,14.781984720465317,9.379571969141807
186.1409772837427,17.216825570080935,8.853963324506282
427.29174877864006,21.598230271261038,8.367032634642614
561.9866205902555,23.271661599469297,10.084330828556002
610.6457328147187,21.762542145153567,9.830884077251602
755.8431080800956,24.121924892015432,9.309284735271639
666.673543828906,27.423455698055797,10.843935602147523
696.0947538061224,27.230795432734826,10.615164657522882
566.3921567826947,32.909194226945544,11.135298904455853
618.0047770045735,24.113827675173138,9.878222795007265
351.3470171505675,27.3569503082499,10.510584442313489
177.59004938399164,28.16038771176417,10.047275361138965
4.2294957254404593e-14,26.48288164245488,10.227897361573364
0.0,19.632212782564853,9.649791270530022
0.0,19.223892315268053,9.020072571590566
0.0,17.766931761787134,8.826956102549726
0.0,14.215321183006353,11.277058715796194
0.0,14.054535996473843,10.739413567341098
0.0,12.182530763378152,7.55262000426043
0.0,9.20291134928347,8.766827187198633
0.0,12.456615711569416,8.517315848722813
0.0,11.342990206242325,8.684833392613912
0.0,11.890144902744307,6.853012107079002
0.0,17.291905976324067,7.19011419871779
4.6361999794724865e-14,15.258421436594512,8.675346673203313
217.13590288697566,19.88501007218693,9.845986712427955
392.89512550620555,17.655914331604727,8.99137371090116
609.1416376329448,22.86335834599429,8.180476830858861
637.910901880696,23.041773470902225,9.555570152648196
775.396177646259,22.967017548344348,9.416352995588634
911.3163134952785,26.417117106268915,9.838709024448027
703.4854138508005,28.366106515551774,9.975289766540055
666.0391236892241,28.378274980657835,12.966505254342266
557.61402909744,25.21113485810232,12.10263363926623
398.86333683102134,27.030488712270717,10.203683943901115
232.86159086460236,25.173329164585358,11.983627880954526
4.7838406150257856e-14,26.598646262900402,9.818595936363556
0.0,21.39190752507738,9.372173785979108
0.0,19.966189371524532,10.472052357944335
0.0,20.03412050312969,8.537952862723708
0.0,19.27601832294108,8.767767815921824
0.0,14.919511054571739,9.213455763127614
0.0,12.289322638982227,8.845056574633656
0.0,9.830729933437308,7.829160365689088
0.0,10.966691131588213,8.992157389025724
0.0,10.962432026813405,10.2556921533345
0.0,13.85216367232291,7.070623091948115
0.0,11.759842724294169,10.344987851769037
4.544288049459539e-14,14.144672039606016,9.027808897524356
211.9410011899609,16.214347028758883,7.854834932567129
438.4094476491548,18.41048535196443,8.644281967346108
606.401326570815,22.86132249869132,11.106267816674082
644.4406599016761,23.741306848422376,9.558514018742027
800.8399650556569,29.00797804384544,8.93315254151175
719.8773513751935,31.540683441098757,10.276856636604794
699.4702364934076,28.688185658958844,9.567064679073685
624.9955032392833,25.15299450115754,11.068184572079897
565.5893122082093,25.078560353311882,10.94411593768229
422.56196338193,26.34411533821667,10.899860247119964
217.36147086744467,27.037128000434233,11.226397745281243
5.694999171253047e-14,24.168126777084538,10.329704927758623
0.0,25.941326461819816,11.999302524851482
0.0,17.643887068062483,8.978566880508788
0.0,16.33619302194589,8.994743690742464
0.0,17.21492937561349,8.344825237928616
0.0,17.10881927155248,7.8712680604538665
0.0,13.430649866921415,9.451578564249193
0.0,7.890616445012189,8.542927073558822
0.0,14.876256658516283,7.644074297138282
0.0,15.447537203452299,8.499096706135083
0.0,12.205028665455437,7.262078965005556
0.0,16.159780732860433,7.1829207446982615
5.693882993221887e-14,14.994606584162714,8.662501142522025
219.18444853203195,16.799584488375118,10.45203235876561
440.0350296823465,18.41975750341779,7.704206412721121
608.6582323831361,22.78332544947656,9.674546177872344
657.0650661899705,23.982804295807245,8.204970246776575
864.9468871610711,29.309895852831065,10.437511626063927
886.728907007486,29.754980897929148,9.571706483735023
786.1525248958411,28.789152586991047,10.749303874045879
754.7045003626846,26.88836339842399,10.188744876436072
499.404275977356,30.87381523794839,10.899985558533178
339.11272726888507,28.53116701208303,10.115404026184843
210.94055143567752,23.960081056202117,10.079195488750003
4.719445888597633e-14,26.835858088554968,9.912495966646759
0.0,23.437749587978242,10.210158752230255
0.0,20.058079551260533,9.750101472988096
0.0,16.131637337995567,8.810996843708203
0.0,17.00218402059004,9.354205871696376
0.0,18.306580795443754,9.537431899024106
0.0,16.787981372645003,9.860656126850836
0.0,14.882403120778758,8.295350491999923
0.0,16.57075267847126,8.176649530710485
0.0,12.525923689286191,8.973645113301444
0.0,10.623207334053333,8.19648035250308
0.0,10.048498204781433,6.655939984716046
4.8997921429287914e-14,13.8958851592444,6.902189895034709
235.93037612041385,19.411415278886043,7.024782500481982
425.23780238103734,21.191689503234077,9.507354731703625
592.5783542080239,22.390635069113998,9.681466629872556
672.9220174357278,22.895677169979454,9.564518058346453
727.9872162782655,23.44664649718913,9.421737775186482
936.7277927157469,26.491410351582807,9.378438907539806
770.5997099930026,29.02422283446709,11.702439281034936
733.1164913928559,27.222755048397772,10.36823453318201
554.0446494043481,29.39118616446853,12.636461669496045
379.97038874147376,27.65901199438932,11.749325452651869
212.7006958401227,26.0411371571909,11.644401315503387
5.298914411003334e-14,25.944603450777823,10.387550060732044
0.0,21.36650128003429,10.988938878813077
0.0,20.582158387174996,9.579556103666176
0.0,17.596470782696237,8.428250220571801
0.0,17.799719538874054,8.402733609237613
0.0,15.495237876599695,8.30527930527869
0.0,14.580724879454952,7.360859405005499
0.0,13.259571714337419,8.214485833428217
0.0,10.71481065035233,7.225142321464341
0.0,15.767278130855725,6.988879633488748
0.0,11.181431459175464,8.376778965661737
0.0,14.450065282887792,7.7240173178529785
5.657791429349677e-14,13.585006777463004,7.72217947512549
190.8584358800721,21.84630736426431,8.366083616048694
387.09875274989344,19.053485910931464,8.834163188625798
636.4786637160212,23.7636484931231,8.74010273872514
731.3839808254778,26.321146581303303,9.999754738695856
646.7085385881983,27.084999361228032,8.8905307691717
681.5782756488879,30.041575872354226,9.190518580231101
748.609032557046,28.91956966996812,9.888149074408224
734.3774888400686,28.428102013281727,10.997786740151763
651.1443992800071,29.379811080801367,11.07117997279291
390.22838279431454,27.745738981047843,10.086545222841497
191.6993558241193,26.521449853913786,12.031874109144116
4.2553696473887776e-14,25.424016865788293,9.225232917451901
0.0,25.028133133820997,10.760181998988358
0.0,23.981518695970745,11.108221296142574
0.0,20.086880050066434,8.912772377644707
0.0,17.77246245647752,8.24393862812721
0.0,14.533074853833511,7.665804989201227
0.0,13.932354551820218,8.526462953308753
0.0,12.304923305188803,6.82138480898013
0.0,13.68365375790601,6.606464826232952
0.0,13.943937174628152,8.844585010171258
0.0,13.606702120177157,8.919599154118792
0.0,15.97155891669528,8.440169253267282
4.4770308754734015e-14,18.059809916305255,7.637262655560679
186.1091923666313,19.000313646415034,8.921624191416868
349.12684130300545,21.603971869678624,8.971614616165471
477.09946521254693,20.56799485601768,7.7512485082270315
818.5512043506243,25.574800498039583,10.094115177065078
691.0378089245708,29.20194723903319,8.791963720533655
689.6122468390729,29.515883502412596,9.255280068833729
833.0380148758511,30.04789661149508,10.388579002095742
664.5636599868035,30.245771700748147,11.537340008147718
593.0168840748311,28.819543743289284,10.074393735730192
385.2105795291522,30.019280383505148,9.818025442665597
224.33926942339008,26.049563433769062,10.330659516656148
4.4728305824651725e-14,23.500307430157907,10.848397042710898
0.0,24.289228781238837,10.726150922052994
0.0,18.63806357987146,10.044894568869445
0.0,20.73561182623124,8.902942979658837
0.0,20.953479336139875,10.067489118188178
0.0,16.05365394925948,7.7633604915613
0.0,10.51974245275256,7.848854674023126
0.0,13.509160014276107,7.941178006982784
0.0,13.263113277074327,7.534460513466173
0.0,7.267544607866456,6.834494978990612
0.0,12.467341426870677,7.102181563929533
0.0,17.54716311755945,7.323327884511347
4.508265927043077e-14,15.812145083926213,7.9272664414847425
243.55502299204724,20.19348253997877,8.790445866212293
348.0266334907499,21.043962492775975,8.792218169529672
615.3950629797067,26.009759668911908,8.942500647517555
714.0584607109759,25.826449477843745,9.293757407479852
750.0995804971138,23.66513401040844,9.535861847861863
733.2459402689205,28.517934520931405,11.280915720412933
777.9581279153149,29.03249293104076,10.994081143450646
696.6043584584128,27.256429990599543,11.419768217899211
668.9816313094257,31.045821512534648,10.466791761816387
415.41170033316035,28.8351752718658,11.95655474550749
193.4192324290755,26.2533883953,9.330253424224745
4.8499110459164534e-14,30.09689355206871,10.252161648880644
0.0,20.542265692123273,9.306917908600614
0.0,23.176597104363687,10.803853116576043
0.0,20.664350466809186,9.301086803581656
0.0,17.051135088357842,8.400204630452304
0.0,15.858707049182982,7.706314244710164
0.0,16.517149974332373,8.792510470308985
0.0,17.513885301482187,7.380577628773922
0.0,16.878467168322352,6.227210575571533
0.0,12.691536495474562,6.825235212562613
0.0,14.05454725623686,6.688994191228062
0.0,15.44114067608759,8.204071889585759
4.6123425924951685e-14,17.54798114146717,7.633880385039958
190.5016658960959,21.27230285100397,9.460973443161087
391.32645413318124,22.72866976816493,7.994352844916258
549.7112719972241,24.88758164152354,8.341278318825779
693.2743531073781,24.313034210749503,9.323613435552137
730.4022718443166,27.115886407635998,9.343703688309626
869.7790572205602,26.64784884458267,10.07697486064305
837.428145706447,28.919505920553863,10.189281171992784
780.6639910203553,27.08236621412447,13.353141448104145
491.2761237745706,28.58523503725634,10.467700200643167
347.8758099215424,26.92444857133334,11.632596614602651
204.7741432632249,29.514063354323188,10.716437116875893
5.47323253058607e-14,24.821237238316225,9.221860324956364
0.0,26.005596704693666,11.1291135522769
0.0,17.423839524518417,8.862783342277906
0.0,20.071076115525653,10.530922012271935
0.0,16.61471220330555,7.359486673411106
0.0,20.136423942948348,9.27620462110107
0.0,16.97218088097489,7.995682742909093
0.0,15.647835224053079,11.2242980410218
0.0,13.48594239996865,6.7180391073190435
0.0,16.65556936082929,9.057944030966226
0.0,14.914102744496898,6.828888224174026
0.0,13.787749288480708,10.694182493461144
4.350618787678312e-14,18.330768514854523,8.577945378895476
189.05429224107218,21.410323398677352,8.631434178776654
390.4146658492929,24.923631129477474,9.086421368686002
613.2939795698117,28.70129605294397,9.727109418241007
793.8962574926902,27.24451205298516,8.19088116783002
929.4169574372238,27.944752786069845,8.564809591310198
689.5639395087649,29.960033040748733,12.716822276712232
793.516237725928,28.59801949955039,10.90066680580605
635.6873564674812,32.50082359904528,10.760314833294533
650.9673017399222,25.87211313904108,10.015185191477883
384.0987897759263,29.548391172420942,10.98827920755008
212.77667357068245,26.295932718760984,9.593736318798495
5.873141385032345e-14,26.010932198104562,11.7757844038427
0.0,24.539970444734774,9.634282612150852
0.0,18.889947505793618,9.15041681623777
0.0,19.959519516264475,8.548876217512277
0.0,16.654601417256504,7.998978105344317
0.0,16.213244451140625,7.030927073765886
0.0,15.22435497210641,7.093966464913155
0.0,12.892195815387547,6.8766252164873185
0.0,13.563827501422884,6.173061264229595
0.0,9.099060137917887,8.126096631205185
0.0,18.660316404312667,9.836538646506586
0.0,15.920237484737317,8.201634383241725
5.75402689359488e-14,17.95801929369607,9.873746189512287
211.82561280972715,19.745439140488628,10.149307947804456
477.9386482124578,21.43236400051681,7.454569525710306
512.0531283861924,25.75551388712915,8.548396809107315
649.8157402565641,27.654869699459297,10.592266808781172
730.2270171225014,25.14968602804988,9.632851119755777
739.6774004232752,27.029285447197143,10.319591774292531
732.7651777119901,26.963261308504634,10.277608551772389
828.9540665200574,30.244680381276776,11.206430548280412
584.3566405225214,30.90821408543681,11.951660124321538
348.0527876180715,24.742104794777557,10.736402748006586
247.55139696706783,29.595490000376724,11.451358135007757
5.4865305963477536e-14,26.49672212602128,9.816125440934277
0.0,22.63852533474615,11.113558922117612
0.0,22.723028800714832,8.687734772782397
0.0,24.48029231626684,9.683680803224389
0.0,17.101935313855396,10.389075690495133
0.0,18.344712100174238,9.525525546851863
0.0,13.151913876681775,8.153354918036067
0.0,11.481669582646706,8.414108174720933
0.0,12.057774405348788,8.226261308204766
0.0,12.344033260982453,7.930328870879061
0.0,14.163251892055921,6.133512903847798
0.0,16.754020420001954,8.236499666641924
4.47865846151928e-14,19.185537313401543,7.128949446089747
242.78151267208816,17.510687207180155,6.803054846957379
392.66111684477795,21.42546399502454,8.870676529844674
539.2332592374313,28.077827030891456,8.75531974311088
828.8512111547997,28.5642565869701,10.872506323483895
900.622023170029,26.50597356845824,10.656923245737879
835.4650993381812,28.295181699614897,9.509604592089984
817.6132512993963,30.361966663576325,10.49586615352053
617.2573733522474,31.599550585504137,9.685738753571023
693.6291648372159,31.001026192995056,10.790486240890647
483.18763158127,28.07727042511609,9.828355725179222
239.60504777807046,26.62377134380752,10.562187502057164
4.75673517220912e-14,23.823693178912645,10.163435236462732
0.0,25.14884912060484,10.433369622111863
0.0,18.287651394950267,9.237001443222685
0.0,20.334313274981554,9.788458764672836
0.0,19.427507172498075,8.227700473427747
0.0,16.923358100086418,7.940097652990568
0.0,16.960012457997692,8.282088212885437
0.0,13.715056856687253,8.533993554077462
0.0,16.57838651263837,8.919776368545207
0.0,12.996126457640973,7.551221932453824
0.0,13.727066661768855,7.367895721077113
0.0,17.073190828815306,7.528712445141623
5.304746172837629e-14,16.13138148910888,7.422431649318287
230.99088156834645,23.58415925806368,8.035264773977145
392.967822446935,23.832674853471254,9.891382392381832
588.2988900958959,25.647250673614806,10.170066538569223
812.3524929692313,22.75752139658844,9.234533788557414
833.490006903937,25.12299228413596,9.206768784787975
709.2771413761805,29.290074658635195,10.61435531482022
707.905962117233,27.77574652325525,10.703791109796406
780.2817976243359,30.736451690320564,11.197605738472127
583.6519396007507,30.505022703766674,10.272182743289747
478.16787690529225,27.756297776739636,12.466454903857102
256.5424894198877,26.039064042768445,10.158524098100411
5.856303840287517e-14,25.72652323626547,10.12099451153764
0.0,27.151371873800432,10.18087920720864
0.0,23.75861328504079,9.054558007630241
0.0,17.57041017256134,9.290097829499942
0.0,18.63931375464304,9.620632813872072
0.0,18.527464292162524,7.614710921129423
0.0,14.151565145916306,7.853108749923306
0.0,15.314064200032123,7.437703039778979
0.0,13.902814565331374,8.44765973706153
0.0,16.722462257878345,7.087767063129122
0.0,16.045385445540308,6.49368032864455
0.0,15.186558501707088,8.929519365723687
6.041840751829879e-14,21.36089622396424,9.850740758676553
211.9402075416798,22.12082473088401,7.765062778373812
355.9849836875173,26.27615601194411,7.185194165884217
630.6090629479336,23.98928784895818,8.986109593603423
652.4405260228602,26.69179238179181,8.635632857791904
776.5744592063635,25.93938988056079,9.748778535647709
872.0340498618353,29.498146506277703,10.707583810642571
762.1500582421703,26.590914510867815,10.36712584552076
826.1599351234145,31.292049591935083,11.598086885319548
520.3002329553793,27.167011460913635,11.092526317375608
371.65597971434215,28.440837494014644,9.322236769319309
251.52162175307433,29.979279162571775,10.54572502055869
4.825356946714683e-14,28.573017280195334,9.261899146170167
0.0,22.115929506808673,11.158658375609612
0.0,20.716326760880367,9.419699795098849
0.0,22.65887303093533,9.426706595418961
0.0,17.69014949370868,9.355270037847866
0.0,18.54228500260486,8.77476669402754
0.0,14.818894544814535,10.299952823780938
0.0,12.914234969313018,8.475382703695791
0.0,15.17137835280199,7.853071838264338
0.0,16.82022860284644,8.729697436376444
0.0,17.650965659355528,7.176128659871375
0.0,17.64535566842807,7.235116094646749
5.0667011100940517e-14,20.18150437722887,8.226221928052487
237.48976949841088,21.28915800536259,7.25722568360001
479.60915857876046,17.842574944528007,8.487614921260342
561.8254860523508,20.078043462029733,7.930441793572276
629.3882797778183,26.680073999983808,9.417268304861384
894.4227439931367,30.558509463578,9.252592532599904
843.2181715557915,30.33619745389282,9.838727104280487
944.9738711192068,28.074919282876966,10.394300140652662
651.385187259465,33.99808790601985,11.116083378821372
572.8702402895374,29.97761543562993,10.315349262917717
486.5417994801628,30.462479442362977,9.730359597205855
188.34358893477028,28.641566460432536,9.672338974680159
5.539298483769914e-14,25.76002189419276,8.875936153777507
0.0,21.511347641781924,9.300832106926684
0.0,26.772225637871024,10.867697138454137
0.0,17.804394654515587,8.355230885233974
0.0,16.903854520307984,9.041623106190338
0.0,13.965042263321473,9.378400214361392
0.0,16.721287149466217,7.623012656218493
0.0,14.649201998895228,8.449709940727615
0.0,13.433051791996201,7.216763606672961
0.0,18.73573215195319,7.485471048458971
0.0,17.010695060457092,7.068702904136594
0.0,18.640517643567154,7.377860492373603
4.865900413902608e-14,19.713855977239522,7.511595501640465
229.98853825726044,20.794333999735844,8.544211399487848
479.474554485776,22.61307201123237,8.015812172466319
578.3238214784802,20.285012504154825,9.969405368548518
651.1866814323006,27.203390237030398,9.882586257327326
749.1668361105701,26.41883579452591,9.134467932508214
872.5274468819945,28.937554492795694,8.797557999836759
746.1573775035783,31.646491249956906,9.38834179162411
781.2700499235215,27.92639408446155,9.597874265043497
567.762024255115,30.025950871086533,8.928563501258012
377.19724846320827,30.079714351385245,10.723727920839279
202.3642462722366,29.69184931876558,9.28815108736652
5.285778437194818e-14,27.124837395533085,9.387137282212624
0.0,23.62420893052137,8.618399484892294
0.0,21.672113192315827,11.472761449375122
0.0,20.516578742763024,7.35873436636255
0.0,19.048571999322267,9.018881545762813
0.0,18.278886112524397,7.571606171398949
0.0,19.403808187278923,8.499310675346697
0.0,17.41208727510287,7.674498256824666
0.0,14.133603314039265,6.840171998027472
0.0,15.276958545169672,9.244470822100743
0.0,16.404111119871615,6.881607864809984
0.0,14.518210222747204,6.592999520673782
4.5460855491847504e-14,13.905545095444609,7.982020111040826
222.05435428779182,20.739115837400067,7.807986143346009
498.411278139388,20.453686289076142,7.666603189341868
629.2055318422312,25.914273029282622,9.767693138327093
659.249074980449,23.548383412533152,9.249551712029932
893.2205895356703,30.503430766484506,9.02272501219329
750.1701036937993,29.003828423335936,10.393952419389116
890.5147870080539,26.028976241363143,9.709711940190264
747.0935772422512,32.452041772430384,9.828093268009093
652.4735926912458,31.222454661728822,9.510409966800767
442.5575179536338,29.574707581689665,10.108668752851893
224.18729629863984,27.66379909390953,10.489708669025717
6.021864004121163e-14,28.277035693182174,9.664308826347346
0.0,26.9432759439927,9.371039834881396
0.0,26.34993805470122,8.527263566437057
0.0,20.74776595452669,9.913171471580872
0.0,20.8469766495072,9.182395963152535
0.0,18.552857523887504,8.295861339965988
0.0,15.274406710204476,8.428261569869733
0.0,14.07303425436171,7.29515074764171
0.0,14.857258099302516,7.027758765639606
0.0,13.369895867072147,9.048934204803693
0.0,16.64480835069373,6.757620583988394
0.0,18.039229344084955,8.990996708938296
4.385595218441778e-14,19.072521727480257,8.129801366633696
193.74954918039361,25.694418325883035,7.915282774858419
418.7575771510581,22.214695802969985,9.53348709934367
625.7329069832172,26.57536177949422,7.725179886783298
687.336327431005,30.012955768045263,10.21858575292864
975.860125091885,30.42277556218918,11.378368367455554
940.1652143686802,30.42915892950889,9.250414508057341
815.4049628890011,34.19796758455206,10.74416206757748
881.1053558637902,32.51687103375246,9.986567948158823
591.6336270815333,31.59300363092967,10.143297800913043
424.70107848882327,31.890400030547777,11.477999431317206
218.9766434249834,31.41986504737648,9.209735954876463
5.0114748641970787e-14,28.57789607942738,9.662034804988696
0.0,25.474530750144773,8.626681222211808
0.0,22.227414206843466,8.007515876736944
0.0,19.104956848771575,8.25012055417075
0.0,22.523258762735338,7.530825764204441
0.0,16.55779595915854,7.5597068661664855
0.0,15.321631754335762,7.358338978945936
0.0,14.116207217078772,10.167850668744922
0.0,18.086346156918854,6.892490539732221
0.0,11.726128809568355,7.145734818956281
0.0,15.40247413366297,6.2047683129528455
0.0,16.83411170777669,8.158011945759121
6.153587590377006e-14,20.60997263744731,7.207879674877137
193.22648397895043,22.38617805329158,7.232909518142591
436.8598673681633,24.88952855535315,8.096704473489591
619.7568557120429,25.263473241558284,9.490207684187666
687.0298591676291,26.705502732803552,8.655001363970246
892.1485719793409,26.407640202905828,9.834633801337382
1018.8640667637914,29.968159478348824,12.479821801543071
901.4260690213634,32.42677788810944,10.82635442153912
660.2079641048878,26.314824149290466,11.000236837124334
700.2851487661032,26.955219223280913,10.506899115081557
390.57513458465024,28.429573931690342,9.907063147204804
224.2002931988459,29.113628326297924,9.495084474150891
4.9005207362831445e-14,26.059613395413308,10.724878723604995
0.0,28.9967192656288,8.372396193212793
0.0,27.324348086109655,9.22110550073363
0.0,22.8658596717909,9.885209573101417
0.0,20.05797204321819,8.051145360412734
0.0,20.663288426902884,6.557669786048455
0.0,13.188768340584868,7.815088309427219
0.0,16.365424806284906,8.235731127765941
0.0,13.003328022378813,5.856758576889171
0.0,17.139077417282838,7.576485906698855
0.0,14.455370368268401,7.602501407284411
0.0,17.450659495660332,8.207741975303774
4.680322698720633e-14,19.756404648193417,7.302959710165488
262.04928402528725,21.631878014406233,8.6951981381593
388.6932884533889,24.598271842339457,7.4168897837472905
556.5494403335451,28.029996532207726,10.955370019407516
840.4391932991884,28.168122785795074,10.796074625221406
752.2946931354874,29.796566795135682,9.837214847183997
873.4863148389752,30.971214834802563,9.646471012048151
916.9220372435731,29.967175245198803,9.982722214155677
789.2220331550357,34.04142735109369,10.051873513004804
598.4024562669143,31.06709357152462,10.875278806428756
460.9914610115867,32.77720210971603,10.049460993787628
208.012139394722,32.54714657348547,9.022323618766695
5.438917394843438e-14,28.146307537141716,11.034006353371506
0.0,27.933869932053824,8.730914889509586
0.0,21.57138334986705,9.374365291126635
0.0,20.501739572610035,8.464144573404141
0.0,19.86003997511484,9.237446985266832
0.0,17.00233090825783,8.037183149329255
0.0,19.099886122208886,7.747857785667758
0.0,17.080570493690193,7.433046630081725
0.0,15.018863324952148,7.082709486337143
0.0,15.07287599140903,9.144138976092652
0.0,14.759540344225755,7.597659524762683
0.0,19.757416158657485,6.338647298882357
6.151534040544451e-14,15.829956522443087,8.319937981346207
189.77497292372234,22.153080348843634,8.523413146721603
383.0378511363037,21.376183271020224,7.091131798298616
610.738243881835,25.944411106651092,10.113788177796959
858.209120585672,29.02846557635282,8.676132590466658
846.8733941677046,27.63047602584789,10.493037838818708
988.1576226238236,32.40493245818878,9.207255243340096
1000.8007223103092,33.2297756016335,9.850587207897576
787.3306224253043,32.82040449705012,9.834422363769466
697.4782672683026,29.09992142263371,9.602533182904452
465.3552399215272,31.522586821849185,9.649509999719607
235.89183937128453,26.702661274545985,10.3235679862821
6.314445422587484e-14,28.59925596702828,9.289360524013567
0.0,28.80441328663683,11.74673420881502
0.0,24.284182070716316,9.833890822924497
0.0,24.25462756706207,8.562363800870779
0.0,20.916326920942993,8.230921632874834
0.0,16.244592886040184,6.987663006032072
0.0,18.84824526428503,8.7745433330261
0.0,15.143740868052424,8.101503466383623
0.0,18.5741066774063,6.604767617796926
0.0,16.613176448487373,7.963400203717795
0.0,17.37882751361814,8.195069719606614
0.0,17.003583667321674,7.8389800480968255
5.3889801377145156e-14,22.525409999670767,6.9580815825664875
221.46639266375666,21.999411470116428,8.469660652314262
476.6108468033398,23.693638471506,8.00489766784363
594.9706173024614,23.2824927104941,8.71575275950291
714.9312248992215,30.333380152700656,8.60936765029749
746.8001806645339,28.688033200188954,10.259700091849565
1038.3260713142938,29.045176965420673,10.332688684362616
886.5050764020673,34.6587018053163,9.189418024130667
751.6888611338784,29.465614368804367,11.26726973866651
714.3332869304775,27.549378390609924,9.425983517744022
519.9916776426435,30.550369253774825,12.265390548334128
192.19676560485146,26.774923114139924,10.179379751663692
5.89525336389083e-14,32.460473639958,10.126270470829029
0.0,22.75871929729941,9.513589685355393
0.0,19.72001672973885,8.543906125596493
0.0,23.35913356321701,9.422614034148808
0.0,20.327625728892244,7.415425344168443
0.0,18.899545346986507,6.613575051614866
0.0,15.030142755076156,6.183074757259307
0.0,14.772659959855623,6.625971766478596
0.0,16.221304687308972,8.477828414122145
0.0,15.831681394493241,6.728399829042994
0.0,18.81276890033069,7.064170973103142
0.0,18.768055593348436,6.958371118695022
5.2124039477094494e-14,24.299379423125565,6.530880839621172
263.03416838989153,24.47057324477556,8.342547795247647
437.215481072516,21.40201704798516,8.71736570171359
579.0602367574518,28.764919999425018,7.435021812146547
709.1157904608708,31.8738945146234,8.307192515808564
723.1621858598021,30.597818873488222,8.281875637364587
845.1157815288092,30.780644914296026,9.627355413018854
751.0515168605241,32.92847464296546,9.887209103991626
686.4805317348117,34.20577421930634,9.803918794916585
665.3117710131169,33.879170449587164,8.675946324473994
444.20172864764265,33.36140726364648,11.669980896416504
212.86506117083002,31.293585213559957,11.319776685777674
5.3313938704333e-14,27.64694365733839,10.315682933255635
0.0,26.818360204932585,10.672070613558887
0.0,24.75157760613469,9.116794725458028
0.0,19.300483009821892,8.84473306913986
0.0,22.25353333972492,8.586003148819211
0.0,16.38404316017574,9.20115666424714
0.0,18.44985856715012,6.485880226272965
0.0,12.880476332117684,7.269752997498409
0.0,18.39541259224105,7.040237338640506
0.0,18.92387234913931,5.848741723888286
0.0,16.15638498418935,7.153785748649057
0.0,20.076442816987022,8.017905110174807
4.581634168340366e-14,19.872286640725214,8.030114161286935
215.47840512052235,23.47596753947809,8.204469576934097
440.8240219677674,25.41165043108971,8.520969317076258
581.6621598284928,24.576355283809637,8.644336167416645
910.9621034471878,28.10924343287351,8.908662021818602
914.1214119582074,30.738264467863022,9.657257735243176
880.9645915064095,27.713513703865285,10.952938755870822
737.1157385889646,32.702537367447114,9.549346878932496
716.7718448965247,35.36080332936002,11.23498344327066
707.758641076183,32.84542497714343,9.168968737817735
414.6286436234093,33.348912793552614,11.292643736682567
208.44588292779,32.85099090215302,10.441099019921467
5.741972091433655e-14,29.04590279139402,9.312052971594529
0.0,25.915581487214098,7.9397830880620095
0.0,21.84473633463913,9.21613914483242
0.0,23.097043793065865,9.307458582338626
0.0,21.53223714656483,8.260518480852008
0.0,22.337975328044745,8.722166958249638
0.0,13.16025202113778,8.112291584281081
0.0,16.01444604563113,7.211799971937376
0.0,15.351968660072371,7.639638437032286
0.0,18.743839035948973,7.8847250591729185
0.0,17.809395264299475,7.708901544431859
0.0,18.87208415512074,6.962566346682391
5.833283981216135e-14,23.341379194226157,6.017296443103725
253.72251102245082,23.82150592270903,8.14213521169331
373.0881000168259,23.49444936448419,8.755275997323595
656.8701762127125,28.845302690380677,9.111062955233878
868.3987248116291,28.256643335564853,8.862574619230134
759.9652889594867,33.971971287754045,9.248828384221264
1032.555346805684,32.15911932578947,9.108170104228893
946.2956940378056,32.46673907714597,12.362989617436165
918.6229362025563,33.187712588337625,10.479168558457603
581.2634033029409,34.04443980148153,11.612701899371675
431.79094767963136,34.62825781138665,9.998816671043963
219.4405538641695,28.43769842332063,11.099835557625605
4.8960429739086634e-14,25.639356572247628,8.950521586213165
0.0,27.67181720928914,10.073216326565372
0.0,25.524126492774677,8.440215716576713
0.0,24.26881498645269,8.248223340633253
0.0,18.559773637079143,8.462945306429244
0.0,20.04269630712151,8.633519066821567
0.0,17.21295028660295,8.089272626990926
0.0,17.390563058218657,7.346009152746616
0.0,18.51481694101266,7.116785257915417
0.0,15.130590266649463,8.100870459157887
0.0,15.011622514641653,8.53735365009194
0.0,20.911504418513147,6.48487326880969
6.170045145066969e-14,18.080148405192997,8.971937921839647
208.17477357572906,23.326248788140234,9.08017136944968
393.76822577206207,23.178993821671114,8.884657638387303
595.7833327283837,27.933732568339906,8.942350226560183
726.0185308870937,25.464129809067256,9.968892333295685
837.8523259926839,32.23763401965375,9.528842769506484
802.7812075523798,29.68884817057168,8.274239630964008
742.1152145763266,28.0403179825049,8.88394006376828
744.5578333546491,36.76047499866934,9.505682733525845
662.6436773125979,33.1610386987252,9.810651958982664
398.6134333897991,31.555123914844156,10.900484842419125
220.6459772350684,30.959245194856,8.929764829765844
5.1695524521231766e-14,27.141060605791022,9.855225434222806
0.0,26.95395101162552,9.671129768803784
0.0,22.757827511897176,9.531457330885003
0.0,21.270588453289985,8.694473871982405
0.0,21.05567208398537,8.303746327171496
0.0,17.54942909212709,9.72700715207749
0.0,15.523887799261399,9.042862370435657
0.0,17.326652479077097,6.012733584803262
0.0,16.864345629301553,6.789072683353823
0.0,17.805071533611777,6.812682205405818
0.0,21.44682414362952,6.412822897482272
0.0,19.52015673112128,6.42704378016421
5.1495272861140204e-14,22.527111776924812,6.641651392870781
201.34758855236512,24.70148877387964,6.880888252512311
485.5303020352167,24.15125821316031,7.5351390734197095
569.0125403940215,31.46255500114861,9.165232292418734
908.4452837934164,28.078981910194553,8.611173824011729
1031.8140286727098,32.79311190258373,9.34183925814777
883.5776608768065,28.855239480063602,8.100337773187572
965.2923556944389,32.70310859712934,12.278775738773014
687.3937560815446,34.504683064138966,9.533898581050044
735.6594321464598,34.05955299760017,9.503180795636112
482.3861952749131,31.320746112022253,9.612407389939818
196.79713309419927,31.303276289811073,9.804688799219408
5.842729681766405e-14,31.18429831961098,10.082544700685975
0.0,30.077661717124254,10.014403672140787
0.0,25.134235584513107,8.486182403173862
0.0,22.125600409844772,9.18052187869287
0.0,18.43374016420589,8.420271950314577
0.0,18.53446421935264,7.731650571170975
0.0,20.714950912159985,8.450935977928586
0.0,17.872601582672786,8.121805716498882
0.0,20.7751198732717,9.722565308556831
0.0,15.81618037827761,6.30521983607993
0.0,20.692129792381685,6.179680783450976
0.0,18.366687765771633,7.480094482314782
5.542963843431995e-14,22.216158601472035,8.555856524522222
271.55171447714866,23.302898674127135,9.964182417979512
459.0701232613195,27.52370708124692,8.853270992605811
656.1370641122736,28.41967068058781,8.917682340635894
900.8883269407017,26.859678060664557,8.538126850220717
1038.4169727470712,30.999262883216467,9.749873117524912
847.4146514025302,31.00889580689397,9.512409977430512
876.3622837677349,32.53631507628171,9.261456604055144
736.6303671695201,34.75039275850169,11.413613187006021
556.7494027471566,34.61281636867701,11.664991792568827
409.7568458645791,28.61942073376758,8.983393352242604
265.26551838947864,27.524175522307036,11.440167227071344
6.015563066386671e-14,29.699215745793563,9.445443655298043
0.0,30.77542075358632,9.925638747620656
0.0,24.302883102353267,8.3938712748267
0.0,25.40869914552322,7.811599270386658
0.0,22.047111378891078,7.873466719968742
0.0,20.098673125027997,6.766407491717283
0.0,18.49047791014735,6.457119631202749
0.0,15.32314245397749,7.117299964932133
0.0,17.020347473198598,6.531179629385253
0.0,19.277632741636783,6.491389935684532
0.0,21.47130592622512,8.571874950341057
0.0,19.43736891330413,7.706439922347233
5.25909538570947e-14,24.578644992442364,7.346473563657371
198.8170925483321,23.214549142801857,9.419891871060548
457.2983834332462,22.090927885983103,8.576545198868205
602.7024217634474,30.028860236280998,8.870597044784763
915.4639088093946,29.760269092346856,7.908924339528072
1038.3008461842562,29.768081421595184,9.177048905583206
934.8416123846498,35.86431665989606,9.63509797026372
918.7010841157927,31.560941062479003,10.103342799881739
829.2821500028373,31.7537345617879,11.93786904931821
720.4250101064206,33.65926590494428,9.769272518661817
501.2705428980116,31.690621787120918,11.461597837318795
243.94846301987673,30.098732163727693,9.278265983967758
6.281894016626692e-14,30.472885700681275,11.0912538500151
0.0,25.410530147941998,10.125018118659408
0.0,25.176597933772346,8.538751987488892
0.0,20.87838244209512,8.623668771232342
0.0,19.153524354641505,7.531472090181852
0.0,19.948096784724367,6.769648808017852
0.0,18.17748149361548,8.252931659210919
0.0,21.952245438673366,5.690817226093404
0.0,18.817418816412665,7.115226600877607
0.0,18.041914482099774,6.031801325796923
0.0,19.823082688921414,8.128199497668389
0.0,19.178453278479296,6.904736130847543
6.326427199608909e-14,22.099530203843067,7.889962801597881
210.43081204469212,19.311860602049645,8.407363087321166
430.70653669056156,27.674911018509395,8.341941096049553
658.0370193900956,27.755075632244655,8.647384360669122
881.8133423175814,32.10131492498499,9.429745469670893
1044.2035698667041,33.35710536542723,7.73293951789577
802.6052011675491,32.34360861836515,9.044022969597055
950.872328746027,35.65032015718232,9.974280560436291
774.589941822721,31.912690716373074,10.322958231906954
687.5524619711748,29.78940118779156,9.956800475598238
493.7401418318429,33.126490095580365,9.856956418602204
244.68369430725537,31.62726357111555,10.408450367548399
5.798589957164742e-14,29.274752318114245,9.141344270599802
0.0,26.210146306902896,9.96275903209941
0.0,23.979352086598272,8.483314465843723
0.0,23.995302923616638,8.683188704825964
0.0,25.59961240344407,8.824689419950346
0.0,18.281439865217326,7.631192045206164
0.0,18.35088964761486,6.8685456475788
0.0,18.68291505056571,6.526662121433832
0.0,17.66547359891088,6.5437129723986995
0.0,16.631724400839772,6.0393275004675235
0.0,23.932529004427018,7.547583364124746
0.0,19.129794566163845,5.875116175924559
5.7852384521712e-14,22.868242626278022,7.236147422686976
213.2907118620497,23.92302986622784,7.502066983015903
479.5203356116326,25.9078076899773,7.9121919398773635
694.2718364761098,25.90069312660681,9.412690342479085
705.771981836849,26.180299557619847,8.024928815502594
952.4393432064354,32.42420162660378,10.338603858844586
976.5910852213863,33.65584067122409,9.95445929943107
945.7337548910573,34.06225086264598,10.94631861569832
824.409654677823,37.35279146807561,9.051281990447606
743.1423631242491,33.715593085902604,9.890119998752823
496.89114892233164,33.19466087805417,11.952718048523309
237.4800623468196,31.42544317781864,9.273954685032871
4.9827333816352905e-14,30.382455142903236,9.017215970188222
0.0,27.979508215864705,7.725173557265175
0.0,29.521994696495714,10.132710111408333
0.0,25.976952810153453,7.58265935261811
0.0,26.13393992850366,6.832278304065848
0.0,20.20906710643447,8.424402433558384
0.0,19.41302691038224,6.543964499272796
0.0,15.03134534064706,6.91651436614632
0.0,20.083297588759244,5.631777489289629
0.0,17.1030211183593,7.192530153278236
0.0,18.144558158449414,7.206319315961188
0.0,21.566700835651197,6.8420775549373944
4.993599750883156e-14,22.428880310011568,6.7444715920298
271.8565754919128,25.79449316251759,7.990539853058889
506.91986840315224,23.928134962395692,8.723213172928643
623.4856204244469,24.460429761817124,8.930371335557624
744.4065953745271,26.4787585863147,9.006623676193183
903.7297337283211,30.93778245136278,7.9692937614715875
1034.6026562719287,31.764164185339062,9.147621863016468
756.7805169157239,29.345745822352622,8.666101998304446
824.2880441773025,34.08611378759339,10.155332991024643
756.1023536239753,31.640732577823275,10.210114686162688
389.46005205771985,29.292167229265473,9.091164985642513
223.55202082998437,32.773887687139634,8.795028600028205
5.779027364190539e-14,29.961947850167913,9.786695353952604
0.0,29.213760119103824,10.344080210259685
0.0,28.788808832902095,7.615746505492014
0.0,23.79647989385737,9.37916468269476
0.0,22.35297548195984,8.317587309226113
0.0,21.58503411426754,6.567022227634994
0.0,20.379641292287054,9.202135155121693
0.0,19.497285218662554,7.558583819506803
0.0,19.72067326195135,7.462048423485075
0.0,16.440999695922365,7.265671394080881
0.0,16.003586302568007,5.892057231823093
0.0,22.414191237295228,5.484023073124915
5.303341573181895e-14,23.807022393853476,9.214510883563896
224.43086872460316,24.198992990823513,9.008485378646403
420.9714331747845,28.10449664891428,9.851147429355049
747.7040643833027,28.227407320709577,8.270745255565306
866.6223808541174,30.385895662918717,8.817796939091163
1016.793055822078,32.63594120514251,7.95665222193573
877.2418787755096,36.51440379542479,9.79369456680931
1038.0629584426445,34.70684437560537,9.240396785734623
796.7741827705155,32.06670144709129,9.323197709613687
730.3753337866349,34.525709237610016,8.450234908326774
463.7646698283721,34.523124535531,8.528711563061458
253.75645916315673,34.14130420255186,9.406185118550312
5.6719020842907467e-14,29.795636259848255,9.771818322146732
0.0,28.639215264679585,8.434800093812223
0.0,29.403123959458494,9.788117246290298
0.0,26.025532630495267,7.826605058745223
0.0,24.18414745780991,8.754226114940522
0.0,21.726636700647603,8.622538051583357
0.0,20.14350441725696,10.806193088665019
0.0,23.048410012929814,6.812494943110749
0.0,16.85595896022882,5.446405712534782
0.0,19.35946081120368,6.127202097140306
0.0,16.705829686140294,6.447960758450973
0.0,20.789080900376103,7.890104888317912
5.1249142065486864e-14,21.74299284750233,7.9062179072299745
250.53218914134425,20.999128200889743,8.706191528129837
499.73095019538084,26.60564934984923,6.920472223098679
568.0637244522045,29.985632244261232,9.285910885020561
833.6051775439856,28.005700961907376,9.650069667768761
813.9549987684613,30.731041296876924,13.092183971218802
1022.2639215219493,30.810848871117372,10.946787443507613
932.115327349074,33.84948574450724,9.203331130271387
949.3639827451301,30.12394060273971,9.905588203168874
593.2738277752,33.774892191575866,9.817553743067869
527.7865721293606,34.8838874084147,9.887629635197431
244.40598472462818,31.000489060662385,8.26882812490804
5.065857835852578e-14,31.931391096107156,8.823602573960214
0.0,29.47388383081707,8.841873146430025
0.0,25.82964904678597,7.889566263903788
0.0,21.141499311379786,7.583210251897259
0.0,19.555565001915998,7.150373960946518
0.0,21.351133298120637,7.109471890131999
0.0,16.60987071399619,6.784770679284671
0.0,19.799823809051354,9.531563595427578
0.0,17.039584966806718,6.955909316303675
0.0,17.804074710446617,7.117469546615319
0.0,21.024627319113932,6.595557433267845
0.0,22.37186194369587,6.639650349371532
5.158156873903158e-14,19.67706388707896,6.884462406693706
214.2680869480151,22.530850980409475,7.068339454148216
444.5939044121534,26.52975323255614,8.698097320547308
709.402537930536,25.71578317790092,7.701444696603289
814.5220053647542,28.493777289886104,7.3513860275685134
833.1697879793924,30.020261342872157,8.421004077118967
1068.1001702359206,30.574708009202023,9.427685819566934
904.5315101689421,35.50610947596737,11.878563035183788
909.7832061503773,33.272968798785584,9.506819801768906
727.7600705891017,34.04110548415915,9.336038128597712
405.06230013471964,36.688753423338824,8.998727198182216
215.18018680328456,29.338007558222266,10.648273786611048
5.482783251086248e-14,29.608152385031623,9.310261514490945
0.0,28.209295272141656,10.090129605294306
0.0,28.59692353840248,9.610174361114263
0.0,22.071398873404192,8.932111517060914
0.0,22.746099831633902,8.733008078497516
0.0,23.49107062276545,6.619225619914513
0.0,18.1252871296537,7.9413048494003355
0.0,19.31362064170139,7.21732464386302
0.0,19.043250173543836,6.232146872577217
0.0,18.60438629512314,6.525551103748025
0.0,21.265892682112312,8.489197929028702
0.0,22.797973899079462,7.179148554432706
5.397845323715969e-14,21.1614527330785,6.552134324434285
230.01097050545522,23.214424355118286,6.780696461558523
410.90160379582585,27.582551137849336,8.470232933097437
589.0035275958775,28.68992466717209,6.810123453700242
757.7070649033514,32.326249160622325,8.381609157051596
828.788407572172,34.37067850494627,9.452311276476411
1039.896174847016,34.510162796243264,11.738947722758233
1039.3802269374592,35.49026831246375,9.0882526171146
712.6420777783068,35.16456700285373,11.078312849347919
592.3654028027336,34.837331763145265,12.27361673332394
445.4325814147069,32.53651067067263,11.1130693089303
226.66953837984968,32.81293488766061,9.820563677889668
5.4411514189027946e-14,33.87041721380184,8.276887414065888
0.0,26.56982960287059,10.53866543572685
0.0,26.453385964214327,8.63315914942089
0.0,26.93902107857816,8.768552799597261
0.0,24.394372213127653,7.405192328123076
0.0,18.910277499963136,7.2892767137306205
0.0,20.621912904940356,6.6432222965633
0.0,18.318509248445785,6.804527562355728
0.0,21.601638332868287,6.559306229184145
0.0,18.736170205357258,7.688125936051294
0.0,20.119445591613946,8.56144578710512
0.0,21.712959950584416,7.384985893743584
5.0048499503232885e-14,21.776625364760125,7.788454036637941
215.7823047024049,25.653031788778687,7.861363307928977
497.2112136693854,31.076690125773943,8.087114864639569
619.7440155429898,31.572457093346948,8.479342833330527
738.6442813097815,29.240276777360034,7.723326907055472
797.8028714741667,30.851249421691225,9.684513461917522
845.3389168889768,34.50689054688217,9.181467917098496
920.375598640288,38.30662977162779,9.058249505662744
833.9376547476395,36.22728969661848,8.693962919556265
731.8556996224539,34.33116918163722,9.01778473117703
463.6729821665496,34.789861701008824,8.83740974324452
226.7402466095528,31.809972703916284,10.510371794395327
6.075914128324678e-14,34.51909607351196,10.283152178014173
0.0,31.645563025706533,8.789902666980314
0.0,30.08924184068402,7.550512118113924
0.0,26.542446329229666,7.549433496155088
0.0,21.576549040076408,6.794597512237928
0.0,15.764956027995481,8.198116346323262
0.0,18.68434098054177,7.6290628654849675
0.0,20.855868207737693,9.279298960550113
0.0,13.55283616913523,6.562464274081403
0.0,16.786387539479424,7.128011629026289
0.0,21.995169097518488,5.713591275880548
0.0,21.95201935224095,6.639686643737836
5.6040779466495293e-14,25.226070506146627,8.27620659019782
221.7312711815121,25.004312364994863,9.053870304775751
490.6233536177869,26.199171692218503,8.88898961660208
745.4175669812678,27.6220184962827,8.87315204009311
842.2546261636331,33.737425726920755,7.472641845056143
838.6600865698708,32.361076533540654,8.522477734187406
929.334935910486,33.2924750574114,13.388019001779753
964.6466652481312,33.81044548183334,10.22759766521165
969.7032532480353,38.16568877118814,8.577419260385476
609.981471069203,35.187084386163804,9.412309069319289
547.435938910166,32.3843791015212,9.204723061387009
273.9585703312519,34.04274716188534,9.169603335742048
5.1047076588395064e-14,30.59339457050875,8.990627042771859
0.0,26.633754194594346,8.370025910629103
0.0,27.734329512757405,7.875403282216512
0.0,23.29620920808768,7.57300803182896
0.0,22.752649892016017,7.587628262206368
0.0,22.72210783151524,10.247603659264733
0.0,22.167600460905163,7.186642466875922
0.0,20.873990243391713,7.455722227740049
0.0,19.254956221883184,6.792680943845861
0.0,18.510130851180662,6.4150177608351076
0.0,23.272782441828625,6.84449541054577
0.0,20.90505973015956,6.136288617092756
4.833923504544838e-14,21.863486282373465,8.275531602461768
223.5139602055794,25.83305308584615,8.797062476452428
434.8828008298886,27.465387315617296,7.733172187034512
780.1035569059445,30.913239202467338,7.387214976591355
952.1701764458679,31.110671183313638,8.410188245582894
906.0226072204565,32.34139717407535,9.750680578971531
1037.5622944592133,36.32686802875461,10.275212434219393
996.3408864878417,33.789790136169415,9.155191358123334
883.8886950139553,39.41768320715234,9.863722597075128
570.9705384000611,35.606461389583316,9.196461473432947
512.2160514947655,34.38614596288839,8.986022353795086
243.5847794535476,35.01001783005372,9.489765344526742
5.233190755852656e-14,30.662920209324014,9.959784618191026
0.0,29.257739004724222,9.94166813553982
0.0,28.005016251781786,8.483981354983523
0.0,24.630294269754177,7.800385569752403
0.0,21.148777345403932,8.199764651450671
0.0,20.737770320386243,8.289077613617103
0.0,21.229716967443373,7.035649954182679
0.0,18.727402104872763,7.503778679190254
0.0,20.388534027371424,6.178686372855806
0.0,21.625148964524143,6.476900903858176
0.0,23.17016366226855,6.506558722801394
0.0,22.742861138622043,5.834715514358383
6.633504107593363e-14,24.589051600590736,7.548251247220039
270.91224230298684,29.497138315014205,7.453821157050839
406.2534014296025,28.644037932489006,7.082536775682907
559.73910390545,29.006176037877196,8.325453044861309
922.1218434457691,32.11058823557305,8.424714653752773
932.688768094465,33.31022903744067,9.375545297002052
796.6778516994331,36.64634977863854,8.30577080311537
897.982766260428,34.35289280498989,8.805859951761715
736.2927909360628,32.23459097090108,12.377298011197572
644.627388171777,32.128820221860366,9.788324387767073
536.5324725746085,34.37707397852037,9.817651330908417
261.6866611873753,34.98381958504574,9.818151846701394
6.18849052463677e-14,33.34106116289502,9.804663445661891
0.0,28.789115920650975,8.855096472230956
0.0,28.089472377138527,7.912026196929457
0.0,25.846037771422804,8.88459186937824
0.0,23.211107849552285,7.92893872391158
0.0,24.700818528193217,5.762207557454473
0.0,21.914437862817685,6.603822810443763
0.0,19.969497550744585,6.034942636708513
0.0,21.030629791508726,6.571654244221146
0.0,19.48605117756352,6.27699523920988
0.0,20.826514185118214,6.303069213078702
0.0,24.850954845267356,8.50911537956871
5.881055417428455e-14,23.59607227121172,6.090482322004684
252.28524992295996,26.485455755258148,6.344500114480761
545.7589195178389,25.926751301009688,7.875997309605855
763.5403832819665,28.793113425356662,8.749892314383942
770.280878322603,31.899343725527267,9.32888607658108
907.9536934997893,34.29612774639457,10.472261059026621
929.0541758864156,39.63370226930094,8.858986100185268
941.0133305876169,37.40888579260558,9.969334440267101
871.738420127352,35.81133921525465,9.114385545989522
703.9417491122837,34.628315939216726,10.026677070128684
489.8950132164694,35.093763210915306,10.912476389265303
238.8580264079879,32.48908522946039,8.534163568525651
6.76111516718805e-14,34.908785388390505,10.829049571387673
0.0,27.441636840784,10.094028200427262
0.0,27.670078260279315,9.017364727161382
0.0,25.846225998178355,8.551340771788919
0.0,22.507678509396282,7.90452905977807
0.0,21.350027597036558,7.23998339537525
0.0,21.675509345840887,7.296781197475709
0.0,17.38797500120299,7.128672177639924
0.0,22.755721142600713,6.557955533659199
0.0,18.952581438385707,5.717954965046412
0.0,18.459963079532457,6.824572938817855
0.0,26.67546049275771,7.181775022241975
6.593061537382928e-14,22.726739056152645,6.667417807346521
252.9398812622151,26.31401860341959,6.480684350227937
466.9826547204302,30.367954526412205,6.9277612961737915
712.0061549921862,30.775628391662636,8.577801745919135
830.2719810710279,32.55430653960066,7.940141989323577
1085.6632396382734,32.9617240897472,8.242487391522937
1127.4011706687631,37.08732217791782,8.13291099307825
783.1122931573825,36.250730982077265,8.381838541989987
950.6558039333091,35.265547577805194,10.000986573111208
599.7571150602953,30.988094260057565,9.502072702008649
481.75616880611705,36.92297242591956,10.914621997964211
216.35433038503703,34.431343955273825,9.805309726327044
5.907353866403383e-14,30.20148652225103,9.135549295084141
0.0,30.911856882797863,8.263008315897224
0.0,29.16468973119293,9.103157707093049
0.0,25.213299107219726,8.515605001110554
0.0,22.99406966757111,7.807273773051373
0.0,21.541222511792878,8.955395703024758
0.0,22.365825077117318,6.405199926333504
0.0,23.158630159374233,6.8599814856360455
0.0,17.37083811613429,9.333312571230394
0.0,20.094659590193125,6.488251880680158
0.0,20.402774097784793,6.207393686343501
0.0,22.15742607947016,6.609573140245505
5.5919600359801194e-14,24.325346227217327,6.659763416269991
213.20516595909197,30.297255339847794,6.440579894961943
507.546243522922,26.6427105045414,6.942749744688302
638.6470978741223,28.091793288739844,9.277619360358038
882.2053349517423,33.05634799769622,8.009275185303167
890.0839864010577,34.37467822428427,7.880018386627385
880.6688433608692,36.76981061574466,9.941878443605823
905.9536567535198,40.14328524723578,8.305530141951827
722.9601259625985,35.40631990003132,10.064470666150015
728.444335853355,35.55650129553471,10.960257926652979
403.4359946813906,37.350181689213514,9.405603595803404
250.19889745610988,34.783611949365,10.585400760214558
5.013973722730601e-14,30.912709199341673,9.048121252819527
0.0,27.378557510911754,8.396232016423925
0.0,28.50278504068814,7.92199329898742
0.0,27.454412484100388,7.926781956345028
0.0,23.87608101395021,6.211263267619164
0.0,24.374802498322946,6.626843705744419
0.0,19.664204537156618,8.27105492241735
0.0,19.205784447592585,5.672221676650741
0.0,19.501763477884534,6.6706706904342985
0.0,21.236328433071797,6.850575628928081
0.0,19.284697448710865,8.029172753898195
0.0,19.43250116227106,7.344606417374873
5.0896660246367564e-14,23.597220801491684,6.498058976223868
207.35822998578658,29.973076343581276,6.407277076246232
491.2539094503021,28.45540287013819,7.520444503049418
808.4733516092667,32.280152158408555,8.864455981306895
972.7290055933785,33.293191113855066,7.654666535905383
919.8403036456755,34.8571625083278,8.20628504085287
1106.1300557840245,31.219395033038623,7.844399780821515
959.759758454577,33.832635023895726,8.01369408992102
711.8831259964393,35.85725073544393,8.702099136569252
768.041608660191,36.0203873635435,9.5992900037471
511.51055557668707,34.935486770638164,8.959169363809877
247.61513095157724,32.64004492589446,9.52480563825639
6.269018822192332e-14,34.644841241626885,9.911164515736038
0.0,33.65828379143614,8.23102740339975
0.0,25.34473301490109,9.708698014674106
0.0,30.9673838098893,7.25574850445612
0.0,20.927138903558966,7.793186370822031
0.0,20.20563099777239,7.32315553938171
0.0,20.267089854508612,6.664163783903089
0.0,20.227319556121188,7.189427668533014
0.0,21.09321880626739,6.7794218849782215
0.0,15.455773795246742,5.941025440813175
0.0,20.37760888757249,6.867231373154875
0.0,22.821910159114896,6.77589585805758
5.6012061354305245e-14,26.749578884782483,5.682566756861464
213.57322982930552,26.865106150840866,6.434744118486365
532.4800614869939,28.69171030471452,9.439672477308592
615.7756044788839,33.523083008957336,8.920593993864017
991.0646308754276,31.897449543223136,8.292286326198635
1073.0067385435614,30.889788228406562,8.135615446220815
861.2607298534522,30.761294486014755,8.930531604173812
813.0120532950187,34.930768589340104,10.244484364331433
905.9023082566757,37.65911707360103,8.568688502688536
671.9138146951952,37.74749887028277,11.111154904076715
471.9037216334141,34.24161994743495,9.206475125270678
209.90093726384933,36.23694837548333,8.773711005069188
6.33807333796472e-14,31.75653676896504,8.890073914488621
0.0,36.055804649203125,8.604578259998787
0.0,28.55643875710434,7.758277130004367
0.0,23.374281114327843,7.258282647902974
0.0,23.32955377005369,6.631570436612382
0.0,22.788323707314323,8.78343415749514
0.0,20.980732249261628,6.588913445149602
0.0,23.85790512588021,5.728229153665378
0.0,24.690533493035883,5.407216910117043
0.0,22.314734687319643,7.322859786246275
0.0,21.61538409465402,6.515852760257848
0.0,23.795697952788625,6.600670022576798
6.130814982991364e-14,27.857769252810694,6.857714377616599
210.0368836326211,28.281426886358247,8.113997628170553
483.33351583848986,26.35725146106298,8.418609860763327
693.0849112830083,32.453917221096845,9.335378877743189
952.2201870050108,33.52537153586504,9.491851077612882
1020.6868126764773,35.51337440344894,9.930326388787082
1064.5301485843665,33.137108759119926,9.50230014003909
791.0417351224459,37.043350357597454,9.353166519753291
873.6552671906641,32.1225762918709,8.425089211334262
638.1889269173736,35.61335090608903,8.222538544126003
573.541343168786,35.090345283096575,9.253600132857482
248.90969895730507,37.87755860180153,8.571062307684604
5.029601305037719e-14,34.114695052332344,9.458219883832694
0.0,29.050658051502193,10.057592065550658
0.0,27.393686441322778,7.411533729813613
0.0,27.91911760461234,8.706437920073492
0.0,28.60898283525952,8.717320349806634
0.0,21.28523823093726,7.072827293895524
0.0,24.184929993306152,6.395676851095945
0.0,19.143028831369318,6.869304744023895
0.0,20.65672952070347,5.367743794212764
0.0,20.03250667718437,6.334071422900298
0.0,25.862643484290533,6.579770580511784
0.0,20.10836019792599,7.720790219719605
5.2986436145659015e-14,29.177724304884364,7.7676012843261635
273.4296099805281,23.52319483036259,6.7749696597531
445.96508224130883,31.72697346969827,6.774534038860252
609.8849116028392,31.940934038914698,10.098048182289086
717.6270821419895,33.972535926710435,8.79673779953935
860.5727650923927,33.28127223256827,9.563673931961372
1055.1126347513261,34.336187662584706,7.497873440716009
794.6554081558538,38.14601355567891,7.7951322622432455
821.6013330445811,35.81562322178946,9.47410961480928
736.646780731663,35.568125563300946,9.914754785546169
413.51209508221586,33.61053809867367,8.906453371864849
216.29617350516406,33.29763642534345,9.278912815085045
5.463935136214058e-14,33.466737634386526,8.048844131318987
0.0,28.900710522004957,10.267349060261239
0.0,30.317992107104192,7.300222436923351
0.0,24.630738415047468,6.90743080364971
0.0,21.66970935719149,7.385775947459681
0.0,21.805841336446406,5.8143778166916835
0.0,22.370812997717984,6.676850718577648
0.0,26.29301831165955,6.203685393346724
0.0,21.296584186277933,6.513849289311622
0.0,17.820622763981216,6.769446749188152
0.0,21.32628318343841,6.786272483741567
0.0,22.956773464594768,7.751693065433642
6.242904426668002e-14,22.913868982925063,6.639078304019243
284.54749770252965,25.049469338451864,6.2962046020991735
542.5648418580753,28.3471120949665,8.330324348013134
791.383618563023,27.796527369513516,8.086787787010834
979.8790603900446,33.699541761319374,9.780709660835734
847.9100983303147,36.435448414119534,9.663376745762703
1047.9668231011478,37.394366067887844,7.619448695376816
996.7414050450681,36.056877211748954,10.20136291445543
922.991083368225,34.208925550171266,8.096065367257879
698.0149274124105,36.33300603741088,10.9914588897986
564.1613783186522,36.17347776125581,9.118430554771477
226.01065667323164,37.2555467594384,10.205989121146668
5.2048133329613215e-14,32.53091506283284,8.850286269963062
0.0,30.79351438572738,9.206670884998283
0.0,28.942829950787242,8.668048373355894
0.0,26.747695703140643,8.531647210029668
0.0,25.938599304961688,6.112039436396615
0.0,26.93236601681631,6.216070553959012
0.0,23.040603861731658,6.732559308286253
0.0,24.60681745407602,6.259611989890313
0.0,19.37556438446081,7.362987268506008
0.0,27.950672894007305,6.896703478072581
0.0,21.122191540469107,6.576432965438264
0.0,21.931918849435974,6.061824534427304
5.174304501705111e-14,27.039886441209678,9.105362878890356
286.3948334603358,28.062132137469238,6.389442480625311
461.42848154684185,29.490921387077393,7.3824125547608155
705.7262557589349,31.023972024958315,8.196445530399522
717.442867260104,34.10845512145678,9.148130527416805
1007.9740851426301,31.997746720163374,8.053465960510968
939.4265110766199,37.33450253309439,8.75532717736871
912.9575909359462,37.86140844334865,9.24848570392309
887.1254782012999,37.90878349738396,9.961393011409456
675.6654373643603,38.08034027220453,9.791568771337424
578.0001162040768,34.402299986192176,8.748745909284564
239.90877759023726,35.12142186414492,8.596478505103542
5.43909883554264e-14,31.588672756737882,9.055792415859123
0.0,33.945856216683474,10.050648599704441
0.0,26.813275613566084,7.29521328518044
0.0,28.915927489565092,8.352412142628276
0.0,26.576843957642623,6.316526964621477
0.0,22.463511552647724,6.84000255837847
0.0,23.07457613402042,9.560567869043393
0.0,23.06295884371697,7.719276109630407
0.0,20.60506964985553,5.784183516404792
0.0,22.19245514298924,6.995105641855673
0.0,21.036950771675453,5.679692116763033
0.0,23.44486062579103,7.5757691071774875
5.497380208048934e-14,28.89390586922258,5.540808325725746
268.9902792106603,27.887891799735414,6.414822558330024
431.71095621399803,29.467712044837274,6.602550884066432
731.9919013820215,32.54869742640049,7.749147989116873
745.8741805821091,34.83065096176722,9.528805426022886
991.821079562344,37.24812113757434,8.703442273869666
1017.2275070787163,35.81375646105145,8.272642992670349
899.6185228454649,39.039384573147174,9.65499845368638
862.247089422873,39.4469357750607,9.15481629287297
639.0445859666792,36.058754160477775,9.241576116737923
437.8608387895591,39.563822654001974,9.420534234239266
217.82257803407603,33.57298325209276,9.03711870810497
6.26889254930984e-14,33.22763062554798,9.629462606571208
0.0,31.411683709561753,9.047443084648808
0.0,26.551309212512006,7.380908364820136
0.0,27.861381388912175,7.2917413892913014
0.0,23.519511049543947,8.235732135736944
0.0,26.413557096889527,7.681634789463159
0.0,16.84875585438771,6.337830105522367
0.0,21.35259154126265,6.055587863619951
0.0,21.23529600964789,5.8392801053146695
0.0,24.173582927187493,4.73168583230469
0.0,21.205302399100265,5.406857412988901
0.0,25.636427546429694,8.173133524113986
6.668052693547576e-14,25.97054241728013,5.862864665029709
242.2518500485235,25.88697916812598,6.188210787292128
447.7321244273963,30.511876890419828,7.011132821054651
597.3787057998942,33.686193970827844,9.083444161030668
741.0153244896123,30.7069384159455,7.007403857607833
1054.2173789334242,29.73036742453596,8.307794769833567
989.2065246843958,35.38117486491539,7.728923607175269
883.7240246983457,34.69509330570955,7.569806383544003
716.5875977777675,37.32652119383332,10.655222121909464
776.1428407415161,36.65071792454225,7.934101222672884
451.6122453962095,34.80072665477252,9.74943693244767
275.7242785797343,34.37059896316751,9.15293791449674
5.1213728654118945e-14,31.808288188234243,8.683855901604487
0.0,31.30271208827627,9.178005532428495
0.0,28.962161251650468,7.588070469838607
0.0,25.730296940698466,6.681086434553986
0.0,22.104550644788283,8.344745582454138
0.0,20.95828806755747,7.23337607094915
0.0,24.180826419418906,5.758007505910999
0.0,21.66200256028574,7.339955724281817
0.0,24.07004836307111,6.130760132432199
0.0,18.87938083205966,4.855821069060617
0.0,22.040785015209515,5.054914904159047
0.0,22.81271207473356,7.510742672520546
6.584042415968742e-14,24.505836296748154,6.413223207910349
212.646122328846,28.637054494599717,6.6568817895644585
564.3249560765781,32.71578641169623,7.942285475732905
812.4613491406423,31.240981227842973,7.35490219561619
966.1074147493493,34.36966505969824,8.647704094713337
801.6444633005551,35.760205329336934,9.232255023972991
1097.9195819764504,35.02230639574462,10.44611181981005
934.9847494278738,35.32596714914151,8.27834462545199
752.1525499045474,40.0456684910983,9.760941009165004
713.5582909502862,36.01655813507088,9.98362748945308
507.051174219609,36.721336596922875,8.999066154817697
235.91397963577768,40.145996257895376,11.395858208461034
5.746074682231482e-14,32.92536743062138,7.918292830495453
0.0,29.222000724282985,8.464960477435119
0.0,32.17925726045604,7.578409961408346
0.0,29.452975579385182,9.802764655698038
0.0,25.154345899677924,6.180225249718557
0.0,23.893390103471777,5.59616595461871
0.0,23.219729019598667,6.040607931976654
0.0,21.443318685203334,7.653455081819761
0.0,20.38973661310999,7.666594514548656
0.0,22.200818193495813,5.121802047316977
0.0,23.751899084671795,5.920639220873755
0.0,21.84230518841916,5.170059980037572
5.1615422797186956e-14,25.581716752031838,6.6781123579788675
259.8442205296623,28.17139735606047,6.9421822346022175
490.12581994209626,32.714256642028005,8.984241184623084
807.9827877282493,26.7499863608521,7.9565985129968855
991.3077829716079,32.91246301068231,9.089291260763233
905.9606012713211,32.8779830544496,8.696241350111963
1016.1797589405908,37.79794710760878,9.24269416713173
847.2754421920973,36.50013019064989,9.203082020422872
1005.8468543886861,37.49983687074038,9.668082903156819
666.8867378610639,36.629745307762555,9.8813650546189
562.4221602733911,40.975197995765505,8.870214513626461
270.47528110336907,36.207722522548735,8.331176530957242
5.680284417291862e-14,32.77407837923354,9.355237072495566
0.0,33.19584318295276,8.755225048093592
0.0,26.89883295868042,7.564360342840565
0.0,30.220796318407878,7.555433398399622
0.0,24.949698839102048,7.695970957749486
0.0,23.487659657384295,8.051778843371729
0.0,22.561904672739537,6.7235848751073375
0.0,22.64287107152295,6.236482448315845
0.0,22.07130434344617,5.119653951336726
0.0,21.037398894758844,6.905877387431609
0.0,25.309640936880864,8.519255893772094
0.0,21.73504255582563,7.532649484722433
5.903251548284226e-14,29.450239842064104,8.14075323536907
291.9659258034899,25.613350724039,7.84496799088597
480.97810196313867,32.00029946345333,7.437923166161848
672.4249634477274,34.74544959468142,7.107810268235803
931.5597504194241,31.971475898752928,8.80647943301403
942.3833627746485,36.82335085130309,9.957426525952503
1015.9921747911749,34.64837698765876,8.766761451864758
939.7750695015859,35.63447232939507,7.753633057544088
987.098264590471,37.31887513212969,9.37359516729447
724.1986591087068,36.661217640156096,8.181533866214085
573.4254304323008,35.734768419475735,10.401239591250022
269.9789815046392,35.69170247760571,9.93389249153077
6.186558602707697e-14,35.834208416192645,8.277384648043224
0.0,32.1827574993412,7.527935696867995
0.0,28.149468863612334,7.6256025469703514
0.0,23.850424196975727,7.280683082630335
0.0,28.258808272846643,7.548531994749734
0.0,25.14502019419658,7.361933057223
0.0,24.37457811162845,5.716818770802348
0.0,23.382111111519343,8.267852519837174
0.0,20.286961053990826,6.335072466777898
0.0,21.699221264867447,5.095881816801919
0.0,24.980626228896092,5.641880990059999
0.0,21.937190241491457,6.81506994739067
5.9028041728212e-14,24.868115531687632,7.799143152467208
221.10118341283578,31.129143023380784,7.741960337045903
461.51422950581673,29.41808873798172,6.552896906638624
769.8088048767844,29.067821433333705,7.545738907368359
750.2142960669748,33.87176556207274,9.114699728827338
1007.6881237529025,36.37814086083822,7.951493797309389
848.6938239100863,37.826255786218326,8.923539110964231
1135.698067535834,43.075081979768065,9.826608062524048
1018.4111765730191,37.894661782304205,8.547258721163779
759.0194202977284,37.18287944693867,9.103471785671701
526.5746203558342,37.05471751324658,8.996611632391854
270.9623684087339,32.62835941848347,7.887682848618623
6.261726856758932e-14,32.20529690812566,7.816819343845834
0.0,31.55236355617639,9.385082045901603
0.0,30.557476822502032,8.98336095630492
0.0,28.460447990507056,9.233334986844508
0.0,29.57923466116458,7.655166019857791
0.0,23.732251951198876,6.3189471722092
0.0,21.621871111728264,7.515383592658193
0.0,21.033019637296423,5.1416985022997554
0.0,19.71746063498465,5.205656966961551
0.0,21.29060724166748,5.327616826363226
0.0,24.648053840399132,6.590422158052808
0.0,25.201886146277857,6.532978424523526
6.063092823599083e-14,22.812667229551693,5.494817259266993
266.83340367479974,30.892619623443547,6.803959972646599
583.4926527921485,31.588196381488896,9.486971927354078
728.3614214594845,33.147955485586785,7.502399290656049
746.7669407512675,34.30168430667475,9.810761541747059
963.969103619825,34.398042550958145,6.934858130503823
940.168171436021,40.68468249464585,10.338970695635451
1127.107838536366,39.423311925244704,7.795493892454149
990.0907959652643,35.916915537164414,8.959482194571102
715.4049149737466,38.150035709126506,9.927065773260914
473.5563462084187,40.33778430776693,10.081829136200074
261.51581221699644,36.78352209720272,8.573812784079283
5.350359413532838e-14,35.333255645446016,8.56170997064623
0.0,29.50563325338283,7.918571417519159
0.0,29.188345092470524,7.639871242276403
0.0,27.209753779693745,6.273974286323589
0.0,26.577339706206274,6.528290761923509
0.0,25.48268820212175,7.871257437374066
0.0,23.040065546256336,5.746265256518315
0.0,21.770833773225604,5.601558312954911
0.0,18.600113184922108,4.945948472891138
0.0,24.022363117458912,6.56727065578583
0.0,26.64394911657557,6.664833941852693
0.0,29.18709259756399,7.154026285565017
5.942424652229085e-14,28.50157022687825,6.091738612536799
265.0198890594041,27.516949731556288,6.927595158543229
414.96409654901123,30.503372917439183,6.968831126959035
613.4716810491161,32.224869881692165,7.016802036783205
866.9426417370104,35.453198127261786,8.220366012597498
847.8172038650908,37.38556050596995,7.732132908113348
1155.937506688111,39.73632865224806,9.229341904214905
857.2191097607574,40.02200685471152,8.417687792385001
923.2316624819604,38.12717185821816,9.215804050520234
769.954654392437,40.89430681202352,8.897862043572516
566.5459373099227,39.82756147869597,11.2401371689257
292.4706864277515,40.63364623762865,8.10698743117089
5.762611991756974e-14,34.58638556510658,7.344655714875016
0.0,33.45115990397613,8.984107001676529
0.0,35.00363756548176,8.315142036816676
0.0,31.58807457291812,7.692217667673335
0.0,27.026459136532434,7.243629621544858
0.0,22.293626126466606,7.206358228372984
0.0,19.666939475424982,6.008357905204496
0.0,25.65622167147596,6.4122408159653235
0.0,21.197104543235074,5.005543208955382
0.0,22.082369083647606,5.508480189190664
0.0,22.748215084771534,5.320273962886989
0.0,25.630825125936692,5.780803072835537
5.958110110062283e-14,28.73629015290736,7.375144433799429
264.7676086572494,29.651088329555805,7.063140082441551
419.8106359649512,31.83790457295755,8.160969148100769
812.155246970122,32.02818963250353,6.972737179938233
905.5062369286599,33.07833103941091,8.624964374687982
975.5380340063087,38.10607797388254,7.592046430374013
962.742387548157,38.56054410532612,8.38979599473563
1083.543694598385,37.113025553884725,9.170652956504595
916.5344766329179,37.58866310508266,7.892104629712677
637.4673634323794,42.46966363764402,9.532288550663914
430.2079406478982,34.000155170993686,9.957102679826363
222.9288895148369,33.91107294201946,7.931443261386534
6.991205660248711e-14,36.0110136971186,9.860767801127542
0.0,31.92565506789024,7.18709957340439
0.0,31.124436021410236,7.365524378967004
0.0,30.72867207831244,7.845882440711244
0.0,24.51874168768837,7.585219342655579
0.0,23.149930168877383,6.120727568948402
0.0,26.135108878152728,8.101136801959285
0.0,26.375474036763062,5.253957386763059
0.0,21.45558836432927,6.354383874248891
0.0,20.719342812426532,7.881821419118332
0.0,25.871900658881074,7.096847478018163
0.0,27.564303549932138,5.326017780390459
5.82244596921401e-14,27.780154635529666,8.417387643158598
215.9780980412628,24.86915715634455,7.558690619452154
556.5739636592773,30.636083263583366,5.93471497148642
831.209828825331,31.15231874088159,9.156357057537456
749.7350560780986,32.99528224022215,8.605793522813174
882.5964746107164,38.67250446770372,7.038118649157989
1068.7421441290137,39.883562498765635,7.948708833262746
1136.793565223456,39.41493289047174,8.954314458773313
892.2247059269598,36.002442673375086,9.20368510017979
666.7154969746749,40.096071289977615,9.086541108443537
549.1303273970583,34.71755940371399,9.942412736035312
294.47693428102434,37.10366949877598,8.564299814724789
6.666770489248249e-14,35.53830197490753,9.550255551418546
0.0,33.40040029482972,9.787825094401642
0.0,32.41551663577843,6.939383629490722
0.0,29.094486516272646,6.6372479622576614
0.0,25.52783081514477,7.092053069235124
0.0,28.876986942950335,5.9082822054071
0.0,24.344488452335888,5.278069250010819
0.0,21.852752038219574,7.64661659117055
0.0,19.872767276161277,6.578617233869801
0.0,21.74469926462102,6.389341979515113
0.0,19.944398928470417,5.213847118518719
0.0,25.19352275686291,5.854249831773609
5.3473525016637456e-14,25.151079291054646,7.711642391403018
277.48051867184193,28.305328105929703,7.022438280922878
435.2734580335641,29.88659622915233,7.554769111726323
638.5964994139366,32.81783705001617,9.686482077314269
943.0779849479279,33.79538677635929,7.20832472378141
857.4389620671542,36.116267298385466,7.293679171628905
935.6698174554555,35.98698798975861,8.815318765045117
860.9674760847871,38.78773786695543,8.536139422316786
792.1102481138403,40.350932496672435,8.13223367225979
676.2809752667881,39.558558713604995,10.60100812718832
584.561857107548,40.23348201079272,10.101261411093203
283.1864913083433,38.33415884397695,8.241136817920724
6.14118512296257e-14,30.96738739318777,8.220722774749353
0.0,33.6797880580904,8.469832383639954
0.0,35.05188647246177,8.632775760432281
0.0,30.206443231660593,6.936607904204582
0.0,27.07504164969543,6.598153603969095
0.0,24.062613327164716,7.135459030178562
0.0,21.784883997224714,5.412929498725925
0.0,20.929674035529676,6.209794665629563
0.0,19.869077766167585,4.783118661822252
0.0,22.100454116021396,6.554895531031148
0.0,23.367390237503777,5.623518339960976
0.0,26.017898420868878,6.645291173483738
5.4628683202711763e-14,31.05336611814963,6.275901636452684
246.04285902612358,28.86184267461106,6.057263019940361
438.87233073382356,29.45246068377789,8.185692281106537
630.3143570743886,31.254049875691774,7.336786238785626
1022.4537175857457,35.94375656949417,7.859629674668772
821.5173096443655,37.393607632707706,8.075894870731704
857.2576730911915,38.74939447019653,8.274961164251629
1032.0182716483596,38.60111258671029,7.331833291491848
879.7303072355672,39.28790123337483,9.850203131299892
627.0796730965127,41.70160840076664,8.978549926854765
589.3694345086442,31.941150883895418,7.814263554456147
260.8783287405391,40.51956594605007,10.20284935841023
6.802908391668328e-14,33.99927964691488,8.692456028196764
0.0,33.72506142523308,8.200647452588328
0.0,31.210160780658047,7.711354871341854
0.0,29.029679509043127,8.845555286328398
0.0,24.754450388607225,5.695433115835896
0.0,24.919521767452032,6.265707302613361
0.0,24.331635780367005,6.787730649806498
0.0,23.908865367230845,4.625513898185726
0.0,21.87321070180654,4.921362740986593
0.0,24.359896556702243,5.996285742713665
0.0,26.67194906425126,6.255210210902124
0.0,28.973187987870272,5.186654060087935
5.729788389726438e-14,29.44942798985489,6.947006838726754
252.62095782239413,30.901445620377515,5.526252959026773
512.358171072874,30.23364392831887,8.456139752877124
689.9681311137572,33.51608630136059,8.07231886153435
1010.7565371359237,36.55717154053303,8.153398134907714
1089.634423298594,38.872107011155805,6.970078941894873
840.412008251162,41.39036963000131,10.221352332383464
1096.8223064330862,35.98948844478092,7.513381509821941
743.4448260082147,37.46630834709638,7.458993819944052
752.0118388358219,36.81299317644806,9.438066616525933
579.0725990683295,38.58939027615129,11.531841542420413
289.5623477090641,36.09277491653856,9.136444769376393
6.622758340850254e-14,34.64173302118895,8.39402437708668
0.0,33.590514048887016,7.503169631646719
0.0,32.98400817875483,7.3560914353708275
0.0,27.905529103566163,7.354867247195363
0.0,27.81240747503066,7.144391211245266
0.0,25.010649335453422,6.9226927128744435
0.0,23.97893400585712,8.563899485992255
0.0,24.80202665867368,5.303075989418843
0.0,23.06499547756992,6.018749496176678
0.0,20.361542397687106,6.729296683420977
0.0,24.172607752453555,4.808806172964131
0.0,27.702577740046948,6.0899563230391935
5.119451659038332e-14,28.91460238289943,5.864650086638672
244.4200209176821,25.647198339402692,6.3546526085732795
537.1713461617979,32.829719013801714,8.081151636701192
602.2890831782814,31.950607980466597,6.564345190305372
891.188643863011,35.918347348672484,8.196938631175588
991.420465141146,36.2257372117612,9.646105694769025
940.4038945784463,40.90121559115834,10.145893890786907
1150.415775619619,39.6752482811485,8.021049762195304
901.0975514032752,38.92340848861365,8.69064016843838
705.2475742084041,38.738595453866864,9.431674120756728
580.0044253350346,38.262439322302235,9.487753985388888
287.25521990393287,37.823550288261686,10.945647249195293
5.2410793296273207e-14,33.15297085030704,8.245510508260303
0.0,31.803209145703434,6.978167083554865
0.0,27.645036718620823,8.501431580246228
0.0,31.589321161460756,6.537961906665611
0.0,26.008153886185518,5.99808182624795
0.0,24.892565853770623,7.018202290565025
0.0,24.190730368677436,5.449407260248492
0.0,24.100887153689882,4.681888867253509
0.0,27.125855011875412,5.490823879425484
0.0,21.575575182774383,6.246645340198686
0.0,27.890993127371367,6.707135139679998
0.0,25.634664951256408,5.361939185135399
6.263684276269998e-14,24.911377031509613,6.876308386739312
222.04480136410785,26.78208736193046,5.2518909377816145
465.2395823601744,31.208211978308285,5.434296309847901
730.0461540713126,29.629138918795597,7.298924120058001
814.4742871370917,37.93479305613779,8.616554528760378
999.3304378363376,42.06985476298887,7.129630102744835
1144.0450980371759,38.56306064258165,8.962757742558905
944.6972976563172,37.50152587193967,7.54611812927277
751.9545298930548,37.72454255349007,10.108184686199742
838.2217618405548,38.416404840759036,8.707194942033603
586.6167756693427,39.62946174465634,8.653410921204271
293.40536328638416,37.43640069189348,9.0985848769712
6.654523129023279e-14,34.22528000793379,8.615409577518617
0.0,33.07850335745055,8.788597636136613
0.0,30.26198437849994,6.880670689551515
0.0,28.19091627648983,7.7710921711487515
0.0,28.492986555256664,5.7375355656411084
0.0,25.351836483405236,5.676232135877507
0.0,25.91869088230753,5.100884476196812
0.0,23.341581501664113,6.176777771596239
0.0,22.742993267283683,7.785059036363549
0.0,22.54870170101533,6.241369064550705
0.0,22.46872358405652,7.581550592080397
0.0,29.8224454907857,6.87689961990438
7.21069349869427e-14,25.84670817434603,5.528157743549879
273.42080391455374,30.649423470503727,7.016225516044601
523.4423733682253,29.6486921423585,6.644751386282084
733.9489916722068,33.16531173189454,6.94393272433339
900.8384291883596,33.27982395138066,8.770698852285527
943.8304250728114,35.9326714400087,7.549068060732753
1107.388083321491,37.93393605307661,7.196874597005965
920.3721578195984,37.83281661216446,10.329866218773706
951.9292719484506,38.208742573338284,8.349408547437847
646.4260011063808,43.15688829053113,8.954995153194538
450.33728039466774,40.50205126303618,8.585585918496351
288.10025935608655,35.34879406830858,8.28940350453426
6.855358466997585e-14,36.21228955463903,9.066256262554692
0.0,32.43817308654319,8.222301711217094
0.0,31.375510653423742,7.220472251086823
0.0,27.036053500024043,8.083398185035355
0.0,28.71174443662703,7.911934480978887
0.0,26.74660146112848,5.039483171633755
0.0,27.76719509864309,7.5065495033190945
0.0,24.41329228611304,5.047764766910234
0.0,23.06483344217516,5.636582564854855
0.0,24.543391494217975,5.695351987126493
0.0,25.54538203660944,7.38350345193189
0.0,27.673760722118434,6.009291803247557
6.78085205649611e-14,29.903408334523547,6.216909786965769
278.1209598761076,30.934665311051972,9.436502868316124
578.8265213189625,27.39425702855449,6.2724505078910395
667.8689793910785,34.77691870159895,7.159930975943687
805.885630525669,35.415854285400926,6.576807888616043
922.7334417985654,34.69158680775453,7.966274629909131
1085.8211763699674,40.51435132271381,7.909784900121201
831.0056892052988,38.51442314308128,10.80281135921063
959.395847145173,38.51129306706854,7.387916014843176
749.2912711422472,39.15332393428751,12.149473749710385
586.4903611072403,36.071585858940864,7.178755177906845
267.5299040578384,36.211720693272376,7.922492811454895
6.86260162601816e-14,36.297438778489344,9.07539945046916
0.0,37.67936369410584,6.931519247267686
0.0,31.713418981984344,7.077029109598302
0.0,31.19930920810508,7.810873468693038
0.0,25.355366906133675,6.718167992392829
0.0,25.076712987928993,7.8144595562333805
0.0,27.271607478426745,6.2995532660380515
0.0,23.530522465000068,7.218135841282413
0.0,21.3079227044611,5.793215921882291
0.0,23.343489903707205,9.063504435071138
0.0,25.479215485212457,5.038061842428508
0.0,24.04854696728439,4.752951592241472
6.667004955747181e-14,22.688633126400255,5.717474983780951
301.0905686250742,28.51608970964322,7.236967861321482
494.0335424431512,31.297674879620875,6.579314839836837
731.5045629115084,31.979255636514985,7.209922974881876
995.563724890271,33.9688499370066,6.963417813955939
821.8861955467529,38.429568423026616,8.46025954254721
907.2779148510347,40.07977820440456,7.644125831375175
1103.6201970930404,36.099284170327756,7.2729266253215465
867.4058753625376,39.03150505083289,8.192410866016132
795.7153077075009,43.491586203864415,9.055953818790877
464.04478217634664,39.05465282925397,10.66274480517271
253.60852489188144,39.882426704065715,9.471262440555341
6.024762338823049e-14,34.506699963528526,7.6028691149794145
0.0,34.34775616457359,7.221633974591573
0.0,29.629378861482508,7.203602979102076
0.0,30.42396573731866,8.03493550787568
0.0,26.637672606595242,6.774646086951256
0.0,24.275239112726084,6.963653122692245
0.0,25.593861813362828,8.964064564321742
0.0,23.25434897606326,4.628340770722312
0.0,24.01172763705531,4.413016102542395
0.0,24.224880180082632,6.6207230836290965
0.0,24.435084329312613,5.856238361175934
0.0,29.191514918280518,9.456107153201053
7.205495436683716e-14,27.616824596656286,5.911123326647884
303.4387861916145,32.44938397166257,5.904050142761532
541.8112039993338,31.21357240695829,7.226831394830679
760.7438230857928,30.736582305626005,8.468334359038291
773.8311018779398,39.43876816121096,8.290509899765048
1121.3429138354434,37.041721338526195,6.837161070520519
1152.631827763223,36.23632058269062,8.152021243180373
1112.1915903935287,39.26498239556013,9.098489741505052
1020.4426511793488,41.0712884616966,12.579936806251618
832.405981228386,37.99345904204781,8.613154139613542
559.9425698106952,42.73294202180467,9.222316577012895
268.6942570901576,39.561920489206976,10.34819159108329
6.508999888087257e-14,34.35320065007565,9.354181425224713
0.0,37.43427771905427,9.27662318082211
0.0,30.147446104504958,6.447791520833727
0.0,27.83756452294849,7.927787241102223
0.0,26.67907346131283,6.6457247068836
0.0,25.170274976592815,7.066985601122184
0.0,25.276833484977622,5.936237870004591
0.0,24.140714430018228,6.992188931066702
0.0,23.412228272248516,5.391741699062455
0.0,20.33888623784126,7.015575606551849
0.0,24.003583936348587,5.6893590175187905
0.0,23.830551942388414,5.717115215863648
5.209516790901252e-14,29.62833249375908,7.741458870049927
275.83767748500634,31.47981215621096,8.413130226816786
518.1282345510698,30.915028513294654,9.238314455230816
755.4847423917854,34.86047687445364,6.102147179306735
969.381473958856,33.995375072304455,6.387545344219202
886.1534325159292,34.058686826798734,8.136572119178977
1017.4258883123741,36.66448250715444,8.574367681766866
904.1678079091831,40.19514497433857,8.662714920225977
864.0594502171818,40.66206836946286,8.922174964322245
721.2799427501684,40.840020358858204,7.464510891277203
437.37044264206594,38.55008762744292,9.834524987526096
251.51743129817,40.538549260285684,7.796732333863466
5.2835683748026536e-14,35.26231237200598,8.74893749091827
0.0,35.68377056430081,6.6862758285332005
0.0,31.13167483382281,8.624126365447808
0.0,32.9444903813141,6.374359959969294
0.0,29.83918872838886,6.813725718042468
0.0,25.365330707698448,4.9604342900523175
0.0,24.28971831103039,5.658718858354834
0.0,22.391716595246013,5.56421324827282
0.0,27.54503848540183,5.477595414792733
0.0,23.917550331763973,6.519509524106366
0.0,19.702691981912096,4.8063781976675815
0.0,28.587430916159725,8.720273225513985
6.379088621885485e-14,31.6211458916223,6.854632373452683
218.33811565689493,33.0494442907031,6.553361151160983
500.2162167103277,31.681800751935057,8.138896592588697
818.88837533269,35.745772513998595,6.706721766648247
875.3410222011045,37.15905987969232,6.736279772366426
1154.2997909105266,35.60686354572154,7.7451036559277116
974.5414602889077,39.14878787414636,8.777937239071694
1072.8783435106666,40.48383400632695,8.769526069825783
925.665930103962,44.05371846520067,9.564112598878875
707.8995222799941,36.11394672862646,8.492538553854777
507.23695414651615,38.36066119360421,7.80344530396418
238.80065889561914,39.59984236319472,8.389955486917334
6.804541605478168e-14,37.46203172004525,9.201773015724257
0.0,35.392636984187995,8.387475862406799
0.0,32.297348565128466,8.449290841165547
0.0,26.73620696060117,9.290591765801892
0.0,28.689245557237474,6.1225761315479685
0.0,29.70303463455879,6.166830422413066
0.0,26.589297976243987,6.506047378069596
0.0,22.94560935465333,6.415825333364314
0.0,22.22817974849439,6.375592745449238
0.0,25.57286676129295,6.251343540367744
0.0,24.854399517385467,4.765809374538374
0.0,28.493769120956127,4.309943532877703
6.487380327478588e-14,27.671243849633928,6.298315217852002
287.12210786250057,27.422056117136528,6.2632150125422
431.2839796881849,30.267504178055944,5.518613385155704
725.9827829247611,38.13552025228692,7.99396663135083
769.5350967186562,31.796165336254965,7.756275059009967
1041.133396115363,40.84655656501606,7.576952790825397
1105.2873988447088,38.569802472584456,7.631601762782287
1085.4028063858832,37.566597617482834,7.722419244493252
888.4010680507961,41.317793631753545,8.032501553030725
827.3675240487411,41.99746312874032,8.431254212367035
438.9471762500753,41.734000426986356,8.151571397863648
272.3915122625679,38.7482843997959,8.388946933761485
7.328277823846381e-14,35.252755570649526,7.9076570585628305
0.0,35.1386222374823,9.240638480223083
0.0,37.588451400159926,7.002291723344701
0.0,30.020715849863798,6.380902946390895
0.0,28.29453984629334,6.892119984228297
0.0,25.742956043188354,7.291199076548924
0.0,24.190268457234605,5.920608477709172
0.0,24.6508477934894,5.116918596845462
0.0,23.79171410678413,5.40260134715821
0.0,23.37967750290989,5.46798739687618
0.0,24.0926033691409,4.809615823772484
0.0,25.245041396668007,6.497185733967179
7.229901220068213e-14,30.217427165124672,6.557570622844201
218.78414477403257,28.124013267950893,5.69722697408879
423.1654830088755,32.21237595918553,7.538313407639846
719.7751465715834,29.03285185201579,8.425289318438185
829.9623712423986,38.405713905630314,7.324063772381059
1002.2466360040173,38.456962529508,7.8205168243350025
862.5628685266947,40.34997094427959,9.160422073596832
863.8482803267964,40.943676747442794,8.013185412050557
943.4509881124125,39.21173467936762,8.138365340685098
695.7571775975756,40.68166925840849,8.960418261356775
585.4109183202041,41.67820714185473,7.996027096836034
276.2288599247788,39.97870095976919,9.009416362892674
6.019025161994066e-14,34.301385184812354,8.445231569450296
0.0,34.09780428613093,6.959766514093825
0.0,29.536480534319377,7.546815380010885
0.0,29.442376462497883,6.731504967110899
0.0,30.191368016710467,7.7905041190582764
0.0,21.63824579065426,5.263092576183942
0.0,21.778169349525403,5.327977627560082
0.0,24.20819016886464,8.281713008803116
0.0,25.708465927780164,7.015630303472486
0.0,24.47576069915669,5.139935445260047
0.0,26.42345197235464,4.566029889697408
0.0,31.03461610632456,5.31541460800881
6.63127154899105e-14,26.411850126189584,7.553793994526471
258.83477221357845,32.001441479321855,5.714056946294885
513.8131038051567,33.88506716366905,7.075776173515287
813.828645556459,32.707445329895755,7.8817339179134045
786.7974395691746,38.19920560615936,6.569426859097151
890.1729210116495,35.722864221684496,9.027052343343858
919.4207862348761,36.1526162682862,7.1175503354000496
871.6771168599743,42.67560319328636,10.654011033636191
915.5109362426168,44.295824616865296,8.922555395312184
834.237739930823,41.82563162292936,8.870459219734986
453.9963537892117,40.496805542667765,7.9518353478548836
246.1562057273854,38.131036272305614,9.645198078680908
6.365334436416855e-14,36.56602414735147,7.992064141308896
0.0,37.46169872581375,7.90254258609828
0.0,33.88101304752315,6.950525748420006
0.0,29.958006338256244,5.935231195719937
0.0,25.2484867339646,7.989228401987455
0.0,29.544009386034862,5.330158465642185
0.0,26.16689447270655,6.349525998499482
0.0,26.93652002624796,6.187951886857933
0.0,21.95987523486845,5.199240788547701
0.0,25.060912799860223,5.1164389440537015
0.0,27.504546501792593,8.108763895096828
0.0,29.8825739258179,5.636463051337991
6.54850561931695e-14,29.14063632999604,6.7600964508793595
238.69684561666654,26.61994696591444,7.911883504902519
441.7040139544524,30.989827664385047,6.551520775752152
679.4346146688569,33.96203161829326,5.961406998108431
838.3252196415682,35.39536964179032,8.214590136323897
1087.1584202047602,39.61248701987979,8.20730451011157
1183.2314785326294,38.893662712058514,9.205498557946072
1030.8514810730278,42.56551007950353,7.080478326594055
910.8410902695465,41.29477117139121,8.891636577984627
698.9790768325274,39.228454940067934,8.640953079759598
420.53885151274534,40.78204584013309,8.50454818675788
288.1690890622113,39.357663719511116,6.8599573578899316
7.277410241163973e-14,33.48088654397156,7.705137367351406
0.0,35.84862232534233,7.757760134546185
0.0,31.692180402051704,7.174265808564886
0.0,28.61490326933685,7.317422100891827
0.0,27.715791755636474,8.555842601184413
0.0,29.482598882391887,4.906089112824566
0.0,22.436044396936147,6.061616870649561
0.0,24.023963182397026,5.919661977854437
0.0,26.174059411802528,6.814119869245619
0.0,26.240563012811062,5.143511708598046
0.0,23.25367826447383,6.970253619413997
0.0,25.186643874316697,5.311044680083561
6.085743309441431e-14,28.037902513435377,5.815501098896869
280.2019583471478,30.800867220641802,6.569800971051679
451.2271044203122,28.73776914300956,5.832999252585583
711.374836058451,33.95617144465744,7.5999623038555555
1008.7284674472974,33.272305963923,6.015928794915685
993.1924462054209,41.75971090791277,8.196445796269005
1055.8019077292909,39.51264102602397,9.189812340184277
1123.7102727764045,44.329113343684796,7.212284440654893
846.6706798893616,42.18300192620381,7.353484908311266
790.3778438403344,38.92653175856377,8.187751473233504
458.1950478655772,37.57050792440239,8.474090404154191
300.2362961890884,40.05559864466929,6.937042328170044
6.797955478804694e-14,36.49337880229773,7.02383248716806
0.0,34.018421191167356,8.735858574850974
0.0,32.311549194324726,9.107959413248594
0.0,28.179982796059004,7.566911114194388
0.0,27.43975685847305,7.1177524358906155
0.0,28.43029606521395,5.412003023729442
0.0,24.604412420183863,5.412210734981403
0.0,24.774786642726617,5.052845518825856
0.0,26.516030476506415,7.852207651979135
0.0,25.523684301226822,5.934480682552467
0.0,25.3172118172258,4.008536423565212
0.0,25.621771208688976,5.1280655833891515
7.090448432490329e-14,28.88857540009107,5.293955784306727
293.49369381199676,33.4756563647564,6.092761958219333
486.4313089655921,28.975316987911803,7.034132360138557
607.4927072424899,36.35494471840631,6.91304629600141
934.1772398397841,37.60603979230495,9.759409987237618
919.4977776794047,39.834091542352944,7.661786701760371
965.6606725905879,39.96798320728257,7.823286759857725
898.4190741639334,36.98434843396365,7.7440576988349035
792.8081413181623,42.01479499800041,8.082064610268066
750.6351342343106,41.89866114050186,8.136135071601203
572.0741511485369,41.49933365777252,9.52408409339236
269.19243925076205,36.058582017435754,8.257336650109371
5.215183802061585e-14,33.88841458032533,7.710358040115502
0.0,35.76885476231599,8.494312368898143
0.0,30.95701749912357,6.081948606432547
0.0,28.56372815559611,5.948050895863123
0.0,29.81135936221377,6.337386724905151
0.0,24.3266776556487,5.728913539998529
0.0,23.857692061035635,7.083649554653075
0.0,24.757788069387015,7.102128605586019
0.0,24.445307991792884,5.028566676014512
0.0,23.77987430501854,4.390617143144162
0.0,26.873015925432664,7.135302082795603
0.0,23.91286264319576,6.597635416085463
6.099360081724771e-14,29.5680396868796,6.336866507718222
279.3626643434862,29.859185207886345,6.417961450174593
599.6691084222625,32.02980792912514,7.173838059750409
783.069702001379,33.27135568018736,7.407279620043948
997.8671116716683,39.418236933758536,8.44976316558774
1070.0621338639612,39.78583898818169,8.590155451694164
885.976399677983,38.592535279588645,6.904713225933612
864.0140304422481,43.28846893092638,8.373374294204941
823.0032361808878,38.304115635936014,11.048607080524892
676.636238024698,36.68530544939991,10.710613650564461
433.2286221038907,38.96034964473028,8.74128228830579
281.85521907190474,36.41330090974427,6.988346708401906
6.789041951797069e-14,36.83000687158182,7.221618845258564
0.0,37.13570535777978,11.737552010745333
0.0,30.47001313056757,6.170696648573576
0.0,32.1913060055236,7.471620303821977
0.0,27.95024185786135,6.500084741840635
0.0,27.143767105062228,8.126138771113318
0.0,22.06609559360371,7.274750785707162
0.0,22.129290478833695,7.200932124552377
0.0,27.325823539361988,6.3195725868016925
0.0,24.942130794036018,4.169689605815826
0.0,27.00638869891423,6.594720117390484
0.0,28.97246450146544,5.822707671760802
5.706354206559356e-14,34.15005321688336,7.315988110205798
271.5352292779044,32.67042719797612,8.452919241373584
501.9425409389206,36.750303064388085,7.113169565153386
615.0986690763804,36.94026081850535,6.359533794165079
907.0270261775275,37.44241498214784,6.492684599139645
1100.162614949538,38.18005712779399,7.741193919299364
1059.570485420073,40.94695511144592,7.015453105138709
1127.3276416536792,43.57614108633298,8.949772882946585
818.4096901238919,40.72852211520301,8.00028292687048
820.971429671668,41.44472648598463,8.330982278665116
516.2270427564265,39.592620300248946,8.15950175147784
236.15403117763634,36.62016549423136,7.270538038873503
6.327335761611753e-14,39.3359360448492,8.739615828364164
0.0,33.17013735998482,7.516985047111681
0.0,29.82559881357739,7.938233385492504
0.0,30.510414112634727,7.968441183069032
0.0,30.246147181525547,6.41995636461535
0.0,27.728838489601223,7.595577058430505
0.0,23.94659600321898,5.316185046790178
0.0,28.73408965514075,4.993283313058408
0.0,23.625552239150938,6.218994557180492
0.0,27.053862383509422,5.744051366108008
0.0,25.091155163544638,4.120011689259087
0.0,30.31000316368885,5.51227979114732
7.07987822996096e-14,25.41497389762216,4.5794995289656395
269.82764471649426,31.17474308026062,6.347318361300807
455.4723059649991,32.0365472882448,5.487866274013125
734.6238894878541,33.251071522293984,7.84003584342693
735.3166593457516,36.12616894846413,5.8678551140209025
904.9429462881164,36.75003662592223,7.42052986778127
1002.752231672315,39.83571260234991,8.004969374820172
1049.0557691714773,40.255607500831125,7.88563689170587
941.0052815630047,40.20237080110658,9.950290539468726
621.6986185111039,41.69846925196164,8.301219066811171
477.32669877165387,38.311407939729335,8.070078947545946
305.97918168798753,39.92649822382289,10.074179963531613
5.2111186389359944e-14,39.36451818961444,7.042875889708392
0.0,37.008977114240274,6.1979998265641125
0.0,34.065896831116994,8.748929011047938
0.0,31.447651136459633,6.540201374099419
0.0,30.457744855215093,5.029212985940248
0.0,28.13582288316933,5.169553116421256
0.0,28.041944615877174,6.325957124054661
0.0,24.908214536592826,5.502012909065092
0.0,24.475586204424495,4.473393417908439
0.0,23.788296055707658,6.641787539323811
0.0,28.210142977066454,5.391567502063809
0.0,28.109506504151824,5.24331414831021
7.191821492067069e-14,26.63673318952001,7.416462369171921
220.84263191952226,29.214886334818665,5.059607928895563
423.12262497252084,31.20626458821653,7.467298220864821
808.7403296535249,37.87750982268221,7.4785594201611545
929.4813673200284,40.983268934424224,6.1887167925620155
1131.554081514128,36.0930701926572,8.130780771578245
993.5442248513465,41.634578723763745,8.20038578396664
975.7918654463786,44.3064902060563,6.916465394431162
932.858437494911,43.77403593293053,7.852464891720551
719.3515351148518,38.805512057730766,7.83909035106147
550.3297570181758,35.95915438150054,9.39589202924819
274.8968785932617,38.77829851439146,8.485747658983957
7.166062767158223e-14,40.05252705433466,7.399861266703837
0.0,34.33536299816327,8.1277589662993
0.0,30.649282171434294,6.81860095125956
0.0,32.227523178102096,8.606439937707114
0.0,27.869510135160173,7.520657609985611
0.0,26.257388954411724,5.380804378477336
0.0,25.201272893834652,5.573059514777396
0.0,26.177465088382736,5.204079562733748
0.0,25.17181178786969,6.783898223041563
0.0,25.18682715847005,4.250645735488825
0.0,30.946593425107785,4.574851610896318
0.0,26.133747540734788,5.136083053870428
6.88310759408312e-14,26.55964594487203,4.581525592156326
297.7034173912371,27.19755786059849,5.506647231787588
439.98150617470156,35.02271228930599,5.558911597073921
840.5583487183028,34.559911085242,8.672497189032239
769.1104514825466,33.17218467627285,8.161997930991342
1134.3573758859031,38.70990496443565,8.345234452912926
1030.1252677482355,42.92104472168397,9.357255232908265
922.7706662240206,38.35859911027906,7.770013956087125
859.6450661132241,42.52349504600996,8.679467023440267
670.1164580437012,38.78468958196572,7.465376586078962
574.1903425109812,42.00754741212157,9.143838295554346
281.38463535335956,37.09737913123416,8.186575262056028
6.299628879069141e-14,37.584240684273986,7.433969087698344
0.0,32.62135495239491,8.067507427485404
0.0,36.47354930113548,7.451537811658488
0.0,31.30872255040433,6.42060083917817
0.0,30.287515188836036,5.7608211424448506
0.0,29.884409076976393,6.519385758738705
0.0,27.29256632276578,7.71143379738294
0.0,24.93652850898494,5.129203318581328
0.0,23.14723752638861,4.038264185321744
0.0,25.322870973116753,6.48267944410202
0.0,25.157071872690953,4.6395143617919015
0.0,28.537920817049148,5.235172127988109
6.72711147412863e-14,28.96731565793739,4.832436678353857
251.21874865983477,28.399070625263224,5.004309953161693
562.9932876723537,32.03254166919103,5.382231059293989
838.1195048163796,37.30263109994626,9.378112961242172
756.6408503024543,39.69495380533577,6.871093182322651
1104.0466897843232,38.93732840258756,7.641857428626818
928.5052745569044,41.29928902880357,7.021876970791337
962.7069182954664,44.90934257859164,8.70474344561822
999.4446852013326,39.1397950004056,7.3814348788669495
743.9005070732667,42.71723608605079,7.325178448684691
485.77091300134543,39.930707952354815,7.780388933366666
236.68103345775108,35.50232356547131,10.42499714922063
5.48842472250693e-14,37.78956744536708,9.006150774584126
0.0,34.4626232887315,6.206473141706161
0.0,35.72169677925949,8.762094637410058
0.0,29.81286702999267,6.986558477224371
0.0,28.81420969502108,5.9338357024749495
0.0,27.203928581610608,8.398001289220916
0.0,22.625186600119093,7.20495338355707
0.0,24.854954988514677,5.479705801780353
0.0,27.96795298457113,4.297659305602294
0.0,23.88295728341833,4.239706532101069
0.0,26.310336104805454,5.238657891228604
0.0,30.56309412250974,5.658886013701881
5.247630845946044e-14,30.15537529629831,5.403312238974607
221.6064771960615,31.552350715233814,9.586052652791343
516.9911639750673,32.939612123283425,7.336236013825321
751.7827670996638,35.886323145814,8.882550844772485
1016.6475005592611,35.96311812633995,8.18724060655424
1058.8192208298258,40.61702008065211,8.363856262281589
985.0948054614744,37.13521697496072,8.56929493059637
1027.7790928209881,45.08609236717096,8.821549618221036
810.1824140395519,44.91168852621143,8.266270761723783
821.6217669854681,38.828935947113266,7.793998161877275
454.4888757754421,39.525461072904235,7.2491485306479015
218.3945908244511,40.847405342518705,9.137335033988228
6.124664116583032e-14,37.710750523620334,8.287543888598242
0.0,33.20675657689624,6.380958242608349
0.0,33.22268735621259,7.260562806934112
0.0,28.413310863967645,6.467166844546477
0.0,30.03631334814716,7.174150817241269
0.0,25.619221756129026,7.204736635491109
0.0,24.797009564512372,6.823532457181303
0.0,26.949143995306496,4.064331293869405
0.0,29.03883983899095,5.263826092014966
0.0,28.479233988919894,6.187221139946551
0.0,24.246663429823116,4.755999756362668
0.0,25.733008793076426,8.40634048667273
5.1984447705735095e-14,30.8336034344217,5.747670293780223
259.5916614246375,33.12550519191649,6.252172999284899
506.8339767084349,31.206895989920234,7.1389438415037265
749.1546389688358,37.14005497722694,6.490920592967773
880.4987986913794,35.873806380632594,8.052114989979513
889.1407389895993,40.01337664191178,8.990896392758353
950.787627409926,38.31543761147319,10.11153931764956
1150.2437128615452,40.95040803465281,10.86761047734971
954.4663582048153,39.89778988370055,7.969748492140334
677.9274683377289,40.601740823108194,8.9113066225655
429.2309560199154,38.654675219938355,7.931008511727514
248.88134060279629,36.333140450326745,8.13764782880129
5.217448622971936e-14,37.93242718690735,8.107457849462623
0.0,37.920282995259775,8.274312122572212
0.0,32.5556269350357,8.735140083080546
0.0,30.331005480099126,7.214534957335237
0.0,29.703302040517286,6.69722652568192
0.0,27.77024829521062,4.904825123965765
0.0,27.327599304188098,5.047042115470477
0.0,26.79339437606857,5.135983105790936
0.0,23.948201182266942,5.830249664592472
0.0,26.44554127841345,5.534745398887965
0.0,26.197714605414863,5.886649223808001
0.0,28.881080393769977,5.728275963067869
6.447775990692814e-14,32.74380400884455,5.078353277251954
262.6370359744076,32.81443360789684,5.863802939774885
424.7664477352835,31.674063492586995,5.493838625452307
648.3390180627672,34.02228159553705,7.8929630440386624
829.872928591677,34.68856354429037,6.739681164323103
1068.3038019803555,37.05092220854975,7.32573873185067
1171.5073754119205,40.52419475098071,8.191406028672327
1016.8757602280848,38.88914763989742,7.267177607183584
910.3982033189767,41.31293927271725,7.768065777084481
754.0483897135512,40.30203940567661,8.106838305585141
581.6748529347692,39.84854466929892,8.888273587651437
253.04536023754272,42.432215969491914,7.7375760542835454
5.412093949058958e-14,37.503443509436046,8.978156917921712
0.0,34.23751694249614,7.297685487670907
0.0,30.603700766105113,7.517570564419438
0.0,23.8451271771528,6.214456903468528
0.0,28.27769005061334,6.891252505705868
0.0,28.43433573928881,6.032436991242536
0.0,28.02866437567018,4.955110544270998
0.0,22.339354584362283,5.820074012288963
0.0,24.1302408631493,5.610532341932975
0.0,24.562424995923436,4.233751373530396
0.0,27.917929810294872,4.012281608167778
0.0,26.86107691877752,5.039262684513053
6.642420674978157e-14,28.27243367580872,4.799860118615262
227.2982316436328,30.87915986939262,7.101804193808615
429.0300403373398,37.70042431503008,6.4176581552348235
796.0810502790786,34.21458879305806,6.180499944112821
997.027639832431,37.020452009075775,7.429456285397327
892.4225326057004,39.21544833073355,10.067011394653118
1034.7968301329072,39.639553169041534,7.571479414188348
980.5180441063407,39.84956055015855,9.305551345233376
832.578187366997,38.95718665915315,7.898288064384
827.8441120876039,40.046882498213364,7.233270660457655
559.7066364297018,37.188185402642304,7.402508851938636
221.42905498055094,38.31289857077469,8.215449338688527
5.465186344585701e-14,36.18688898822409,6.807299973130034
0.0,33.03976887092032,6.416075169344142
0.0,30.879619103870294,6.6527883337529765
0.0,33.603798286526114,9.74750738144722
0.0,30.045723991515903,6.663312896018349
0.0,27.02055049978445,5.443008287267258
0.0,26.775990679107295,5.960301096925133
0.0,26.664668861790112,6.246722893829038
0.0,28.00488273297917,5.715566258042529
0.0,26.76991600609891,5.6443939625397075
0.0,27.65078362769602,4.9721355687934805
0.0,29.402195211215464,5.865983843087717
5.809652480072214e-14,27.330093188909665,5.156255459872513
258.85916395019086,33.48894508978722,5.811575584989967
503.973362029687,35.20452862986008,8.31447764105933
727.2500934209403,39.288477176623914,6.679676818876565
983.2478183612617,38.696300366313814,5.621949465323284
822.7870463622083,40.01699123502461,8.096920362057261
866.1978957504991,40.53266133970612,7.706599980441392
1061.0224448903057,42.64615770063045,7.241007526447115
814.0019985526642,40.323640373305,7.890193108618213
732.9733805563048,40.201411833864896,7.845427369323183
547.4577708478698,41.682326492202314,9.404374445877512
217.09328478866203,40.06372309607102,7.717724175699312
5.682649809297419e-14,38.85476281283288,7.317284099183938
0.0,33.88040980969939,7.020094540464548
0.0,36.165740685127616,7.324777934450287
0.0,32.81828981245879,5.846687162924808
0.0,28.47763340816531,5.794373673710903
0.0,25.63594833029729,5.892474005121031
0.0,29.119408130091124,6.297981300145171
0.0,28.692017553077637,4.826028950531921
0.0,25.720221035957685,5.555324009549308
0.0,28.621008424086952,5.901310632913699
0.0,28.943132881967024,6.693407798417457
0.0,28.63829519559664,7.7946507139088865
6.518061382363267e-14,30.221886254060152,5.735201343701561
278.6199020001024,32.16201568154905,5.22805888292514
463.7398639102162,32.60368724422525,6.030357020001331
736.1746537815612,36.98947487538658,6.793370311314392
792.2552586697547,37.6152636965716,5.702694351278716
924.880340272846,40.397950172448695,8.65363877672811
1063.1920660475707,41.44628504545197,7.394451612487014
899.1247996083166,42.82536523375274,9.48341168345191
882.0081430019674,39.487379422919915,7.710428565110966
721.2409382194247,44.943715624855955,6.731956482127135
496.23790036035143,40.65592099422024,8.367178528546312
275.2397383774874,39.849550718747174,7.45191145364535
5.956300274110077e-14,36.64072542789411,7.5218194080087635
0.0,36.08823878077879,8.247160676891202
0.0,35.78319143186152,9.663204820672265
0.0,32.54774026812583,5.816535324520081
0.0,30.812615502202306,6.289464564762002
0.0,25.69519896987568,6.698887654933406
0.0,28.012972277436248,5.817011650156412
0.0,28.9642033988345,4.6537076089530816
0.0,23.609201687911337,4.76605856148987
0.0,27.326871552333305,4.510408481943443
0.0,25.761265030846754,4.5626729211492405
0.0,29.99658910899358,5.938299394321538
5.3492165407807605e-14,29.055667854438404,5.1874381308427076
244.47340148192023,31.43671595669449,4.474543578175397
455.5418521798321,34.80345641773795,5.978588506331184
683.0468728546053,36.403771632961835,5.975486347525168
744.3540893441105,40.98488859648554,7.959101089217832
1029.7113295871586,36.923368170832845,8.488606112532228
1022.2321930609575,40.293372824777244,8.657332012867165
902.3799072767745,45.695194992600506,8.741741392424277
792.4098725031095,42.242130595101024,7.613148972652485
637.6718755991004,41.10611228602345,7.7111206013321
564.4135189199893,40.982281957398634,7.861337805390953
293.76832843989644,38.08777510716913,8.720143674569615
6.891501908324982e-14,43.13012640053121,8.402773123858829
0.0,36.573992436948046,7.1572749470608885
0.0,32.09240735919958,6.191059940672868
0.0,30.537115581979776,7.17560368933132
0.0,32.37835540221988,5.333831708151888
0.0,27.501868461499157,5.858582825385055
0.0,27.217626004416456,5.597445815256487
0.0,24.52574345323395,5.607241128570211
0.0,24.049869947273127,5.862339509669686
0.0,26.627120575139926,8.9810597367957
0.0,28.95853360400504,4.246669374165522
0.0,29.796462813465418,4.939649489663985
5.847677979703846e-14,32.6615256191914,5.101434076981345
279.5274080255405,32.60322138283655,5.5756621653996685
417.00716988999426,34.1654764481741,5.203297964759589
658.3034828985739,34.87076115116427,5.937205159822332
997.463129415149,38.8451306003869,7.327110274460691
1119.501387802828,38.881559504736316,7.639653108191154
882.6530817162062,39.89024551212292,6.807192042059305
1084.9709376732185,39.31435141199631,7.751507042301694
748.9926405893923,44.039827424665745,9.679790313053044
648.0318930798318,43.65351391412317,7.887548009837492
425.92494938360073,39.60993952944011,8.456665396594634
287.4113494664044,41.00203764874404,8.217903484304781
5.792473337016337e-14,35.890115497704265,7.838963164615055
0.0,35.815031889029015,7.128717839528328
0.0,32.26480870486125,7.729397752443137
0.0,31.627815770578003,5.647199054295529
0.0,27.67446460020651,7.679405409154867
0.0,30.453255982752122,6.441554809659565
0.0,24.588559452907873,6.1326394727931195
0.0,27.72750560962801,5.066131346635585
0.0,23.832715603593204,5.418538571564399
0.0,26.93338661705279,5.630492479342783
0.0,24.778616985665103,4.1414965159871455
0.0,32.35498968726308,7.267798411723758
6.801586773753567e-14,27.947158786230577,5.692445852751513
260.82218181645675,32.15871220737219,5.296700469441524
536.2449765184251,32.18196659580599,7.937431654043415
764.2073425506129,38.3681420163173,7.010720562778145
786.0815803551444,38.22722165624304,8.592048196379713
1089.6225627007457,37.51555473524065,7.2029604098528734
1121.8704849328715,38.89175362083153,8.160036277638453
872.100811635837,39.814498340993225,7.840508534070238
949.523497987931,40.82235969987223,8.50182505410878
757.1941271685511,39.76949422809576,8.875243433065233
477.3633902540983,34.856814560548166,7.71263763461582
283.84833489142557,41.732452396379905,7.142930935416396
7.196588744785219e-14,40.63076913984281,7.937786113961377
0.0,35.63957063384218,7.276988023301715
0.0,31.319392284451254,9.231853899370625
0.0,28.86861727384981,11.086863547513001
0.0,31.260593976871693,5.739056929023893
0.0,28.39457367807956,6.744939018530491
0.0,26.702886350999012,4.497412431890635
0.0,28.11399192999629,6.440183363661945
0.0,26.185100159903477,5.324994633179852
0.0,23.272285983794696,4.586242919279766
0.0,28.650881067809983,5.128438454958526
0.0,26.854869415920557,4.173033896582625
6.891882312949644e-14,30.840243667168124,6.486699893352505
263.9404784734101,28.532203201402723,5.794419177104606
584.6271620729414,35.14600517286155,5.844342034855949
673.0800581969658,39.06178950440931,6.416138904433994
891.5549142634343,36.357872649741395,6.411774581234712
1030.6897741526286,39.85271149153642,7.892294121753618
1015.0874061192746,39.0002710521235,9.667739370096626
941.5665988890455,38.893628326634456,7.322130441270289
911.6563657928855,41.9607519794325,9.901846942858231
773.8546184162539,41.002437959270765,9.029470335522761
480.7098801773345,39.38427632981697,9.4099092708056
277.16854942469297,38.908157809422946,6.74675851031855
6.708906235545484e-14,38.22973329127053,7.886754792977608
0.0,37.7792601715122,8.310979873347232
0.0,29.270279261928764,6.802365558135218
0.0,31.03238418487286,7.310253158567791
0.0,31.17931602084799,5.118338139894437
0.0,30.53657971940261,5.3036061075416185
0.0,26.04401273489924,4.1886158016995125
0.0,26.600765523614772,4.42323949739371
0.0,25.14765448732548,5.624649925069888
0.0,29.108131389170886,3.7334963873033074
0.0,28.681564270288227,4.426954079611432
0.0,29.852558904513533,4.907591400688121
6.307718273852152e-14,31.98012958987742,4.9462237129564866
247.05065594806294,33.04849391046137,5.074291442276411
572.9284372037623,36.143908716610554,7.780177703649752
689.0563145661162,36.80149328339444,6.893217973850179
813.7893137351208,40.78881493844539,6.636019014065127
1046.6096096086953,40.72403667944329,7.504562304537316
836.7289528304235,44.588744479410515,8.7274027396297
1035.4365932108726,41.029751760455,8.970550537311947
963.5498211160443,41.17928880833062,7.84597314811519
597.1953289963835,36.29102292409625,7.66886370311482
490.9695318870538,40.80871866669866,8.151240234036196
256.01222885639737,44.03934602582244,9.27008915336599
6.426992730916891e-14,35.2070330287594,6.805797164023183
0.0,32.23874232518727,6.454172687788042
0.0,34.062308016129556,6.193508808479692
0.0,32.127162236139256,7.723061973237522
0.0,33.670100084465055,4.735968491543739
0.0,26.799340673110724,7.01456623432942
0.0,27.50055823761486,4.882747468868534
0.0,25.462273825861548,4.386081704384618
0.0,27.75704965777667,5.037302049328289
0.0,24.83690766140501,5.678095747854698
0.0,29.031914270099538,4.07492463525503
0.0,30.515394092373523,7.064725324394349
6.119034000452516e-14,29.993524536239317,4.195060681962729
276.69888602336266,33.65061220322477,5.303201373648388
575.7425269865945,34.91136364592319,5.540727817166542
721.6557456439458,38.589229308535366,6.512769640887481
801.4246115962853,35.90293583529377,6.624370120368603
940.5653566620998,41.1270370488289,7.021579620012875
1004.2556712561548,39.92239075140467,7.581944970523168
1082.2926923177615,42.43906049819908,7.526980394349169
803.6127377620496,42.583416164115455,6.960189908691131
607.0710846093021,44.76061600448754,7.561513022226036
577.5303771217805,37.80349247715375,9.007417226023845
223.21873132873444,39.89647181275968,8.099964516799982
6.859125734751992e-14,36.469035577481804,8.622264476216198
0.0,37.77898326948872,6.5070199269544595
0.0,32.988801831936684,8.814136814770002
0.0,33.11869213603576,6.397897304898841
0.0,30.627180576605053,5.087323625367752
0.0,29.10363860612877,6.5099655680435955
0.0,29.3024953349564,4.81766453441309
0.0,29.92589260499068,5.990921880466014
0.0,26.49634485415904,5.481606962353094
0.0,32.24767078139395,6.1035095716427605
0.0,28.017740888027557,5.651722837301014
0.0,27.858747997870125,6.057182763934435
5.268187115321973e-14,29.63477847990764,5.8011878378289055
213.85436060558985,35.194334047995234,5.715750278897123
428.69848014337873,32.82861870425388,5.128067635179861
805.8016593317577,36.39706097936916,5.98308855159788
1015.3218715306159,36.9129315322116,6.866252520732864
1069.775551997973,34.635391256121885,6.707521931930314
935.9266636295133,38.851576329658975,7.825807929746544
798.8613722407747,39.58463020571128,7.604395468470193
786.6193271018547,38.853411502981075,6.45913750504615
630.3324538558425,45.245156842536126,8.25379428003879
513.5557973049864,42.114680084042284,9.04687473764709
237.18514280216337,37.67247381516744,6.774389355450285
7.098387079480316e-14,37.96247373335799,9.012395119508557
0.0,34.15631662860984,7.089067513961302
0.0,34.188975657038284,7.276405932492979
0.0,32.04741010761335,7.742727414125364
0.0,26.328478235022708,6.096810327573365
0.0,29.52510208684116,4.641740067447439
0.0,24.128510799917642,6.5677349466543955
0.0,29.30334438655276,7.165733463997835
0.0,29.344850348655385,4.322892538728583
0.0,27.9778924452234,6.030797841143202
0.0,28.56081792785462,6.048228346480909
0.0,26.409588805800997,4.911900195867652
6.143283894567704e-14,31.19985896762784,5.051239294876061
235.6625827282358,37.45930674914066,6.433538266739635
567.4398230459448,29.203445235355026,5.308910064594682
742.9836343243045,37.0761484912244,6.7162292721300965
1009.1015168571722,33.41243102964004,8.017843280121772
823.6439062501244,39.876066722702504,7.822570180437659
1004.8978570454456,40.516913207107116,8.112587401006444
974.2613602613463,39.35564768139562,9.01111931243667
937.6310465690309,41.917784350595014,8.810868411800413
700.7251386310191,41.25704955955785,8.07966712557564
437.49145002235946,40.75473173776615,6.987784810552701
303.397391538607,34.314495335241034,9.056587079069836
6.003087046101096e-14,38.430978201084635,6.286889204299102
0.0,35.196967792559,8.161325153164611
0.0,37.44289977946106,7.375137736114417
0.0,32.605103750422835,6.118458134488643
0.0,29.982781400503484,5.5290468883292
0.0,27.51690893622564,5.9590528932380415
0.0,30.777943779636768,4.220240703200699
0.0,27.622088090850884,6.766326348799816
0.0,22.960645764909703,4.97375788184677
0.0,24.858989887921336,5.585368090032045
0.0,28.05443979250979,3.7284726268266155
0.0,31.98586757237553,4.561262509522765
6.631678195724958e-14,28.81644250826156,6.341030127993431
256.9916561602681,32.44194901382332,6.9199109326154975
463.87408697134,36.76804101818871,6.936386795969176
639.4869729015278,34.26755754876008,6.576399580347215
776.7110731362694,43.48322707275963,6.067329590458004
992.3255827863646,37.30066728635261,8.348301528886118
1107.1449914377554,43.88371403981661,8.837029917170993
837.0667323597121,42.91321633435696,8.203444833734018
810.5452807024061,45.89137629429551,8.36244862465991
695.7216205891448,41.80878331612068,8.040053351026337
575.5777956345399,39.35909053730349,8.784070827789593
248.67439341987134,40.53876108989638,6.675176161675242
6.360853975515007e-14,36.694081201849485,8.053780290514025
0.0,37.83420628151517,7.77067798326399
0.0,34.82193627901378,6.594929300084751
0.0,30.445890197519283,6.032120127583839
0.0,26.112915048298944,5.2835799838555975
0.0,30.628360543350738,5.89789102589891
0.0,24.386014831482946,5.978282844131041
0.0,29.493896083404046,5.5153912841272845
0.0,24.676170449908977,5.983181470350939
0.0,26.698033972643408,5.242953964001114
0.0,25.792097305125377,5.235805571516281
0.0,25.325900513785818,5.079889063546392
7.050660756957774e-14,32.61802400708227,5.555633320184553
251.02461034214525,32.862128529041414,4.553529701163798
483.1442202722782,33.782332041927106,5.143700836032194
621.0717527293664,36.389964401556,6.269071969666083
958.2201027175444,36.89213970470124,6.5672132499364855
840.4329810678736,38.95441148447658,7.025888441757733
1120.8377644930836,41.69650620485473,8.706200930515232
1017.2107322034398,41.78516648871141,10.361316428403029
940.6003651738197,41.99915888040831,9.215284892856344
663.7059275594141,44.090624562811115,7.790529090511308
512.3978880429752,42.29311533950662,8.631451017067848
296.8438575663684,42.32106523208407,7.55212386622866
5.554652672969821e-14,40.866314366338074,6.189019496569724
0.0,35.74737148045736,7.144021263279375
0.0,33.14658072799296,7.048753268991065
0.0,32.22735394192308,7.065490648520348
0.0,29.8500006087088,7.705367709270229
0.0,27.31828483855224,5.106585729214347
0.0,27.338399708784006,5.497617740693022
0.0,26.23571931966041,5.452282872057946
0.0,23.84761625223314,4.347998446546368
0.0,22.688369093994538,4.168093926990854
0.0,27.4884045465559,5.52487610662531
0.0,30.102424687300775,5.193906764128758
5.813156248774346e-14,28.949838273505332,4.982665881017707
229.29020032649814,30.310072969858336,6.968839804783604
494.5974934268504,34.39434692888882,5.304299844559435
690.9794608946108,37.46461313531436,4.859213056587499
831.7429951076148,37.05600706971201,6.69377028921323
1024.8896035204887,41.56337783623951,7.542828847700575
1070.576987610419,40.11484993239844,7.839201400647401
947.571124325048,37.423521603831674,7.936473772232119
941.4643989211387,44.93922864747185,8.027115759202296
654.629528354986,39.582302241698656,8.183151774458835
539.3834977667591,40.775245411727454,7.624966279430978
243.89399804708182,40.54019110166142,8.772973395629643
5.408740872728245e-14,38.494829265144716,7.824964069226423
0.0,38.299239071880805,7.202185595789348
0.0,34.33231238500548,7.148608793570746
0.0,30.672405269542416,5.001058170450014
0.0,31.722939066205875,7.624227528765074
0.0,24.551231902174628,6.05124661212173
0.0,26.70833600863234,4.728759782063965
0.0,28.844503621256038,6.134478738408063
0.0,26.684253552574813,4.5243366428117815
0.0,29.525876186429564,6.270829229265355
0.0,28.19585853624617,4.813099898218487
0.0,28.129177770991017,4.533622012824011
5.86434480055181e-14,28.641751471702623,5.660531851233129
267.7924654517845,30.76800815320337,4.209645510521998
512.3626471169624,32.52018607974202,5.859327671577479
752.8510613055498,35.73344206211926,6.197632178496948
975.9227749262913,37.65741152875791,7.670981724028039
1027.639101651369,43.10001999650871,8.000650067005608
1091.112906264085,41.42585797116559,6.513292430075075
1045.4534916766747,43.83017906951737,7.000787400059399
749.2166973796859,43.16494854560306,7.265636164166832
775.9389703454573,41.012149899344614,7.679318431883805
447.7092280579504,41.546729639674,6.945056749303366
215.1674757769204,45.0620587724692,7.159643717834567
6.169175222034691e-14,40.96149823978366,7.803167046891185
0.0,37.966338639719844,6.239646148332673
0.0,33.04521062999841,5.744676110604216
0.0,31.809687412960404,6.765044330834565
0.0,26.83599493727218,6.5536827953261465
0.0,26.326506234023427,6.5972774106306975
0.0,30.597271875477926,5.642551950853858
0.0,25.058914409628287,4.075038722200689
0.0,28.343211933461923,4.645925103783948
0.0,26.51201777217539,3.6353561679987494
0.0,30.085444336684752,5.531723967518847
0.0,29.1163590196568,5.201448310089912
5.109733963074712e-14,32.296394521632465,5.53573016178574
231.7477861389866,30.337500654719644,5.360854885781187
542.311864715071,32.29863603442078,5.702412382469633
735.7673711050908,33.924290184047145,7.2297154686918415
976.0832058682674,37.403211564209386,6.0821628401633685
1100.3541996923523,36.321155027984,7.223688198244063
1101.9557162579367,41.55887865609167,8.848819578373714
1001.0879993832185,41.7934637638324,7.895331169506712
956.9734513269849,38.312765428428506,9.881115948356541
652.278154101502,43.141255119505026,8.397017697736327
553.3580776976396,41.681964912608336,8.238458099906385
237.59366171187924,40.26246176853292,6.547223680964266
6.278899140642143e-14,35.19026462402482,5.937270330096543
0.0,36.00502179765638,8.615436191574902
0.0,30.851179643717973,6.076790462142258
0.0,33.752452731826324,8.509041422338795
0.0,32.61373153562766,5.709021579881698
0.0,30.231266708203712,5.841891746433849
0.0,23.14010214926357,6.649824705866381
0.0,25.11081234420326,4.986731671070131
0.0,25.62348610112699,6.634881027145039
0.0,25.739661655824207,6.9649017154746
0.0,26.82469161345021,7.499174980489523
0.0,29.919719310792047,3.766501956948733
6.031125409056089e-14,32.12754253068036,5.435812008386805
231.89073541412316,29.337573982850188,5.691891229292898
548.5070551940908,35.23925789483009,7.456838911118911
709.7158966640145,34.368972617940024,6.9242027448319785
805.5425633103031,36.82162916378275,8.832214765223565
1099.3595840171863,41.49795738749295,7.26031121680013
976.1651609085951,43.081696916923974,5.927702371539478
960.6578800937336,42.870433107779895,8.579825993868365
773.0268888807483,42.24888860256958,9.05753685809006
738.9318444408326,44.12249543142314,8.993937398798439
475.7478082019956,43.19008597883598,8.284658499964216
224.71250923602648,41.12031275060314,8.66408409835152
5.266848973056708e-14,37.672226825377294,7.5845540059213565
0.0,34.19795716206472,6.959088082757835
0.0,33.14171977023821,6.1009396424687825
0.0,29.593052608416706,6.198816284301206
0.0,29.74284800912683,7.392368444236971
0.0,29.951610664897824,6.144938248266447
0.0,24.742174302706314,4.578004764884102
0.0,26.62450850171665,4.583343217959478
0.0,23.989833938445532,4.238346378856929
0.0,26.773112425263427,5.579285196722009
0.0,23.664612624023732,4.9232065705869905
0.0,29.271861809657796,5.419379727097237
6.759961667399063e-14,33.1140974475074,4.871787790644181
297.24930183500356,29.801340298945615,6.041260162830494
471.96793033361587,33.82250807654362,6.8230597709738685
706.7945796571101,34.726492096766364,7.237274213974819
721.8903530093892,37.16230618407704,6.6079082031900525
929.2635298513785,44.32103160134039,7.482650451326927
872.1404527714411,38.68595013947831,9.622815785159696
975.3978279757923,43.20404682045546,9.428149439119586
803.0475481088721,42.04034481579144,7.135878936314677
798.7409280403668,40.601077474790394,7.178637871888798
542.3784987013216,43.0634507016331,7.494025206726224
253.37773707585427,43.42609432400795,7.844014600799664
4.993349875529111e-14,39.3532097631607,6.398982738532501
0.0,32.889608036187,6.945356278325049
0.0,32.683316007752495,6.5626514211064455
0.0,30.806532477224774,6.881908467197312
0.0,31.854977012737308,6.096033358518883
0.0,31.36024922212965,7.192075434210816
0.0,24.726340655272384,5.586947006310279
0.0,26.582520554098224,5.528455062814825
0.0,31.20034634340833,5.067447519317302
0.0,29.019559481807516,4.603113973842596
0.0,26.470615698463945,4.23397831928994
0.0,29.197023069592888,5.87017712782342
6.193142722483035e-14,32.755807295565006,5.5188452607416245
208.78712264672967,32.011138208317746,5.035407176016889
554.9487180823123,31.652471238595687,7.780145622024712
646.0031805025001,38.05284266692575,5.094798145130172
750.4887979150262,37.08657096466274,6.18234995139362
1050.6449257368836,36.580253251037576,6.555951242044407
912.6412997022661,40.132845848792215,9.083198985035647
928.8270019858536,40.03505346611513,7.229543826835173
920.5808754609292,45.32959742140109,8.011492016815328
802.0787787363164,41.287595565655494,9.015114373487304
408.3040630254311,42.83846222414246,6.742251605141915
239.8771314368288,38.62284205421251,8.272957897008977
5.5336160603374353e-14,36.81879777947378,6.1288855413302
0.0,35.49570235451443,7.880295836509884
0.0,32.34710529495833,8.891882983277815
0.0,31.11200658021849,5.915394108745502
0.0,29.698169200133602,7.087306717857604
0.0,31.237083157907943,5.6302574178774165
0.0,23.20343699345102,4.901508088733536
0.0,24.846935211898018,5.967272218075232
0.0,23.676248128172105,4.4156018481426145
0.0,23.479524161133547,5.391180432510647
0.0,30.003571889196373,4.7428770731554994
0.0,28.498179420595157,4.833548626976139
5.184062251497831e-14,30.393815902282252,5.228963872738277
214.89397691760013,31.25148260395395,4.482499310665398
406.4007669652122,33.949369659169655,6.0806201964885895
743.7642373193308,35.32307560008837,5.2319286164365675
731.7459591497822,36.82711612359166,6.173859902059156
917.3393684114003,40.498816144203595,6.713736981522519
1000.7372291296285,39.47364793410684,7.717944286630411
998.7702570113919,39.897757728367985,9.717170749175787
753.0648948810724,42.19996246642766,9.288443534428385
581.3224453704521,43.38440380236288,8.174247314492794
493.35609914194544,40.02941315519923,8.43852122641901
232.67381653607922,43.85159594917555,6.994257317224864
6.723378979434378e-14,36.52414659428287,7.5964029153553545
0.0,33.735149330705156,5.9570229475023835
0.0,31.34443155825133,6.2256797517176405
0.0,30.47514247054128,6.9593695944731415
0.0,30.7759375306342,6.464750859304518
0.0,28.79471088691851,7.26909740418964
0.0,25.000248905953804,4.439373535247447
0.0,22.890116703726918,7.82376165560468
0.0,25.833928869799365,4.614880483177349
0.0,25.092514915704857,4.494056564513052
0.0,27.043634535297407,5.998100804420667
0.0,28.386679631410644,4.4745430172045015
5.790109942553506e-14,27.635768291941133,5.187304691470441
284.95324435617897,31.096148213012462,5.187550958929399
466.4060397035634,33.84303702291358,4.965919349716142
588.7583799288598,37.92901142890183,6.201223629950253
762.863688969694,34.81105605278156,5.843964972464242
904.8734196005233,40.22689668385325,5.972163879216517
1139.5132711855754,42.70133045975879,7.920141793688034
915.3964623208848,42.670673724331614,7.7711174705476616
860.2614681045462,43.601329729920984,6.962855372399
805.4284856957244,41.03079898974046,6.888512705053546
549.9871749698484,38.693204208693444,7.26808978442372
229.3785914649591,34.20819561682641,8.660544482743585
5.123295166986938e-14,39.0086784104345,8.144414246637696
0.0,35.297897331437525,7.879883416086251
0.0,34.58961971527498,6.108773830319574
0.0,29.332508306500998,6.0612077548510985
0.0,30.348116123942336,5.061886202576666
0.0,30.53307118173145,5.765655807223046
0.0,26.236794620307993,4.829098841401613
0.0,27.080059398810484,4.983690158857976
0.0,21.799646210087964,4.405730294387489
0.0,24.917339732164226,6.355305617271914
0.0,31.535018300027925,3.937963886026328
0.0,25.08778671230037,3.531994198312074
6.571665130300837e-14,28.022606060983033,7.339771692510746
276.25261504314835,32.66931160883113,5.295186908939886
542.5276820868685,36.39886927114321,4.443285246624204
805.4542763442191,38.421105018549945,6.29786532441325
894.1028247752718,37.47193903933432,6.154359293886221
951.8939008427074,41.42386401289088,7.967039215860287
810.1545172342084,39.7000384582438,7.951622114111334
830.3639426541394,44.241093109080346,7.075962903997649
845.3103152103221,42.06901479696592,8.219709384941396
730.5093987929677,37.630457220666095,7.307631615352507
466.0463568287408,42.245011411745764,7.541561984398317
266.3186933562244,42.87251831210966,11.72055503716344
6.285492569356225e-14,38.70255263915096,8.211068928763648
0.0,40.488337967304254,6.260859414522571
0.0,34.630259446234504,6.025686723615296
0.0,34.18082335896672,5.2233501420967094
0.0,30.007334423939362,5.696253444060951
0.0,29.6130845602361,6.167729124857508
0.0,28.3122101044442,6.775499417207575
0.0,23.48812018299695,5.030797928541572
0.0,29.43689855949875,4.189137916832273
0.0,26.297801987415532,7.251234365303127
0.0,24.816026441093136,5.476953345534082
0.0,28.452614800823245,4.607275215325326
5.5282383116167164e-14,30.914912801922327,5.401347498462641
209.5969200878027,32.095056195718286,5.961247061283869
420.1106052114768,35.064531264685684,4.874008935263353
686.2684933507658,36.5302396755642,6.387205117161141
711.9312259481699,36.26105032369268,8.009242867668389
1010.4867396532909,41.56995957726455,6.5800234396855295
1108.437203577541,39.85781107443642,8.019614609836669
923.793632008396,42.81679385121887,7.335864494138342
860.9959521238382,39.0096880101654,8.594099901439378
775.0427952199909,44.20430380945615,8.297435342199357
524.6036907302357,43.0937950151617,7.207365222907351
276.1970566844277,40.89867369413435,7.102457237930613
5.50027478567981e-14,39.23366753489157,6.982909684786746
0.0,37.687683848106815,5.904840093323362
0.0,35.9585627162734,10.18182402381327
0.0,32.02933918291844,7.076890725945356
0.0,28.838061240609168,6.762627338348441
0.0,28.26451368481317,6.49568120320572
0.0,26.755637426215696,4.213633338263336
0.0,27.341435153578665,3.6546904814449777
0.0,28.863262446270863,3.7986016132907627
0.0,25.062721279080808,4.558968550726959
0.0,29.194836493576076,5.255506770979838
0.0,30.860444291354963,4.280059626201189
6.93909477240439e-14,28.192034889538434,5.04284430602015
285.67108097465047,32.964551382159605,6.753541028013105
547.8569992514289,32.32934034185645,5.638699390090752
668.7841553377132,35.12749719302015,5.937190362490601
944.8464225132197,35.175623356323385,8.102760948170882
917.4445722521198,41.530996609514204,7.7178159769425765
825.620111823486,41.16469424277777,7.816527152450767
786.7243608463091,40.979014775093574,7.848173197350273
800.392062407732,41.1592819887523,7.332392614781801
721.4249310126643,37.72065657968797,8.198635528654826
436.6645744223644,43.14681567867618,8.349697194450604
237.22170650923175,38.16168228236827,7.320315296393163
6.891962689230819e-14,39.01955255105881,7.428817531968734
0.0,32.67630799668069,8.601391264689418
0.0,35.394843549317436,6.409918369550035
0.0,29.29403313539782,7.320006027976113
0.0,26.365691502250968,5.9937194387421275
0.0,29.934260474444695,5.4591719592746255
0.0,28.512391948121508,6.938582780294548
0.0,26.958475811232184,5.042581915440628
0.0,29.91276036344804,7.216086681387761
0.0,25.88586184423511,4.468158962492364
0.0,24.8632612974756,3.994488131224909
0.0,29.005660936480382,4.2932288934653196
4.927043298717966e-14,31.31051830106479,5.459315672779838
227.59750557891877,32.63779233983034,5.013316950740592
469.5647839046519,32.84681539911194,5.171980350244631
631.7065998837279,36.44462346608264,6.0846179965125655
847.3047118138034,38.85844232330657,6.168559100727986
892.2811296749713,41.0636802939561,6.689397597768349
1084.6175100384035,42.48011000134525,7.226637416403456
1031.9138928939092,42.27033814228178,9.797074285939047
737.0498274890043,43.19469820074981,7.862642485210467
786.8098620132519,43.38910430481507,7.265138779309807
509.61927943429595,41.566632455972076,8.521427752976544
229.8727433510625,39.82465470890469,6.339146799997448
5.883186826407615e-14,36.320780648844384,7.867243127058293
0.0,34.318798274847325,6.261373606593606
0.0,34.361242024343944,7.333513956789341
0.0,33.995001711216155,5.311243244485757
0.0,30.078630367196006,7.97764824324276
0.0,28.989080470852198,5.606418934402525
0.0,23.967021048458385,4.752470953115488
0.0,26.404699693248194,5.529317170827976
0.0,27.04120135114358,4.869861583872716
0.0,26.17789574550401,3.9614098957138637
0.0,24.93678975104684,7.381104581887491
0.0,26.920764638654227,4.689505732857104
6.8668177743006e-14,35.013384047642845,6.308360572511804
284.8213597822102,32.382848988023284,5.741414400563207
412.9787961172529,36.013125569693486,5.621095201206893
744.2495814434171,37.55408943240799,7.6832000590596055
695.3004564620825,37.96160160996604,9.780609047544623
1055.8190106404413,41.49382531555438,6.618457166372186
1000.1113833168645,42.227063376859114,8.08021924696412
787.122957878075,41.397761776752624,6.88748076530606
689.2987801657008,39.24684177089407,9.90626439436349
664.352542839199,39.87027593877637,7.169629335885007
459.0659306553404,38.05089832770603,6.8074732981048625
265.6627243042634,39.847213264844385,8.042023792477972
4.911965289921513e-14,41.61126084860645,6.621805282397565
0.0,33.62584934736817,7.702839452861092
0.0,32.88984906095413,5.770301584764604
0.0,30.90842335730859,6.924356888508735
0.0,31.686653417082788,6.759345640558411
0.0,22.803818221490676,5.954182346483311
0.0,25.858112665579803,6.636537517555
0.0,24.98240871642573,7.775670931088903
0.0,28.033022780899397,3.592956980655075
0.0,23.407494492789603,5.425526301595679
0.0,25.441024622967753,3.9334129397160336
0.0,28.020853326496205,4.358375534358272
5.3018648237814516e-14,27.825146230155877,5.441287396437672
223.40510859923876,30.126280215211303,5.377765980084813
551.2386945752771,32.804515134100754,5.463597944069825
653.6325752907607,34.64675362811121,5.759851905805318
960.8708254407761,37.090192825313075,6.147827656102995
986.6959784566016,42.916558914342644,6.11803074613951
887.6677902451564,37.13646008787923,9.937853405720649
956.5038039594658,44.37723236199595,7.550764419230941
744.1695741290004,42.71093626157469,8.352291099746553
763.0946820905543,41.92117867068957,6.620225002367045
454.7917609353326,38.590270378671065,6.951352942784825
260.6550477124932,38.6002700652903,6.8000449608088624
6.06319892713485e-14,38.29915005478841,7.20656774692511
0.0,36.70170022513686,7.235631974593203
0.0,32.90348354327351,5.472178736492155
0.0,29.022667081000534,5.205272178790992
0.0,31.134677824736627,4.5212112285537485
0.0,25.426125423463606,5.339061242672789
0.0,24.45063443429271,4.974703943211545
0.0,24.361326693123136,5.325639199909699
0.0,23.9534066010148,4.990190327710213
0.0,25.64061400682821,4.163638859811294
0.0,26.768811634991042,6.21975060298167
0.0,28.131381444312673,3.9338421047340884
6.834251995200703e-14,30.919518578011512,5.917653396619114
233.7178209480381,33.16084185322706,4.830092173689724
475.39711521882543,31.11404063365645,4.991555180518462
704.5154052250456,36.732422310139285,4.992104384819631
877.8258629298638,34.743725065347206,6.329820040884882
916.0959257594978,41.729081833904665,6.4706155769875116
813.8180038714409,43.917110735511116,7.532708398187318
794.5370524533926,40.26902692446131,7.308775377237953
787.2893350320861,42.03279393586266,7.046029033423904
655.2671343322758,36.532413443223554,8.427798733846336
538.9727449678178,39.53103189222125,6.974694778433608
282.6066993634298,39.060737380356684,8.285573811119232
6.149901208236385e-14,33.0542001927317,8.884478000415061
0.0,40.58424390842765,8.600230863638396
0.0,31.22080010726059,7.5774788198874266
0.0,32.329154449021686,6.0268981711137
0.0,27.480937914925427,6.954449966737679
0.0,31.301425448671793,5.070612301190875
0.0,28.54522050375426,5.338966928287619
0.0,29.25250752945752,5.333981586341353
0.0,26.681654263311053,4.46679469344719
0.0,25.958610006805483,4.8585011376453355
0.0,25.918104967779914,3.7431185766983575
0.0,29.456384937317726,4.33026269143111
5.82114769706281e-14,29.99941764749638,4.917298994243346
249.53425047076902,31.18378967500433,4.066926388353063
418.2751930370208,35.194421872634315,5.932330806557124
607.9562805410179,38.78563793265698,7.708268215505047
695.657487293699,35.94117399859025,5.596473466036628
758.5313065488793,41.848212187549116,6.840769220211091
1066.1109850187247,40.73475411042318,6.5559335877317055
997.6258912132753,38.13514975608466,8.417032096679891
926.2543857230512,44.29824686785073,7.248059740077837
633.4712745757889,42.07679121851626,8.427705675266939
536.3545130955972,40.80195532865957,8.61411786588996
260.3774555820714,40.44184898605838,9.563287365602717
6.689715540775209e-14,39.17708841883844,8.920548656460332
0.0,36.112010497073264,7.684091020164286
0.0,30.82579149270946,8.008398736258263
0.0,30.63073466862504,7.0143612814982195
0.0,27.32923917220541,6.720299956406457
0.0,27.4705849532591,5.483619049849155
0.0,28.570075280546146,3.9694316699762475
0.0,25.4889785971451,4.136906045786357
0.0,23.895543619680698,5.25143103762974
0.0,23.08601971625486,3.9712400008063384
0.0,28.610536944767347,4.330562504026553
0.0,28.558078774664732,5.878469054235499
5.129130205710768e-14,29.755117078384547,4.469342895707325
269.4467992131709,30.362556751985725,6.547211259517375
458.96579189839434,36.6411959244192,8.783485228446205
616.8754351436493,36.54504194853142,7.416399576729196
913.8325512950312,35.50334060243331,6.035834539686806
987.9981541785862,40.686765104639214,5.858818205567245
1021.8011812568451,39.717250958217974,8.658848468379944
763.0514448886642,43.33270161926366,8.167618101756716
701.1842055934125,45.405568027804286,8.197949509797871
679.0807056606686,40.97177209548317,6.420071125786161
501.33152200880266,42.2121933530682,8.234810344623511
223.68171417290472,38.50872252355001,8.483815348102627
6.734628852357878e-14,37.956201521568055,8.16790898616661
0.0,36.10506969180007,7.55726203345726
0.0,32.68126038831935,6.868615789195637
0.0,32.70825433250078,7.389968956484633
0.0,30.38306286671016,5.665012000228547
0.0,29.553530109356654,6.13675104396234
0.0,28.77908944121164,4.175907656819775
0.0,25.295373508004086,4.333952471185122
0.0,23.064357063978814,4.863679406339651
0.0,28.005481288561118,3.8671123320368985
0.0,25.450353307524356,6.654369626794899
0.0,26.99411910550765,5.583752772124969
5.2857387464024656e-14,25.31267257719595,4.567147059119123
259.4241784671719,33.455384574176065,4.894577015163996
464.37313985814274,38.055069008919844,6.288361756835904
697.5104681241935,36.053908845863006,5.507684462395035
912.6723878102284,36.587061333817516,6.668091003729391
830.5854475262794,41.146954945902046,7.404954975558203
951.8306184691168,40.724553764888306,6.283275572246643
914.4932229687278,42.997089506539474,7.85790442617208
719.1857921652426,43.793836641695016,7.515916545269711
603.912140235229,40.433532732301565,6.938214883886281
457.33373697211994,39.71135027285143,7.767909137516408
236.7306386027697,43.34910792423173,9.014435947125602
5.927799701335357e-14,38.10545234001383,7.00387289718101
0.0,37.16910299598548,5.9771571023234475
0.0,34.99868672028558,5.98645822725662
0.0,31.736853513962235,6.181417156571044
0.0,27.356541857438877,4.951830173399614
0.0,28.681372546846422,5.462827172492375
0.0,24.898688029576032,5.360446382341072
0.0,23.791854387158565,4.315999420998082
0.0,24.822364666573023,4.998797182115226
0.0,27.77635692138907,4.415011124340853
0.0,23.457651841765887,4.271779823676758
0.0,30.219594375575763,5.9533533435187955
4.814496619473788e-14,26.92837871232745,6.187665534012402
280.2932562030377,33.316405278543385,5.204439568182745
419.5079910586089,32.28306894984136,7.096764535417234
677.719957086414,36.12918369076594,6.660785923365841
674.2530485753597,40.261266383057475,6.456447085712261
828.2119906318567,38.48843025571488,7.158789266338706
973.2599763448619,42.59027677429209,7.85713776624884
924.2789442427239,39.710577039254034,7.818967068260701
769.3276241653879,37.36588733339435,8.057057041031433
728.5429921197112,39.02112929240064,7.7961344057209905
395.29263774965165,37.43209182494596,6.996331071100218
211.74001180244792,36.515043828668254,9.087930659058504
6.660436949348821e-14,37.93890063511146,8.309726788410188
0.0,36.151486519999345,7.0348203470313395
0.0,29.015687637010238,6.671962275214691
0.0,28.876635649174876,6.458009031270285
0.0,28.91457401986102,5.838095256844337
0.0,30.838901830001234,4.2702031893432135
0.0,25.44816441747389,4.9895741923492505
0.0,27.370667368025185,5.6875209467580605
0.0,23.538119392073696,5.464333043296549
0.0,26.2304836540784,4.2650883935249215
0.0,27.84982428788967,4.902209072745173
0.0,30.125898784126896,5.026173742347835
5.2081972187766436e-14,32.472704808334356,3.7592635513256525
269.2914844639785,30.74549699826039,7.693807053682631
541.5182175486755,34.382475704112515,6.5188889972104365
549.5418982924912,32.21850937441102,5.339006804384192
838.3554941262547,38.182411778489396,8.912675407278591
925.6292901006925,38.40523040556899,6.652483229080129
1028.3365873979196,41.23872933888443,8.150721443162283
1047.0624268035117,38.00593118497515,7.6805779545086015
888.4372360738594,39.39738940973344,7.980157190516237
713.6885077280178,40.09526586686993,9.051125224382995
517.3899001746769,42.03103806557813,6.352089068062192
282.94754086839976,42.553393699378816,8.877996006512294
5.067678319445153e-14,37.210461917175174,6.852769666678146
0.0,32.790953792317744,7.30741285840684
0.0,35.23168026051735,5.9598340959037035
0.0,29.419916707254053,5.446245595277496
0.0,29.47593432530876,5.617144839689721
0.0,27.82061962500174,5.634220840500626
0.0,26.502924186237085,6.28454748795735
0.0,28.840428975218888,4.901501468655224
0.0,24.976255633963298,4.269828057989499
0.0,26.336607602365934,3.933969784605176
0.0,26.512713276194106,4.507999078405178
0.0,30.335714085017116,5.349223962351239
4.797561226570386e-14,30.52741695110153,4.583259791761934
265.5846142928791,31.55502917195723,4.993890177668804
445.85415598917376,37.158260560980075,6.396662582120539
560.8183564942705,34.977315354368244,5.936612386239558
778.5558718767476,36.68527769492732,9.0146976732388
767.034447112331,36.64361766487793,6.446303016944341
889.531722105979,40.99545198191019,8.609292378754358
810.8407993453293,43.04063822615889,7.64713529878831
739.8600037005336,41.61868854503518,9.595043909103712
651.4767168135147,43.12879274178565,7.81246650989622
433.4044815713502,42.620218601165604,9.942681198694569
220.22118155648735,36.96723335295674,8.215325661744629
5.2798160656947834e-14,36.04503389371815,7.988057923217124
0.0,36.687344814804966,7.825514489728363
0.0,35.01024789276098,6.798697561121506
0.0,33.543202607386725,6.796093025629773
0.0,29.337912871487195,5.051139286848924
0.0,30.833668494468775,4.455223453358762
0.0,27.471506966770935,4.851356740623007
0.0,25.71881585150487,4.89369385233216
0.0,28.479518898850618,4.540900418368484
0.0,26.587419794572078,5.10512168241248
0.0,28.503043254786284,4.197411683258565
0.0,26.40394374514098,5.566914364058292
5.885516319207553e-14,30.30096903893428,5.597131829741738
234.23058897578989,28.823745731026484,6.651088706818667
427.5874012927854,32.71525612233211,6.239272188193805
597.4971938871549,34.6717173398897,6.927294588531614
734.5559573378762,39.785929765087786,6.217718044052888
840.4655407994478,41.39718636340011,7.331560212611837
1070.2726487539549,40.434430879669215,8.030685102159332
839.991810571823,40.14151105067901,8.316273081376922
862.1634822165594,46.59457256770306,6.885351955155171
624.6616896842256,40.53939608723323,8.847379136050623
460.74459379139427,39.116155572809255,7.04891144128075
221.79567100783214,39.34127552910728,6.708233881793207
4.750649259017453e-14,39.574010609305155,6.328464125452726
0.0,35.240023277329605,7.295980649504329
0.0,32.23812399393097,5.887446313274381
0.0,32.29464327493337,6.932934880172143
0.0,28.000263422112383,5.3649253403153105
0.0,28.122844645376,6.965462868639532
0.0,28.07197638813501,5.040124086011927
0.0,25.89615227794834,4.640932634163304
0.0,21.818929735044936,6.021825276241304
0.0,24.695892857267584,5.229498313942281
0.0,26.491301006406786,5.9487395708243
0.0,28.777697718743763,4.931590523027776
5.675262179809424e-14,26.700602504862886,5.205182597446898
215.36892619305942,31.474047357118415,7.919774870254104
417.5003598397038,33.131408986846616,5.45170044462074
723.7680361107027,36.32893608074165,7.115960142567033
837.9498715867784,37.38663192424487,6.074485743284715
889.9126743273592,36.08376885352557,7.072794637118246
972.9162394183452,37.205755400537605,6.838515742496815
973.362947145931,38.50888804082833,9.164044705630863
726.8514205328113,40.765312184860754,8.638258730277315
648.3943470771366,41.222112321142,7.677296012061589
382.156016825362,41.66980962901681,7.398139342323334
247.73878408292984,36.295541173669484,6.928028281212329
5.15283454077783e-14,36.47889732762318,6.314716184976262
0.0,36.116783981786675,5.790670727257036
0.0,32.834223505228536,5.621382834917397
0.0,34.214444360483675,5.984946796850375
0.0,28.21347055481096,6.8506258848597525
0.0,26.12833298161235,4.480684879232081
0.0,29.591577967960177,6.89877234392384
0.0,22.81102570167093,6.229069247766267
0.0,23.090264622339575,6.210911202295627
0.0,24.596909993594473,7.129829174104552
0.0,26.680755073271765,3.7169096568238786
0.0,28.307903965936603,4.44998053666231
6.274444295145226e-14,28.32468989883783,4.6611854736607565
246.03495768775883,30.986354186371322,5.284703661758052
480.59200749832337,32.118756460878,5.603381082699701
592.910335915765,34.20852872251357,8.13145947196793
713.72325484804,37.46354191894563,6.826362378568642
902.7052628536048,38.88552455882017,6.094744669222734
996.640151005597,38.95391291875323,5.7310144281832445
915.2545345832968,42.53936831532968,8.587652913426645
757.6343813339683,40.01383517829197,7.778093429035457
749.9587312335547,40.857702622810365,7.228213207637072
400.5261083999689,40.415014615727436,8.898919778374788
247.93523997319582,43.80379698092726,8.363581536267159
6.270699033784965e-14,38.94742770340056,6.97185709589932
0.0,34.45943800682208,6.761710102047875
0.0,33.172338083528764,6.783574008149477
0.0,32.04634314143425,6.257646376969052
0.0,29.57718552987999,6.475853555411597
0.0,26.097496427700793,6.939977942072989
0.0,30.387149221964023,6.781384314831316
0.0,25.35145842575785,6.174327111353229
0.0,23.556878809123553,5.1150250694990635
0.0,27.012375167315103,3.7814579523577723
0.0,23.451023653827512,6.118276663666444
0.0,26.57462504215182,4.155936053322954
6.032358180865636e-14,29.595517287764753,5.409696812054983
269.1143086734507,27.330484036252273,5.714896384148695
461.5748034196322,32.79359002257758,5.776084914065539
746.4213292302886,35.57002979932264,8.966065713040367
899.9302373184516,36.5397371191133,5.9925836396306496
990.2844510047339,40.61447762746236,6.211152238375748
882.421155095455,38.19129475346515,8.860741074740268
791.3604618888033,42.65927390753087,6.9133247830257645
839.7535187605696,40.93378426689541,7.5350121749579415
585.7633469282883,39.2272383582601,8.611403931741439
405.9843134572791,39.98790285144069,6.379043499371711
215.56677006865056,39.34009359962997,8.593579323055454
5.964727054056036e-14,34.20617405761245,6.481964785887759
0.0,34.11877819327523,8.033120568194054
0.0,34.82841451591781,6.535616479429171
0.0,32.407325990238576,4.972385836747246
0.0,31.759976026128857,5.586127793132629
0.0,25.759320652208867,4.4089002582783605
0.0,25.795716878925152,4.243131616110747
0.0,25.392693899533263,5.657612689127684
0.0,24.57699798402171,4.467079229425531
0.0,23.930310659586635,4.757930206335245
0.0,25.083416629967946,6.080754101724384
0.0,29.83779451635054,6.133483178389218
5.4300158523532515e-14,29.53147705430192,6.669191880242667
231.60812829161634,29.799966538556056,6.7963624554247755
484.11114985422057,34.23151735959181,4.784041032946396
647.3828220049351,33.87937090121141,5.6388993041387305
822.1525425767651,33.831355154820294,6.663942120694337
813.3918094238123,40.70688233203063,8.285770554416054
1046.686614102191,38.04740494053916,8.121438715758998
818.9445147953861,41.419824960067665,6.254611300895933
865.0950807464936,42.34810235944193,9.30461408534661
723.4545671850553,41.44117078359793,7.213008472814989
384.36467383006607,39.66996046539158,6.952005810507712
223.04344869676976,39.75685060160787,7.564787091974196
5.32390002425386e-14,37.01101473736473,6.67593482864921
0.0,27.931817679317827,7.140822243975723
0.0,31.318134794611904,8.13138664227165
0.0,31.739205242915816,5.672689024717662
0.0,31.79544346118605,5.394095400320984
0.0,29.210088208360325,5.923816399750994
0.0,24.336302130575657,5.766816589966598
0.0,24.237245466772936,6.173426637438073
0.0,22.623233803392957,5.242281682001591
0.0,24.913130906618502,3.991975090848337
0.0,26.328475364326568,5.161759153291712
0.0,28.366348413388277,5.186151575382619
5.496109462111638e-14,27.48597177502106,3.760856651278324
260.8627980296664,30.658172044334023,5.00481623653047
509.29890978405126,34.36023713080515,6.415990217085867
644.4465436372195,33.30379321200279,6.269535117583965
842.1759854696408,40.433259602645755,6.471751594573149
1002.0289922872724,42.147190344073245,6.375550939480501
830.4917419220068,40.46911312700905,8.300972301402538
777.6382153669759,39.36923438584109,9.655311504618108
790.9663996172701,43.0450646274169,7.797677691590449
722.4825343227493,40.102414068567626,7.013492889343421
426.11236086823357,39.69599368565161,9.235342285213482
252.71436980741865,35.12631184565448,8.530112156262033
6.249508156016425e-14,38.80099802175056,7.312724686886352
0.0,35.38836169729298,8.026888036965516
0.0,40.1267264126273,8.094474636267385
0.0,31.383332236553105,5.607297169385191
0.0,25.76676523666701,8.61975620834199
0.0,28.995377068707697,7.313080600333025
0.0,22.397488011784475,5.0270398846723
0.0,25.286671008324344,6.207480560324608
0.0,19.232949823333072,3.2094720355201893
0.0,27.746449999340065,4.986107257731318
0.0,25.850837854380604,3.9356081444264914
0.0,26.87945347817986,4.5001224711156835
5.96066621109766e-14,28.824197313078994,6.33998087383625
271.7673975020088,31.138961829103692,6.862562809229285
526.7546056338729,33.80148391619146,5.563147805895468
700.8190659715727,34.47613889731851,5.474314047888021
893.9623423813771,37.1812641300214,6.592359916827417
917.5032997075174,38.66978726624446,7.439813960927199
935.0415901214305,41.162387036164255,7.263108426433843
725.6276731112595,41.91208201161072,7.581992075041393
855.3587180773934,47.216011639192146,6.924831756843394
740.5767969487187,40.98293740713546,7.448094389045305
482.5474420299432,36.98667020380177,7.763255842974775
236.088648703115,37.393004363711434,7.807648112820422
4.6398545092852854e-14,36.92282627466686,7.679443615549188
0.0,35.24450007571852,6.8506651782826395
0.0,33.127282950349276,6.059290952468013
0.0,29.697980815753102,7.082557027494491
0.0,32.45810570118561,5.564077249974543
0.0,26.61773145129687,4.944654787749089
0.0,30.952009105940494,5.083008369822425
0.0,22.589530907297277,3.468449647509132
0.0,22.477870440055824,4.519718647693395
0.0,25.251724143326378,3.9043543546754527
0.0,25.936874868718288,4.1657686243012675
0.0,28.103459741244755,3.6946602403432327
6.207912771655342e-14,29.82566470619401,4.490138684615098
200.48639358808532,28.457654920056726,6.090430119992934
372.04529923983006,33.26709017218365,4.814958727217344
666.2665506055209,34.68347479886354,6.9992843026498415
677.8364803730856,36.33008741166037,7.691726669941085
833.9917525052435,39.17956547770195,6.2143072144017415
1030.2167008663587,40.03261769526025,6.886553433600166
747.8017620091198,40.45709335978039,8.75337784398591
756.0505947985156,39.737006553601375,6.555811520633673
531.2428985888146,39.31938882913972,6.701494093917632
411.4012945701574,35.12653430488232,8.598494822712711
233.9367867366861,39.05886123472923,6.794344355781524
5.819426258240422e-14,34.23141759459581,6.138597911844908
0.0,40.32237700660676,8.422965953915934
0.0,33.82637172866856,7.294002070187261
0.0,31.115330195440677,5.682077394250302
0.0,29.874974159895054,7.362890667665422
0.0,30.219988910618586,6.577975320052931
0.0,24.215706684555855,5.541955693198325
0.0,23.482441821999437,4.448991618873466
0.0,23.781322696791836,4.181234842116004
0.0,25.69140444478552,4.067981220250478
0.0,27.097412020197485,5.924791726165907
0.0,29.963251540084595,4.188388115674565
5.4834589411103355e-14,29.029042122226958,5.226549268632815
219.12315360796362,28.91846960053971,5.432621664903939
447.81847737685285,29.362707767339735,5.711554671051296
666.5591431631007,35.476174048766886,6.27732848483058
902.1525700146797,37.51785305189842,6.090081100039093
877.9480371794367,37.89863845175627,5.566436354023607
1040.3520806421818,39.40072456935024,6.900351592936784
858.164498006886,39.2643555711411,8.623643627119884
840.378171732373,42.82317579878953,6.491432920287587
599.8481826775239,41.649133168870115,9.70874192842387
414.20223414433536,40.70378615153907,7.06945109877479
259.6008682822616,40.15059224186564,6.6047598898218975
5.42760606738204e-14,34.703106142638624,6.536146681586171
0.0,37.745487614205075,6.738808274670771
0.0,32.56583674123249,9.254318020621987
0.0,31.34706894456281,5.022054014751351
0.0,26.996034756960565,4.685873244633787
0.0,29.3624335726142,4.450810215083233
0.0,22.382775663015497,5.604027942875668
0.0,27.275059627277404,5.426716146153124
0.0,24.079713824298857,3.775633757258832
0.0,29.893485655185806,4.667788569836268
0.0,23.372723329709256,4.424953799980714
0.0,30.082153113959244,4.84360956889203
5.033466217301047e-14,29.320558703612313,5.6108574137724645
216.85774049373572,31.189738538728704,6.381059039074811
496.79531213559585,32.44864235587137,4.802169240873881
560.0232163536434,34.21234582099116,7.394757486063749
716.1543975244628,36.79238869450185,5.725715332996329
745.0298879399107,36.81168737894936,6.217598266544452
727.6750014478049,40.284945783536074,8.02432847937792
742.4466053171883,44.834630970179,8.741743218994637
801.4934907488711,40.334397493049934,7.002532217683427
603.3300640397063,41.6771821183412,8.096114540261649
409.2572885428739,42.362838706918964,6.664782698207411
240.10177979442753,39.803292986424985,7.39823038208272
4.705669366473434e-14,37.77953206630438,7.198141341812959
0.0,32.24069100704825,7.09685847944707
0.0,30.104714065312944,6.323159971297493
0.0,31.80453417790876,8.309645687336634
0.0,28.197291217024233,4.539197742807816
0.0,25.740373675181655,5.743891717371859
0.0,29.173299639840103,5.066755488230914
0.0,24.43490274094768,7.922589095628929
0.0,29.29452263282672,4.423673350220134
0.0,23.60801219040561,4.156786298292166
0.0,26.25500871975965,4.827613905411617
0.0,26.213212795712906,7.364310971601937
5.758226461044012e-14,27.020999023149727,4.449500985856639
235.8987762150879,30.785883223129677,4.402565127600585
453.02218691302636,33.11293933221487,4.541146395987297
691.8974245863465,30.79123604797126,4.789263528746697
727.3568168312255,39.47296138575306,8.091544303149803
939.7967024940871,36.79707080905607,5.586543564442832
948.8945093668813,38.080847379861865,7.018352900072671
872.0198236444751,39.35072084340025,7.847373855199205
829.4865242064368,41.59940870215909,6.438137466496815
597.8238813059023,35.99986056993045,8.111423571078358
384.8855988857197,37.5269185155943,8.232177417923454
206.27848853636985,38.959395494168426,7.672991832454821
4.569992918893008e-14,39.186892343119546,5.783702250239698
0.0,33.76269358780906,6.900792618265216
0.0,31.564839190460177,7.348315045327654
0.0,31.30330253589789,5.71966152040806
0.0,30.274630788008565,5.735635742987816
0.0,28.349273407999156,5.855445137425967
0.0,28.110630998208684,4.313557394287711
0.0,22.964138363060584,4.7333001314049055
0.0,25.412711679154558,4.174308550525607
0.0,28.7691329401006,4.248548208914632
0.0,25.435136918704725,4.974454729365855
0.0,28.33416599311426,6.943894614353131
5.71287725737307e-14,28.185391354253763,6.810867684085602
198.6274455241575,31.92315557714036,7.265384707353384
404.85198372752535,32.86452546819673,4.711964079074769
520.2149126014831,35.7156157941861,5.511178726026496
789.6907901313206,40.66647964379238,5.393889923791102
842.2447148569231,41.366565901134216,7.720378998059729
974.2178237157473,38.46117316085544,7.283404292081736
899.8455194278433,38.86149774889627,7.750854126320222
711.8440401403199,40.87619364791357,6.511801274987038
544.3952447682877,42.91344805958185,8.097769210165167
426.1197664411825,38.16804885125162,7.521263903143808
237.64767753306592,37.995184109546194,6.861526080994496
4.496282951967795e-14,37.92425409317248,6.444988959398776
0.0,32.63309307128486,7.946953527788098
0.0,31.37084547098822,7.17727485239125
0.0,33.48460966111345,5.039323839841188
0.0,32.62927258612393,5.450372259335503
0.0,26.535441088464864,4.496889351326182
0.0,29.417263926067452,5.339419191530081
0.0,27.716329209077443,3.8900631678123716
0.0,22.19648303504948,6.092361481517571
0.0,24.50192546214738,4.439257702963776
0.0,27.409455954326894,4.28045241822153
0.0,28.21963533507378,5.919609998042235
5.153059123572128e-14,30.61005554687599,5.7313057858312595
227.51364768522404,28.574557409222475,5.092358626346293
367.88379419320387,37.13041579641488,5.951462633248293
632.4672760107461,35.61079681798221,5.175544088782608
660.9243989821985,38.43823685656651,6.023235071339977
875.2519748662008,37.34037976632264,7.895634326488897
751.8374753512109,39.703380211093986,7.58703013469996
981.0070984339034,41.054316474567315,7.8702908065840305
787.6915621369692,43.321749275177694,7.122613521832045
509.6407915967879,37.19550319510987,7.905943621137078
464.1743191779371,39.16137587040356,7.586810998166322
250.13756653237022,33.67469657661468,7.205618872869724
5.114987271477158e-14,38.64767748271855,6.870917357948442
0.0,33.69134734283305,6.783817887015657
0.0,34.283920664655334,7.786801753659534
0.0,30.521045713954376,6.870181894977731
0.0,28.591067251093637,4.673861185867583
0.0,26.853878719222195,5.7130438982694285
0.0,25.120416516969314,5.822930986342145
0.0,24.212461444196563,3.9843015205928998
0.0,22.676857445218786,4.480268758881769
0.0,27.180482634932464,3.4225322186565506
0.0,25.324078353938972,5.3638167679073465
0.0,27.169286564048328,4.675448310484957
4.5935856841131655e-14,29.284888105093373,3.911822275197749
238.65633247626403,31.860573046220104,4.772795920848507
506.5539759281269,30.070492572462552,8.618988817246262
529.9705169018844,35.680992916767174,6.828925651075627
697.1708106892196,34.02891566038845,6.87755685648307
980.7681131042083,38.4823937102329,6.069647631009516
713.7856953867841,39.65078103909525,7.195906362865703
939.6995263078128,38.466170494113264,6.649298822606644
696.6553929160892,41.027676787136194,7.893665085067566
524.3167506488609,39.7883948981082,8.25324079429194
480.2821531922787,39.50174492296015,7.7499394060590285
196.22651824020141,36.72258074519602,7.230771131687854
5.236731657242829e-14,32.58607824383794,7.148920816396409
0.0,35.047557653646166,7.505494599993024
0.0,29.474979925081332,8.325905351431759
0.0,29.60570288348956,4.83690566325949
0.0,29.93969221831782,6.55110259003434
0.0,25.74212171956014,4.679236989828759
0.0,26.90565013237671,6.044221595509848
0.0,22.534653894426533,6.470639223676994
0.0,24.499039093866656,5.72064479602745
0.0,25.739990884833723,4.0184345798944126
0.0,27.15539785418997,5.740413701266499
0.0,26.57556230165233,5.417254310116659
5.862113482414115e-14,28.91324615538593,4.997506706217396
198.17250652054244,27.9837001615684,6.243362387730292
383.69103679554,31.60415473209891,6.20708490835064
602.48022266858,34.25771024805182,5.62519119823529
673.3507639879429,36.84161802582566,5.407934089837971
853.1493166022295,37.81761566171275,7.306279995919136
1008.9675591237466,41.64226575415957,8.854854712126881
692.5285959875923,42.90588673118971,7.330518948992506
866.2282460596776,41.79038620390445,8.896671005695584
632.9017362980799,36.96900000130866,6.711416040885854
436.9542027377142,40.6707795836555,7.0866718255978824
257.90517245049415,38.49468104288128,6.073422151875381
5.2911639079104605e-14,37.361742241342874,8.616431623024491
0.0,31.106541572689405,7.197621485592795
0.0,30.789213169477367,5.530346058374249
0.0,31.220116503295998,7.292286938929912
0.0,26.53388096226603,9.534273157559152
0.0,24.32555984294476,5.732800389409804
0.0,23.536712628447948,3.6260440398108202
0.0,21.681338838922233,4.206719805018589
0.0,23.97373082832648,5.526822965517658
0.0,23.617530844797688,3.7212222800589214
0.0,27.749755471759208,4.56935995881351
0.0,27.035860041748712,6.003205608436325
5.99536859980716e-14,27.790611774899904,4.0387296870553335
254.63626024248072,25.169072251291425,5.1997426853222795
363.37854006595285,29.79041796905765,6.935601877953516
577.8515950809548,28.474890248003224,6.930689032556814
777.436183321433,36.62322432107949,6.700104167962822
955.0047941438439,33.21035966144542,5.747993196222743
894.8451155680435,39.4305005171666,7.562241920570585
871.0395406425797,41.34504027836285,7.852021332781735
703.4172027383916,41.07354498328574,7.535024969916352
532.4208904584187,37.57144470609341,7.541578203281877
386.6263364238293,42.30908612784821,7.632056639542784
234.6814612386235,41.79694590348298,7.698065051448168
6.099135140625991e-14,38.41566374845659,6.56456777248117
0.0,32.38809105688363,8.8054873411266
0.0,32.926312177476156,6.682182197000575
0.0,29.175108471291058,5.015041012950879
0.0,30.268245131042907,6.075348689538056
0.0,26.965765470971064,6.784489862814827
0.0,26.84299536207273,5.956183938556295
0.0,23.56149643930381,4.319841718624097
0.0,21.78488217295844,5.55464862691108
0.0,23.215565811612436,3.9181279117868386
0.0,27.03393633977078,4.012285069884975
0.0,27.865019970306054,3.7236786303354075
4.5757536779674696e-14,31.19321745765307,4.585418822856487
212.01650324765782,31.99533871779537,5.2337251659906165
442.8387565781842,29.647226561566825,6.450336922382947
675.4478071217616,37.68907666360058,5.674838697111955
851.2859404822959,33.05995648878207,8.57926847494118
868.71648256738,39.41020152564517,6.418279419763579
977.1997587426166,36.54031341454896,7.898473319271255
865.9298002915071,39.06012944640214,6.3590122560419395
669.0016464127262,39.80758433934657,7.0825183774277995
664.8330923172786,37.56655754458006,7.955802558198128
391.7458970642985,38.46454386661732,7.860018883250985
220.78578505428544,36.46546153937258,7.318916420227884
5.5609312831712366e-14,39.46195580660882,7.661128064153294
0.0,33.35187312190357,6.615766816812563
0.0,33.91836902917136,7.007640805522422
0.0,25.888251973207858,5.4710292870092205
0.0,27.954391380563617,5.412778108108291
0.0,27.386367957709176,4.867393009244051
0.0,24.00784947117895,3.6948929907644805
0.0,22.992307133119397,5.181888049221965
0.0,24.935057795408685,4.868742984517648
0.0,25.506012449840526,4.964915423602493
0.0,26.309637240460063,4.509293300637809
0.0,26.42930935694727,4.478663623986663
4.552064518676067e-14,27.534953829165136,4.37290096739344
214.54243352952105,29.37788425519639,6.261533678409037
482.76214106659864,31.1117640100521,5.609455836601808
646.410824677628,34.02821177284428,7.113305949011721
614.9612012787981,36.94679459638733,6.440473859762107
810.0302608241365,34.488531149322625,7.158631361101657
971.2011663878111,42.79377638195246,7.766851356236145
783.2514774623639,43.32268276900892,8.00612963275252
836.4212069449304,38.58661481704796,6.237474837645616
633.8700831403872,37.994760959480445,10.36074197808333
391.9651321682251,38.75518929774134,6.809019804068967
211.65506349875326,38.616585965795444,6.131528276544283
4.372894376442881e-14,34.824152263874986,6.175884253139454
0.0,36.99792959668487,6.546932566062709
0.0,33.80534894659398,7.816698955001026
0.0,29.94535884188778,7.282427140777628
0.0,23.483403354345256,7.244136744165244
0.0,24.42836249991889,5.014501145734502
0.0,26.124837913326033,6.249943410609781
0.0,21.401116986826768,5.176004093846055
0.0,21.89099321353334,3.961003528296873
0.0,21.63025333476894,4.127634761543696
0.0,25.880547223403887,4.799255220532947
0.0,27.03714724244072,5.046325706483164
5.495513840174958e-14,28.210067850695093,5.729222684158687
196.37805650660303,30.88841776925686,5.163957729815273
492.207364144892,31.68788255497327,5.774140155836799
556.3872260956574,33.07321726637736,6.635454432546645
654.5654101233251,36.64956487835266,6.599678266865798
865.6639695770297,37.992584447926966,6.146742665535262
706.184206289769,36.75689396250658,7.67776389103228
823.5086817012206,39.91397495972095,7.300172336721211
757.0282033430841,41.45775080463529,8.60882299694845
688.0401697775362,39.75681699540894,7.578772121541907
482.6224766032462,39.867980526355495,7.621927545365137
201.14310525735925,37.737107161712856,9.821261296680346
5.785936325184113e-14,35.56397532624191,7.3922409851972475
0.0,35.94921738939681,7.15896099078244
0.0,29.7952714288595,5.6431200952425495
0.0,26.670410907442463,6.291856554280934
0.0,29.545766436397976,5.118668180787582
0.0,25.381855885141825,5.236387606970423
0.0,23.69147726788409,4.295603571888037
0.0,25.58938317356742,4.891352214398772
0.0,25.175468764662288,3.5216407907508147
0.0,25.52458354597761,5.2786613973901595
0.0,24.752930027699414,4.3226980853157695
0.0,24.238917518511595,6.446860094563283
5.312848834248869e-14,25.623430603582868,4.9030305219763175
208.32268507892186,26.88786117479977,5.893135535620015
346.50811829131675,33.638291440656744,5.761520340960612
575.2167682422979,33.49424060318858,6.6671396252209245
641.4260221554662,35.798088704435166,7.944432630614202
741.5879614732848,36.11937108493093,6.705678310380362
711.679103374823,40.73543539955005,7.532416540242656
809.5875295032765,38.441510858582205,8.096958808515065
749.1206485908278,38.84501815656191,7.925976593502788
556.029482778055,41.346018146676414,6.398089635175186
389.88025544624617,38.303128812029406,8.261993570814102
199.14673911568354,33.78293908718733,9.529677608792689
4.6848893338631696e-14,35.90837467542301,6.647817446247121
0.0,34.3287076626406,7.774451388673073
0.0,31.773379044747198,7.7885303450320365
0.0,31.128815106262476,5.52564199896371
0.0,27.342173994405073,8.070802126478274
0.0,23.07954678841,6.646642727547732
0.0,25.045262319832567,7.013456340392944
0.0,26.36970450727825,3.4060467401267704
0.0,24.20084480901357,4.682515909091665
0.0,22.101868386602426,6.743564512842205
0.0,22.232946649758183,4.599457362504134
0.0,25.98873297894349,6.636989230687249
5.412370740288338e-14,26.338700870429786,5.301977358936522
182.79025355656577,29.659981793479496,5.8536548970336355
410.8272399045154,30.529635607352066,5.786354298156227
643.3419027672286,36.829812943996714,6.3747462775017665
702.9202606356964,40.199448333672336,6.33944232620762
792.660916993257,35.76915104187324,6.3892634484423345
701.0767072342,37.838277251497274,6.625656850251406
688.5369187670833,35.94967167028611,8.923970771428813
667.6216226212845,40.841104900468444,7.282516048740857
667.3369034843889,37.772555555550625,7.258329055018214
343.7617201393322,36.24963514657502,7.24982949311949
236.08120218901632,37.43406006682204,7.214335167494458
4.894042052240243e-14,36.60462379187409,5.827506919820534
0.0,34.78201750938112,6.482849991804069
0.0,35.60947095131682,6.480184267003418
0.0,26.90953942425179,6.66185173292092
0.0,28.52732628909221,5.76413631603188
0.0,20.901822230051355,6.348661407281996
0.0,23.0644667801926,3.7185450549556314
0.0,22.23039199668223,5.210024303541999
0.0,22.292805701337738,3.184383973624107
0.0,21.805486759791084,3.448226748190543
0.0,24.673631485102234,5.184966919547395
0.0,25.271251264156938,4.272274686833011
5.20554215425127e-14,27.893489669883703,3.8515502126266603
181.31064114013182,31.413766558253197,5.961940671768822
415.76289739493023,30.915611058199964,5.679317628082623
576.0142150124831,35.67115065831388,5.691727027207526
764.7132275599985,35.24433950528692,7.425611810748994
902.5915180950589,35.07393127289497,5.92083800802631
718.5937368093064,38.83245283938181,7.173339999759212
738.8400635359123,40.65135643189163,8.362150904066695
788.2102550567021,39.93930521038021,8.025363126182391
553.1657966356356,38.747889032564764,6.671934831353095
414.91097314124903,37.8147003974078,8.052351601268711
201.32381760550274,36.43892390281728,7.216636676314024
5.612614940740486e-14,36.15466246865955,7.349320288405137
0.0,34.51681797272604,6.268566748179601
0.0,28.284196615903426,7.286821378842831
0.0,28.005823058936073,6.188897404519206
0.0,25.598533116436304,4.680792649319465
0.0,25.48716827082646,6.119316879967236
0.0,26.618114809142746,5.693677141704843
0.0,18.12637160249828,5.245516208864011
0.0,25.101136326172167,3.8901962061395032
0.0,23.656048478871153,5.480385585469046
0.0,26.55516692043784,5.2505116060719885
0.0,26.696147173182393,3.796201693425117
4.7801621488053235e-14,23.781776598244495,5.6358430032967535
209.34839691022236,31.723898276184777,5.1082182104490865
435.0021977508201,35.04244283405364,5.7357714473407
592.5058423862696,33.52710864276475,5.1170435550881095
788.833862658148,33.03159464568634,5.738431363105517
909.4036042160076,34.94971029613165,7.325889268085028
748.1173030397431,38.56885888820879,8.803946567680239
731.3384241986213,37.6851089428572,7.772591511260472
606.4679742814119,39.43696722216726,7.100263079967275
476.4935767701248,39.609941214588815,6.9837509725376465
441.9112699374132,36.719393205964565,8.212175966913522
235.88785941305932,39.478742840321424,9.269396803826332
5.156689702124183e-14,34.75778020827067,6.945233726483697
0.0,33.26097911376461,6.450083737536598
0.0,33.30077382963965,6.5501674084027925
0.0,34.73324022411529,9.378014178586227
0.0,29.778491548240762,5.13182303773146
0.0,22.90872709056247,4.333788914969819
0.0,24.87124631800016,4.631378769185312
0.0,23.186272969385172,4.644733580720775
0.0,26.37768974593868,5.115744335386652
0.0,24.95681059522185,3.898590270711766
0.0,19.750142685404462,3.992843528361647
0.0,25.11501598877562,5.35385293682887
4.791807750975582e-14,28.158103354375378,5.110918263012497
177.9831213842821,29.70290693056601,4.680736789088949
433.02991752612746,28.854130175135772,5.500202204636093
528.50287022806,33.543906893780175,5.7541949888705695
811.4926809440379,32.8506887902177,6.805120057014535
860.1119369062559,34.0185371234835,5.643999171852555
842.6005831776599,37.67372848992291,7.532867397283319
709.0259000630772,35.217024730586516,7.134254216904543
793.9146845320442,41.11290560660879,7.137714492145976
617.7628075147873,39.69215399537566,8.70252032589601
459.1290812664827,37.63139615717298,7.9155502253335275
221.41160272790626,37.05278173619614,8.572986272570835
4.20181643938276e-14,34.22061858160912,8.650345864205988
0.0,30.204463651691942,6.222709614788296
0.0,33.321217692499175,6.117053138981962
0.0,29.291779778086553,7.197592490687287
0.0,29.42313042616137,6.266721813550035
0.0,25.964845726051248,5.64198391684407
0.0,25.10282533582333,5.128645401119064
0.0,22.786754310466037,5.771887469894155
0.0,24.336199853652293,3.8131984062980075
0.0,23.63629718769411,4.262604406433814
0.0,19.489230058234266,5.72121510980423
0.0,25.61647215821338,6.518069838525092
5.374474801984852e-14,27.37494586741712,4.702305747034453
190.39556008981302,27.204116205860412,5.745865223154233
393.7597319364814,27.97935625966814,8.062632502914132
513.9308322000941,36.350815361948726,6.606527212815271
699.6712799639721,37.78070390315056,8.815372042080565
776.6851354936687,41.02128998693962,7.4178579170810055
932.1293482319452,37.970471069212245,6.761701352435289
766.5417434380439,38.522572477767035,6.730649263858922
596.8013711562892,41.913747122118245,7.790604610737985
506.7556348963767,37.86849727200946,8.215356069375474
375.71269996067895,37.29400575245101,6.681111945974705
223.16693700975608,37.15677428599374,7.026216067398533
4.88075706617062e-14,33.575728668768576,8.746987903955242
0.0,33.402054742416205,8.510532889647433
0.0,31.484658824381334,6.248088477280305
0.0,27.698479018783328,5.932334802026189
0.0,31.397402932868957,6.85208090473626
0.0,24.178761185427756,5.149441897749545
0.0,23.356022273964626,5.808577346835126
0.0,21.52738599306603,4.063140783370533
0.0,21.01351244370739,5.213290507695268
0.0,22.427776101353306,5.431614698491288
0.0,29.565941162708658,3.3767914543955064
0.0,24.442408395875702,5.170389965344119
5.144432857542363e-14,27.328259765384814,4.727082078675568
190.09037691324414,30.651352196340408,5.948516788325213
387.95273751762187,28.25887817701669,7.404718203198497
563.5305903763676,30.8408108762587,6.043419753428275
627.3334682421856,37.57944463593849,6.8273897013139475
824.1434942599326,37.508286734183685,6.266962383322836
928.22340893067,38.43825562716944,6.743150063263302
880.5116678348346,40.7471627508454,7.418871171477027
578.740320837512,34.999399568420614,7.902235801221073
629.7673342683096,43.302742905876,7.433901890720076
458.58068269271126,39.03789092356629,8.108122919804773
232.53926888856188,36.21116734161493,7.80837158224021
4.947823160544654e-14,35.21896016482534,7.297477849054771
0.0,32.47329993775472,6.475412995957335
0.0,30.92020820934515,5.587148628664312
0.0,29.94228742697116,6.181367826425456
0.0,26.46676480994658,5.754858766969736
0.0,25.370333637774536,6.962120173531856
0.0,24.626731840199806,5.151663101063792
0.0,22.742367093266417,4.152565128776765
0.0,20.517435730350954,3.443549957605035
0.0,26.52103040205649,5.288048899097808
0.0,22.525071717969702,5.101807041232695
0.0,22.70331376720287,6.373348049572487
5.150327027552942e-14,24.64579647723217,4.43806160658709
190.70913766472765,31.065402096332196,5.585282420132229
450.3331244930579,32.61927154399797,4.445468329093883
616.195210212514,32.039365096991666,5.355138805940901
758.0877540737259,35.49415510616377,5.837879245131142
802.8585001184301,33.13544613540491,5.696375732057935
831.5299988837737,38.81929463053329,6.746470645477172
747.1550681952101,35.61073357200413,7.20206274275267
629.0990539295813,38.83567709352335,7.047272604919453
645.4937122190131,36.0628404059711,9.430280364696237
398.64980127066866,38.94007419298793,8.161409010454133
202.1822498616045,35.756900085907624,7.547504494938355
4.845678154797449e-14,38.65910641681333,7.101272515978513
0.0,37.34433999179826,7.510471110056901
0.0,34.0534634251267,5.704210885157259
0.0,28.92369287303559,4.6538502955073735
0.0,27.988908189808853,8.659222820055273
0.0,25.997063924237196,4.98098640077926
0.0,23.068355363312364,4.9861434240602005
0.0,22.61834920025797,3.48639920657272
0.0,24.739088356773618,4.776531278153559
0.0,24.170063766250667,4.680886735199758
0.0,25.987420860868074,4.373563224005748
0.0,26.402643626241694,5.230644787633424
4.629864116026006e-14,27.041703889086158,4.677547605770108
229.110551405508,26.942754662479512,5.605943351936549
426.5624121112248,27.41406338417672,5.595568717779944
467.6171225609034,31.893067343097613,6.227051124821543
617.1993068846438,34.83635677682224,5.73308394599664
687.0038785881903,36.04181862061613,8.629789416996271
769.2816495043202,35.401554579878606,8.945109624047573
894.3973752804186,38.60575021082971,8.60294799382729
757.826893548537,39.45388452493304,9.83929134599212
525.9781376449357,41.290493717532094,7.159598666996647
380.94907294271417,41.0513526707167,7.745157332750144
217.2437541622868,36.12743839500056,7.663972433099543
4.926816461970474e-14,30.067150323139,7.670729949349308
0.0,32.3549902268998,7.2477383199543635
0.0,30.25983451005404,7.5765533205548845
0.0,30.61182451339982,5.551452137628944
0.0,24.72776731854546,6.267647400572038
0.0,27.003121533131754,7.099778608012513
0.0,26.903778280597862,4.282375667816119
0.0,20.519846402338494,5.739451831694194
0.0,22.525367043061166,4.39864399073752
0.0,19.6556816600669,4.77569446986589
0.0,28.122832862649016,4.098360671958485
0.0,27.133559830951043,4.835189764004603
5.008172505889201e-14,28.720142183530808,4.626905420272904
211.29747450067865,28.39600697197582,4.5392587867439005
446.4662554099917,28.999886631844895,6.440127414689845
623.0151929373847,33.87609253777902,8.229384654979192
768.770037166402,33.37065085457222,5.4215382466286135
710.9816789751982,34.17171709592153,8.734746950657668
773.240309209432,40.23813317191041,7.2356013592383945
736.7249747405662,34.864919024935574,8.349371581449851
578.7986562224722,40.53266972453577,6.863021551184754
501.7150286320942,40.21460763472742,6.4820211175108255
344.9631823814331,34.37850945114157,9.510641962327748
178.39209042961892,39.16413388465276,8.0696183598855
4.235361485036864e-14,32.11489327428907,7.785685342617567
0.0,31.39220669999208,5.584761456540372
0.0,30.731732384270494,6.502922896927388
0.0,24.314227235569895,6.812090065024131
0.0,25.86633257920729,6.310357073492167
0.0,24.744863635857552,6.297807259856182
0.0,22.46506506449323,5.282917955400588
0.0,22.870677465342485,5.163993015143035
0.0,22.995642872636967,4.843008424687828
0.0,22.820618699269673,5.836608079400632
0.0,22.54304604670642,5.177331228503359
0.0,24.573721842046787,4.199716949609062
4.471451493443699e-14,25.153390625543803,4.8944130059736715
182.4353601282127,32.39997089939009,4.489387331803242
323.92053639712634,30.586948321047345,5.779307970080135
488.5178135970046,32.18646049576894,6.257376102219458
756.9148913559055,33.784147008290105,7.996443648270061
840.3509946994828,31.690533738466506,7.894326590458622
750.3861174371979,37.58586849282837,6.31573887734688
683.2881498833648,39.034155681004684,7.286830593162443
659.6683387568514,41.11598960691606,6.788402728847348
530.137921993921,38.49534769712483,8.055137870013642
412.37074857099054,39.46617211717273,6.964574952553091
212.3744540933902,36.97033070745084,7.011816979174521
5.467155335270816e-14,35.95154717371943,7.790166854551314
0.0,31.435339270204043,6.848002690731137
0.0,31.58691703199842,7.389764265100183
0.0,27.365503003341235,6.874699393398993
0.0,28.758700404942505,6.115430938099106
0.0,24.02526663340418,6.763803575436583
0.0,22.298966660487736,5.579443857834065
0.0,24.43869431607839,6.918288162662868
0.0,25.952554628867425,3.7786912838911806
0.0,25.150466016156344,4.295255119750665
0.0,23.27791536365814,3.557359016285666
0.0,22.88909723119282,5.116522856951959
5.114422902590392e-14,24.16391129186296,6.767470075743853
221.5035560583324,29.670041236922547,5.126326744237054
385.0643320534146,31.092254564505694,4.598898760286906
599.8302129802523,30.01738212933887,6.005043089446523
732.3241795494318,37.03879700210409,8.469949110332916
669.7700956074935,33.18386447485804,6.373027160028389
878.5819372764722,37.28963608980226,8.71393364067889
866.9883287718515,37.883900147576355,7.69672345052557
621.2705404591743,36.933569658479065,7.390528238571586
467.95389182724125,34.3257694958387,8.642899722991066
364.9342397467503,38.31793902557314,7.446298552027776
228.34782737272187,31.7652290174139,7.440057761736063
4.11022818071347e-14,35.572291628946736,7.1755945197702715
0.0,35.038967546973716,7.847299109140138
0.0,33.20903890058927,7.585962983884993
0.0,28.511184208356173,6.352676846552557
0.0,28.606021118291476,6.607317109644309
0.0,28.056907660260904,5.768431854884991
0.0,21.16378762775596,6.368954286616518
0.0,21.33981887144542,5.638203240856077
0.0,25.791776771554268,4.755639179514285
0.0,18.666207304733163,5.295180214937364
0.0,25.804176287459654,6.199330442203548
0.0,26.662204324304938,4.930737220620907
5.244300982292626e-14,27.777859434385345,5.194194446873857
199.35291180619808,26.973656708971113,4.03500993294327
371.4810313835439,33.36734194705805,6.881929410810884
553.9684534179836,33.46558467894522,7.112696022956292
631.4948155220382,30.89756331067287,6.567134258801861
728.108539464272,37.02899522415384,7.061753389584182
897.2199908301618,37.01795058346507,8.450561212791458
745.5929898747154,37.55550187696613,8.624415727043083
617.5878882152614,38.15627316240668,6.929956433214781
581.7731723687094,39.79721987806548,7.569945034810061
368.45755937752267,37.16387973542916,7.589035922084584
191.07953187276127,35.25611317289854,7.153680978508014
5.079381542884773e-14,33.37429954701188,7.602474740092306
0.0,31.34648642033971,7.44443124992093
0.0,29.39403328717531,6.246431176321501
0.0,27.172444134239683,5.908774527919534
0.0,26.852212033010147,7.109569544817104
0.0,27.4705305978718,5.923328725386238
0.0,25.04709452976179,5.496919696021743
0.0,24.055569563188904,5.245232157102885
0.0,20.09911248463181,4.0170415134982695
0.0,19.786160355290296,6.73538906822486
0.0,25.13931129872627,5.5262782073394074
0.0,23.710913023345586,4.7529650942764325
3.8697725735972364e-14,26.711905470065414,5.756156145711163
214.12230128568015,26.18383599460954,5.159953016726606
373.3952481699477,29.289823915022215,6.335975963638864
522.59939647726,30.083902513058998,5.663375039537602
628.3191935362635,34.70249122315634,5.823401916827763
796.7340743592024,35.94557156329058,7.338436249189521
638.4201039736797,39.300160151753566,6.167990766545621
638.9566892363431,37.562166929741466,7.8407839385578395
708.3239754502694,38.43892632250288,6.473140956159926
492.79986421452026,36.35313896737709,7.518663134012031
436.2870931888985,35.46133540561982,7.3823944319293835
183.20095119418508,35.87659349977034,7.899348400685093
4.356518992586705e-14,33.826728892889406,7.962920308808096
0.0,29.39721581188219,7.075248904153048
0.0,34.12531554067563,5.95409999020475
0.0,31.963300494242052,7.64058571637839
0.0,23.495427627774372,7.068317509175142
0.0,23.54939976965895,6.179250108094255
0.0,26.863498016038076,4.008136497278506
0.0,22.25253133496164,6.265802482354795
0.0,23.154416298014077,3.8489934058295012
0.0,24.98125061362942,4.222429282500414
0.0,23.948221911520104,4.750184754186457
0.0,21.706374873079056,4.65379310818272
5.278287004536909e-14,22.311611271755204,4.839796177341698
189.32167619231447,28.75563577555969,5.911445487321059
322.2547547110489,28.137125071091386,5.880803791660492
608.4956208691854,30.76164382242568,5.673491616381536
622.1036091463938,32.296639017590564,6.992389794563773
614.8123391973173,34.51409540181459,9.016873287256368
691.1795475919489,38.609826701928945,7.945906966216274
726.9920140560631,37.064291485472104,7.841462673507972
569.2124593382118,37.53532222770035,8.039981642750265
524.677604698858,39.79439439909899,7.418869768280464
324.00857180038895,37.14028149793704,6.5413015542396025
216.45646724465968,31.76814795626965,7.959423591948033
4.1287594443400165e-14,33.52372453093693,7.143934626286656
0.0,34.17483924994686,6.964123997107311
0.0,30.624875338259216,5.772833504620196
0.0,26.611800481197132,6.473624259520005
0.0,24.888346763575807,6.312844236433795
0.0,25.728927623016517,6.677802456427954
0.0,23.1747920495564,4.561779732490758
0.0,21.641755569770915,4.169137722007604
0.0,21.57265836662604,4.013948962762134
0.0,22.517438110005614,3.504800398578679
0.0,24.44156052457308,4.095787897271375
0.0,27.9354522040795,6.121859916752641
4.2009392782568684e-14,24.57162385901449,4.8616240785077345
175.82635473543158,27.598910056704955,4.823129249972126
375.318150585225,27.196585347065337,6.147172351225368
439.10481104947655,31.657380582692234,5.92148084315562
685.9306331993944,32.648740158571556,5.687166956235797
618.3492653513482,33.95560701661182,6.3093697602797505
752.814489529454,39.018228616245935,11.336080063343834
805.0810239435554,41.33522709924592,7.474552400819092
728.1286450791318,38.29105369547953,8.841643916570252
523.6210642587386,40.216151109948164,8.845897541745387
316.0120238512112,39.41831293255554,11.29434676850694
227.23566577873356,34.82696623919516,9.797333696479473
3.9883018955232486e-14,30.53650421236052,7.5721814274998485
0.0,31.55682472686692,7.416289452843265
0.0,30.21349299112421,6.192457583424041
0.0,28.285576412904607,5.934701034750412
0.0,24.706402900036533,5.6987481647612785
0.0,26.155805779922296,5.407586814907908
0.0,21.357456389211038,4.581769012869676
0.0,21.13320526173753,5.148846272619901
0.0,22.649614433019167,3.4846437226892912
0.0,21.97199727759449,5.231482622321463
0.0,25.24522264410042,3.840756616433805
0.0,20.247325334450185,4.022886914552699
4.2848775636654366e-14,22.696127631360405,5.751097059264795
196.99302660753648,27.11642902835846,6.527865947051531
353.93427942140465,31.37008601160071,6.790172694994259
509.0338105762855,32.562295803932564,7.275682462370862
599.2935795077676,31.63642453585218,6.507839836129962
669.0812189385324,34.91002268232409,7.560186539546422
874.0113687037782,34.8827034078732,6.351511664256839
796.8168569879502,37.40452851795046,9.094698210054252
605.5020644156373,38.101188672938086,9.323518293355695
462.19414538308246,36.41853705189882,7.5770681106274855
310.646807359636,38.390594366418284,6.703951576679377
164.85938127216414,34.22547416877421,7.591030737835192
4.0662347061524197e-14,36.38674608886425,7.44000271214661
0.0,28.757893773678664,7.483658925762166
0.0,30.136884698243936,6.908193067331432
0.0,23.60292939538583,7.110622577080791
0.0,25.03069631226324,6.1189867541210266
0.0,23.58551124053828,5.831542414813818
0.0,22.62198130135392,3.9973725771368125
0.0,17.99934904519221,4.56177805611577
0.0,21.49894722619591,4.790168455292305
0.0,20.329270121329916,4.059756596085187
0.0,21.917995548646235,4.420409209239175
0.0,23.64453139989775,5.207869481540463
4.464463059565418e-14,27.1445357516578,4.837892683635857
178.99576579932088,24.759185019664727,5.461285302320874
332.7711531055684,28.780671760501647,4.666942348269314
448.2027678734909,32.18085458424206,6.398886110709114
610.6182904145646,31.526916585901528,7.133589257546408
757.0292245358743,36.80857730270836,7.503484570543071
679.2401188776472,33.09568084561227,8.470040527092214
660.5014055056861,38.8390229997927,7.387866735142714
614.5279308543898,38.06829088910612,9.069567408502667
450.3782557049051,37.318106790200204,7.669739226943459
429.6327363186564,39.96562601390857,7.092408770287664
209.75178635732019,35.826536867832154,7.650765233316313
4.879529911711055e-14,33.444470367875084,6.4107194327497385
0.0,29.313558369193665,6.7376039001624
0.0,31.32698720296141,7.437356574706497
0.0,28.26713302442995,5.732475934607204
0.0,23.399671201846097,6.83391931718867
0.0,22.285086339946446,6.027794193001874
0.0,22.532100350783455,4.993952627343903
0.0,23.288750184874345,5.292384630564612
0.0,22.724531210708435,5.409845894197213
0.0,24.24951934968572,5.7757271819769205
0.0,24.299271375860485,4.531223985877056
0.0,19.727671206205212,5.951462754826347
4.8924444966016834e-14,26.784667302584115,5.155950548620595
217.42841376305148,30.077875066288318,5.487765277208344
332.73753067662335,29.950985039296157,5.440302035876401
467.9297497133724,34.642159667302245,6.282582215568155
683.5016224348664,32.05254406321189,5.730385451990613
705.3135889061831,35.38053173236022,7.2587218302137195
656.5679998663128,33.74151444357934,7.136219510877389
739.9144794848349,34.58375365132798,7.398411255353251
641.5763369674173,40.14452061902181,8.17206699539658
553.7269616328317,33.94165441645951,8.43512941309703
363.03285102512166,35.31507403434106,8.929306028950597
217.53353923157144,34.89254254697539,8.378854676968073
3.9088026380301546e-14,34.38597930731853,8.726245925985651
0.0,31.853420312342124,5.840441305383328
0.0,29.338908103080684,9.060236066844459
0.0,26.51000249999976,8.53974649836941
0.0,23.762416195307242,7.089007419982433
0.0,26.424098548033513,6.8701237174460275
0.0,18.363270494588722,5.189046465803635
0.0,21.92765436144932,5.188047359416723
0.0,25.072859332754785,6.14163085094882
0.0,20.602782074309918,5.388672191747712
0.0,23.79243727003069,5.588061568565955
0.0,19.79308785113309,4.7683425864815785
5.1631152171696754e-14,25.16597909620455,4.5594665824203116
162.30970483719182,24.35980101651319,6.098597756297439
379.23653613030183,31.750426289539046,7.072850266354417
536.9502279512781,29.12938814790564,4.989732118183717
617.6522303555932,30.743310209381466,6.009501630029502
620.9344898456909,33.13926493246115,8.05561887446104
677.7629466957748,32.85119079211776,7.354295490758377
592.3245406397078,34.28815474557678,6.902298365208221
540.8292136976419,37.59469726619461,8.19631799283659
522.1394189629113,36.527834346075245,7.793716699011013
382.13875206359756,37.72232080447913,7.2398852895356995
216.93639611219788,35.01721698288541,7.0935845065055965
4.3370123900623e-14,33.79720497066127,7.930384175468745
0.0,26.6067925312712,9.453223382948249
0.0,30.057752937777217,5.937555666128563
0.0,28.097957519711844,6.175422537931066
0.0,24.026302507097675,4.4792731304052396
0.0,20.285603632958015,6.815685713009218
0.0,22.888628199683684,6.823457699489646
0.0,21.012385505176848,5.252007079526161
0.0,19.249836465021097,3.9096618222413846
0.0,21.377292989220816,4.514421476166357
0.0,23.28989252871313,5.0323656369739505
0.0,20.073252952263335,3.9859795564983114
4.2377705566222896e-14,25.582020057899186,6.2086366834518065
191.43726483808948,28.964777101796823,5.730717705254859
313.24294965222447,30.915402907697622,6.486017212202523
520.3379571387737,29.60076156365207,6.098240407312547
621.8994007568624,33.82669938936791,6.431022919716326
753.8777501999374,34.75997755945181,8.02023898054597
673.000235108595,34.514915865171446,8.344133467878859
627.9306660698048,33.04732166971538,7.981187023820291
649.349175347933,36.18320258541073,8.903029378937394
568.1642114928318,36.971486084679526,7.53645836890475
300.12248189015537,34.28926643250238,6.654627415953461
213.80618972434323,35.65796717967682,8.78086702923095
4.6954515267716286e-14,34.93873125421604,6.0218477964672275
0.0,33.67340885465395,9.526296091941237
0.0,29.05522502194405,9.362689030114808
0.0,26.32132522933457,5.113361014184739
0.0,22.54495552458164,5.806433355883027
0.0,21.955095711585262,4.205181704562593
0.0,24.289700683553495,6.241592873856183
0.0,18.83709488106244,4.544389692898875
0.0,21.800688152402895,6.590748907196776
0.0,20.342349415629805,5.362480151885578
0.0,19.55372825254138,3.3665225473401375
0.0,22.895185710183046,7.164677231010192
3.797948235560292e-14,24.703621653084454,5.221571405319999
158.49850801758703,23.24763330790874,8.97680759628058
411.1127048688028,26.40307547733403,5.673678120706242
456.4127556055535,32.766782836439354,5.421038921699697
577.4170328598581,32.88986860780786,6.316273651643325
758.5500550061214,36.52059809354942,7.851888478530155
622.6750128871987,36.83993568960671,6.659330178623722
813.6076736367481,39.20198926013125,6.625820794513235
719.7359574054761,38.265253688417985,8.422205585864672
502.38603487132946,34.69382271941078,6.673267451049037
354.2973466635274,37.35133876265508,7.726567823311271
168.7177057872344,31.994737072089446,8.825562950287031
4.674392551565249e-14,30.68404703528716,6.164087548582271
0.0,28.945557114050125,8.538709682195712
0.0,32.77870837272358,6.6159490810172885
0.0,24.915885432010338,6.809953516058125
0.0,27.488301083724423,4.535381783638165
0.0,25.93346117410478,4.444425764901088
0.0,22.594976258401907,4.0246083602540565
0.0,21.117312983379506,4.162658264290535
0.0,20.02086273148343,6.880935164609276
0.0,18.77284615523386,4.770729267583125
0.0,21.990235673133125,5.524604935283708
0.0,24.028415401128775,6.623292125179232
4.862612986639183e-14,21.824388576767102,6.4676705234206615
207.38804603410418,25.6892351740471,4.626111062056868
378.9138123346563,29.683687086625934,4.913591893698489
475.1492426943735,27.341636868789614,5.341181729379308
707.75330354176,36.570043300422356,7.164592188793991
615.3501791995685,35.53050663476965,7.806902867780726
783.5941840636347,32.02107512222387,8.0977891040656
622.8237407769673,31.346682286465263,9.252596212568488
641.4057919071472,35.52404520319986,8.41813468408024
469.92317334626495,35.76375768164147,8.009146458957028
370.6452568980904,35.25965081565911,9.710350617095276
169.08961963442565,31.95601909005964,9.312744655162973
4.079917787720322e-14,30.785830939720928,6.6189782312922745
0.0,30.908471367503733,6.654785853966856
0.0,30.32095049330364,5.997613671424461
0.0,31.172654418203248,6.996988187846789
0.0,26.251100616194975,4.924548376723979
0.0,20.513485922875162,6.31239309287769
0.0,21.97311705622892,6.712605000366144
0.0,18.58248446905602,6.8524540370598945
0.0,16.724849975812102,5.324286826399856
0.0,18.808356487588096,4.169940099858785
0.0,21.759753089671673,3.8565937737208165
0.0,22.77923723151579,5.408081630617872
4.6661634448337795e-14,26.819609165773457,5.3878896023588405
161.2395326273099,27.902147657175846,4.345006288966056
400.1130616554464,26.391665665991823,5.218487270604187
584.2937256396642,28.54000550028596,5.520473942493192
565.7994387704446,32.50209297716331,7.666903749315149
714.1054316508252,32.76648547433547,6.039727739535113
685.058088608296,36.371012636077474,7.762912132342603
601.3690607897469,35.69032681221636,7.349442981422747
588.3921108912084,34.59052861419048,7.236765950277597
581.0425358355242,34.56044921085021,9.73908650775301
342.0780964791837,36.78516387865541,7.161220295525832
209.4944305745401,32.347770163351285,6.702654864883898
4.1540781586472295e-14,31.008968796343016,8.088637478757612
0.0,29.345238239184894,5.9815348541458935
0.0,25.04146369507313,5.667790585895912
0.0,28.003663182226006,6.179534664235945
0.0,20.73690657749396,8.115594914376851
0.0,22.375643751832552,7.112751682786511
0.0,21.133676076510216,5.0824223442737235
0.0,20.10826701730958,4.493585929267277
0.0,20.850665142370335,4.453316266052752
0.0,15.24072060402227,4.1871752298516265
0.0,23.721104328161896,4.904958989073686
0.0,21.88820719048886,6.1894880664898695
3.914956213560298e-14,27.978360660807297,5.619588663542542
204.25638097867343,27.29433070943259,4.521887134750317
304.16661185119307,26.416546920754467,5.159420320707639
436.1194369256032,28.49402220673031,6.773256342045313
608.4645614493396,32.79672705697503,6.9054398990961765
622.1124676618114,34.84796406393071,6.36473147186309
671.3752823420799,33.8341566309626,7.3307887871701745
682.8639878756052,33.69581317796826,6.856915179306812
502.6196911972728,33.106742633846935,7.544791645600619
552.8259800203779,32.11172406793237,6.8207931356127816
320.3378405108759,33.35657042931444,8.119378708261582
162.75332510600035,34.71291620521647,7.1786368952036135
4.4050436326717336e-14,35.133981226468805,9.314005644524036
0.0,30.668149546907046,6.742932163326401
0.0,28.086523538501453,6.3852270994002005
0.0,26.34952721550006,7.167575749082083
0.0,23.278867319329926,6.996137691927369
0.0,19.513052247257214,6.24234498350536
0.0,19.068816990385866,5.670347768362517
0.0,18.817825781877033,6.440382575581241
0.0,17.687290191436226,4.153676254669298
0.0,18.186054920793847,5.719457487181549
0.0,19.696178048073772,5.247113232833431
0.0,21.426077019026053,6.350538272764469
4.72881119863656e-14,23.61105689781711,5.835582104402553
191.64672405847978,24.85989010432561,6.950374799762841
378.1257651445857,29.15523483109537,7.3713997993170945
525.5245926832297,26.284949506635822,5.8226349604717225
603.9959142987286,30.75664712997367,6.205627318610874
561.621453558568,32.99765158333044,7.713166548613149
689.3077503148135,33.222869464117174,7.856675194986848
676.340248620022,35.37025160204961,8.527661889479816
544.7923990526327,35.19197509922078,7.845602163738723
486.62191014738306,36.65446939047439,9.294891689851822
403.8093055325946,34.9706665934278,8.150626925643264
179.5566749920035,34.50679454078188,6.890933662888566
4.8355260120382437e-14,33.22415323580382,7.986312711114224
0.0,31.486059732994434,7.986308579620727
0.0,29.538507415652628,7.066277524307287
0.0,23.199463185268606,6.547029303984192
0.0,26.649382223166526,5.432956326161662
0.0,18.21259063742398,6.237253527558229
0.0,20.49632267567175,5.1959227876095015
0.0,20.212887486542343,4.2773730416242115
0.0,20.461235686607882,5.862795172197114
0.0,21.108018703763648,6.104050445115321
0.0,15.787497775309603,5.3575181432615615
0.0,22.60405267123225,5.064657220700215
4.293385357114959e-14,25.050007973040206,5.914000364467977
200.4777148241178,27.815756903712014,4.819315125752273
347.88028853192515,29.44558593904953,6.187736380489064
479.1722572387456,28.61953198190411,8.02791728451433
514.4219038212448,34.47112893872088,7.69142315947769
697.4170835563713,37.71646366427326,6.653284115780911
676.4203966665053,34.92701489432858,8.73000772334097
577.0629509330631,37.75556183734321,9.590944536644786
646.7210400014717,36.735014661366414,7.332911312371044
477.8668106398634,37.96299924496997,7.981913978438314
397.9804469986834,35.27012699339267,8.971644668809885
159.44760760172744,38.29601446402858,7.277406735173315
4.048701057902602e-14,30.284618249729032,6.982420566163289
0.0,33.24541688999872,6.242021364698339
0.0,27.391636264796222,7.27651404820689
0.0,24.784467678414348,7.640777325036089
0.0,23.706747220090516,6.593046002020281
0.0,22.000187429277116,4.7413356759110075
0.0,19.712180692050904,4.968533454776244
0.0,20.649690183560672,4.50472503860669
0.0,22.84207381457854,4.526238838100403
0.0,20.36798006570998,5.38169440976527
0.0,18.100428944825726,5.290443617030053
0.0,21.84585622505857,4.164287648881196
4.2974221423197473e-14,25.6475211281449,5.798172688151717
177.40817078277146,26.111043368228767,6.122267023934441
301.40749737887364,26.83654070057241,6.0637790911956255
535.779354167158,25.424910972780882,6.696307257872586
651.0450563991205,28.865766424044534,6.1197466667372
699.7417102848335,33.97583280608631,6.835472839295699
683.9723551206991,38.29818144353568,7.474930566121328
611.638057547365,31.94522067493915,9.504247147747815
488.0174674861791,35.48719069180597,8.426273776929227
439.7420429612377,37.50589629840177,7.330453049442765
328.7432249229393,36.66743790829328,6.545179955786526
175.3099639309638,33.995693946011286,7.6242535356337955
4.8450036686227935e-14,33.28924273817097,9.323822376493718
0.0,28.47327740403241,9.541795151621915
0.0,29.218474538356386,7.4871844616873116
0.0,23.363252689650288,6.060937821598737
0.0,25.68351372409804,5.402981139507966
0.0,26.845418709054915,5.230527162898565
0.0,20.690889091323612,5.541761810477594
0.0,17.05013638137247,5.342419503859764
0.0,20.640041485736983,5.274906749714857
0.0,19.86909496302324,4.019999354492005
0.0,18.228744248718613,3.9543577818984272
0.0,23.62609343071831,3.9960249969182153
4.8664542606484046e-14,26.25734365225905,5.879626720111794
196.15546916920755,28.67114239070391,5.6450078399181916
353.7135219289916,25.449148670216218,6.1530651882950576
439.9193449050799,26.369664367390723,5.427761242810506
660.1525520440516,33.1965092944368,6.650958181741427
595.4044653748925,32.70946080174743,9.199305162286729
637.6215969767962,34.10213128533,10.19713892963961
690.5825376631808,35.54469629969429,8.77827067986398
600.3797073779293,36.59087861044134,11.538596857136355
529.3013860489655,38.774576297404835,7.862735613586001
327.74110511749217,31.243393706223024,8.178204166742077
168.96316216233689,30.229614061762966,8.2582975364242
4.7148316629229486e-14,32.59696343910702,6.79194107367435
0.0,26.67430060986834,8.190668383489717
0.0,31.37884550547271,5.8929116256708305
0.0,27.43986166115989,5.699123579128076
0.0,25.759634634741467,7.380762407436158
0.0,24.258872346167696,6.2460789723952646
0.0,16.72301493012686,5.53118152773224
0.0,14.485157044867702,5.128457103086683
0.0,20.488274912082268,4.222197965628992
0.0,21.7060091076325,4.404211454918344
0.0,19.799819912616492,5.990400032121013
0.0,22.76525605730828,4.583837135867158
4.340269456284651e-14,20.136645050384505,5.959393957722575
166.47153157047762,27.340118193438812,8.390103941902506
279.99309058172673,23.656652552233712,7.28453056650341
441.2408419411784,29.08571853670936,6.968678794518867
631.034664711277,30.372890837589065,8.039699500822746
568.5527298004624,33.352702442761974,6.038549458858476
633.7390507276938,36.514410493153356,7.443949091581624
617.6878802190122,36.914671111004616,9.329981883426239
605.6573096318239,37.798817943977824,7.262011955860737
403.80287735025036,35.189121223551496,11.430253428508205
342.35398823028174,38.74236238336658,8.032098025804451
201.5496104500911,35.40864155728043,7.245150258872799
3.648842865832246e-14,30.247147323207255,8.147210890766928
0.0,27.821828894944392,6.744534115854966
0.0,28.980621649481307,8.342742173892654
0.0,23.095448577224325,5.724964621928203
0.0,22.28357124084298,5.424969988220992
0.0,24.56758148566789,8.246181865635005
0.0,19.195042703057457,5.559518162143712
0.0,20.80925605875443,5.644568136255687
0.0,15.907325093548012,5.322645579655793
0.0,21.353798074221483,5.012794515510014
0.0,19.83084636175552,6.806677794193122
0.0,20.972394833030183,6.844027557369122
4.666858391521622e-14,25.555368167969736,6.186061918947241
165.75899428743415,23.088914831692417,5.387429303933462
297.1312792363551,28.26337386001624,7.538822319428747
433.9857879471793,26.531780160456247,6.8648805346012045
656.882263772557,29.04748733681454,7.465430280225691
536.4726394158232,28.01529306234034,8.91751732484757
590.2631610277377,34.72894172382208,7.54980756745579
739.470195019781,31.76827627331344,7.514063272376907
486.8845496258451,33.9726213772772,9.025330306394402
528.3368927931066,34.427195320603694,7.7032058499439895
312.2541142455623,35.171351610693854,8.479495870711718
200.47365013236697,34.548524860018425,7.198430253500562
4.607705352578049e-14,30.713761295223616,7.426624039704481
0.0,31.91669413576288,7.11267210002639
0.0,21.557429738203048,7.105140076043852
0.0,28.77170666336028,6.331378806608752
0.0,26.842506865438033,5.514226855086141
0.0,22.272481344558617,7.142434807148369
0.0,19.57319973697371,5.362229846426713
0.0,17.985472793630276,3.9676736696798613
0.0,17.586770449053216,4.492097141185709
0.0,19.222267174740317,5.090959807428299
0.0,19.32991732901069,4.142100627527052
0.0,19.211128935916367,4.1623664953946
4.187951721602044e-14,23.300645857227334,5.155526571936773
152.33202409188956,22.59163548580628,4.798423121993781
376.685347664499,29.079009937729666,5.1951483507532945
497.8490658636316,28.604269598994186,7.4074222970729835
580.5885826475698,29.652206930385738,6.354829576723868
545.4717673432102,32.31632758314707,7.785052585732357
639.4454486120544,34.83148787417038,10.011643381964966
636.7397640847979,35.36145633555546,7.745328232588961
525.0161662682412,35.106600965494216,11.087159761511575
497.58678963019946,31.27475497174242,7.9190629175832346
341.9597982735299,32.09816166399388,8.776403946336998
166.38936682671093,34.459151197294645,9.09145083484854
3.4780494159979544e-14,29.597779934878744,8.177917426125948
0.0,28.280438266034352,6.059263808433261
0.0,23.53046693188213,6.7657119027149815
0.0,23.980880876580887,7.000476971038811
0.0,25.998517923168365,4.903509071222726
0.0,23.80716775825144,6.243632434755824
0.0,20.181982586119357,4.958493437852726
0.0,16.303311399540718,5.466600516505
0.0,19.196145973762526,5.210084890385749
0.0,21.271425509026862,8.30363138687995
0.0,16.21059652317831,4.627878911291411
0.0,19.473754161877473,5.478557580194685
3.4929261955656484e-14,21.076357354584584,7.115240551748615
189.30133226091178,22.13656846033676,5.8533338397735015
270.63094706753225,25.11257774079256,7.219764454180604
436.02593248750003,27.567979258413146,6.561261065721109
548.0119197255132,27.159480053531233,8.234901558820424
525.6276199027897,33.703396075951495,7.983254230620343
623.1666435669911,29.906864033007754,9.093383478460574
615.1177929830949,38.512364713296385,7.5512373985495564
617.9040059255017,35.0598399652314,7.595819237017398
381.13125635512296,29.23207547631214,8.511081849437634
301.03682574830583,31.99117907942839,9.46515097843649
192.89948810398982,31.567286706100237,8.860959721454872
3.814026013384836e-14,27.60052451120135,8.559926865380415
0.0,25.033031742000915,7.821333789486372
0.0,28.159365614385152,8.523397906451994
0.0,24.5253489773074,6.097548784575546
0.0,24.173079143311938,7.623982822239528
0.0,20.64807214355066,5.532952381635157
0.0,17.713074496753613,5.679781037124799
0.0,19.470696529782106,4.358771488872097
0.0,19.17230571561736,4.771604663091755
0.0,17.403523687187487,3.7998794529841895
0.0,19.20462769442127,4.609190833677873
0.0,22.119835991336952,5.665351136327908
3.9974489190398306e-14,19.72455916948035,5.47439978741045
150.630461240633,24.502426476119727,6.53045852533271
274.04452045961256,27.600096956356296,4.972945259623783
414.8746103213656,27.943202048085727,6.152827123373214
529.8389894580948,28.95644520002677,7.302419294068404
528.6679766470788,35.77885297172456,6.173662403204945
689.4852889843731,31.945321457546374,8.288431850392051
621.2229651775626,33.935151099404244,7.345068203318204
553.7537590980513,38.6066785965795,7.168619079916269
439.7547562230134,35.04724078062261,7.258963773511425
280.73443865579435,36.784890180705396,9.507441032373745
164.85394667433675,27.188205276608734,8.646797642305756
4.4706645087050256e-14,32.38737842418777,6.661031846149989
0.0,26.667824590044326,6.430772501620199
0.0,26.06022778129919,7.741055192996639
0.0,23.42918550284937,5.8518822231119225
0.0,23.747418399075567,5.396405296440992
0.0,22.272816834199997,6.282289367998159
0.0,18.77525835913347,7.161352653743468
0.0,20.430349853104484,6.3521120449134525
0.0,20.748191250143137,5.116770567118387
0.0,16.588117196493332,4.841737775882904
0.0,20.138841281171228,6.781327653154561
0.0,20.875217384921083,6.6216247241586625
3.459097743210403e-14,22.01816630227422,5.539590843707303
168.1347810424525,26.085008171646006,7.572924918112639
271.5232766599813,24.802597768472083,5.920954626245966
455.0606087650886,29.580451248062328,5.872629404046567
530.3678160243779,29.888678329719518,6.583347789222211
619.4761368433792,30.490814230876683,8.0945864047056
561.5933483123929,34.18290465486126,6.385862373454062
588.2201896795266,33.05072662147272,7.327591424857176
585.6998459774762,33.772727931997295,7.977824079172946
421.1125219769755,34.005218152972866,7.405094014727496
294.9015136326202,32.7140513495456,7.834584080563177
155.4085728081383,30.35837253925421,8.053813539108807
4.2850086212900424e-14,30.578112282193235,7.822945581576391
0.0,26.735028735320515,7.41572611983578
0.0,23.036320025891936,7.389225602964826
0.0,24.664593780555098,5.664543420339248
0.0,20.276272625668565,8.307996564115761
0.0,21.782135101916687,7.124497497911627
0.0,22.58943809926108,5.663695652586506
0.0,18.505155919267242,4.316999032876386
0.0,17.139182166022938,6.480159496259896
0.0,17.746646374559518,6.031889026091348
0.0,20.141418359697965,6.146235006301067
0.0,25.518264219976015,4.175563889597796
3.77331994722584e-14,22.20447624121623,7.143153422883953
156.57405535861196,20.99404723265857,6.789987246831853
318.67875202052585,25.107608938160777,7.041521288615916
517.7987206180792,23.058040519869998,8.339416318232105
554.4376790322988,32.31243579942915,6.712278341077371
696.8587938886147,31.084315722624304,6.825668212599033
647.0913963511769,34.035777537359216,6.776156878711417
641.2527895637509,31.882552622420715,8.525944290170372
617.4329337679742,33.72320167939637,12.397674493145233
473.35913189892665,37.64921480480368,7.798808331416943
372.3447469022462,32.76856373627729,9.932586382842972
178.06235085671196,30.73650395323739,7.184898536739169
3.478374008200358e-14,31.5030943372893,7.179958730168272
0.0,29.437069510492012,8.089354445585242
0.0,25.392082688715295,6.856990340117067
0.0,27.25557864217223,7.402961735599974
0.0,22.187489803950765,5.890666413642823
0.0,18.107999461458608,6.246201873691856
0.0,16.98312089360526,5.4861311065343115
0.0,16.1534174928761,4.758403645938734
0.0,18.90460509705811,4.418315464115676
0.0,16.045246904150556,5.545752433012097
0.0,16.4732544007137,4.200475701626475
0.0,23.880144991889242,6.425263627914124
3.618651947640932e-14,25.61348737894001,5.800630789736786
147.27585042068765,27.479634075725038,7.513779336453679
329.5554787559496,26.53490616552614,5.764671320382003
402.1811673496825,28.11788854397035,7.815115492377272
465.69111279617243,30.177224714337154,6.842199056635597
651.3207212572133,33.26944693756576,6.958585593474127
577.0183754620818,30.965522915478704,7.599147976483798
632.8454911506367,37.31438525710352,8.04885204564792
500.37656391266233,33.595575933896235,7.802220921600688
395.5196783505242,31.06483584501023,7.664827158571972
275.5271239550077,30.387235981249624,8.464265484982942
184.6929810492961,30.404952527493577,6.8602633602715395
3.3240027273738635e-14,29.18822530295708,8.299454601293014
0.0,26.589347987300307,6.724576125271578
0.0,24.390972840520043,6.581074525111459
0.0,22.127629765047498,6.234783603860075
0.0,24.445092197823733,6.085027831103659
0.0,19.079195367158164,4.778408864926204
0.0,17.193223068646105,7.337199982763078
0.0,17.608772155187136,6.019818973985922
0.0,14.731542137667528,4.336462402909233
0.0,21.820278230727226,5.241999874952521
0.0,18.979884081766954,5.275128855143361
0.0,18.764025832085427,6.420295377882788
3.156422349849416e-14,22.307997652081546,4.337039972358148
176.72474826490972,22.23881360997671,7.504584750780566
297.16126523635967,27.82502995443604,7.732887380799021
430.0009603748166,25.991001016233948,9.049012424964857
495.01115838179965,29.60204778436735,6.67562071270943
585.4380665555962,26.756047371467083,7.887719269984757
548.9381417279275,28.691903355777175,9.167071335737925
699.5033191923998,33.578807202494225,7.126175071509379
614.1655654792435,34.57470188830955,7.845981969017113
421.60403045887796,34.0608638811191,7.256604887629193
289.5458490146288,28.18448070565036,8.782601544059435
184.9553027147254,34.30399087652895,6.985438343767178
4.308994884454657e-14,27.4859581263001,8.000941921493165
0.0,28.37946087221707,8.045267197890611
0.0,26.178637427813143,6.467755125922558
0.0,21.62942998397366,7.689107724322257
0.0,20.114144774582407,6.838932669297959
0.0,16.22818103012194,6.112054918739423
0.0,17.950778171634823,6.255496905731215
0.0,17.31718821499637,6.446324443028101
0.0,20.565067530895455,5.234267814260516
0.0,20.761673960744353,5.063173229542154
0.0,17.983524052398042,4.336219590618444
0.0,19.698793930756803,5.914366389692082
4.444369369448591e-14,24.158366063125637,6.511335772250584
183.9718849958661,20.41736929689269,7.315158397833503
319.6798501116804,26.001793300586247,8.152819887167324
455.83307802205996,27.3410988443323,7.597090875357409
545.8676156533425,27.894878228954166,7.433817622328579
492.7396729735865,33.74593633956591,7.372386126174275
633.7666306346504,35.63617253671445,8.670839388148941
680.2011925208524,32.77611203793514,7.659229739074824
539.5242756682275,32.630019637713445,7.764932077708278
443.7367794486714,30.12098515277935,9.704863079604534
332.4304651400943,30.85541867115709,7.725018861692186
164.3059677861489,30.286615693823556,7.943588802922941
4.184924952973404e-14,31.549966624901312,9.430508844089342
0.0,29.182657895612934,7.664917137600247
0.0,23.30794045566949,8.685418207143268
0.0,23.586266871520262,6.53408267231399
0.0,22.796844593334065,6.000447193305219
0.0,18.289597314858835,5.249237465760495
0.0,21.92036606626355,5.513626653893617
0.0,19.921626275645746,5.61617893442711
0.0,15.220709120786918,5.933039015740587
0.0,15.049771226641196,6.9275525652646275
0.0,19.739640928079382,4.944959209546672
0.0,19.44061487352174,5.20710778124023
3.8090440055426265e-14,22.504261829195702,5.113368286470016
181.1101313653513,25.187157897435025,4.852242618696428
331.1952221765482,24.893086667088095,5.948306437223531
459.9239736817892,28.59433636748887,6.107907619538501
449.962810551341,26.64962705225785,7.923170725880639
592.0378103929386,30.952871323308038,7.789778363366688
514.1861069793669,30.8137782020972,8.018156338043633
518.1189490841247,33.50749279785451,7.44960668282535
537.4539565594197,34.744138940609396,8.76349512839224
391.5136815869763,31.369178838310432,8.40861115115819
359.4672420835808,34.8976343674132,9.615641867704392
131.47731521618365,30.165054254636573,7.024633619101795
3.7251865883348333e-14,27.100247084864804,8.337137494075252
0.0,28.277491384101676,7.230790380365471
0.0,24.63702653725066,7.340705322495459
0.0,22.235991422295736,6.303497886412066
0.0,22.25191184844024,6.649920341836173
0.0,21.509720496307683,6.91860811810354
0.0,22.497625105862816,5.1591547461337175
0.0,16.6345079415651,5.1387727381686785
0.0,17.1778350441918,6.186631386502166
0.0,16.906428153848015,4.83490156028434
0.0,19.106086477254227,5.516403659837314
0.0,19.75799853528269,5.287395785640502
4.31660413630399e-14,18.185887283210455,6.399119277166463
166.73349438349877,23.633946548788735,5.608570756558769
274.6475856012589,23.906852368703778,5.300767357851149
502.91144854536947,24.68676091476071,6.333408522261295
502.62977258674545,30.236270222194737,6.127351042857801
531.3496275485035,34.17109704364758,7.127659000535765
596.5924363420825,30.99932581375934,7.826762575775209
520.2495949345923,32.26469582695003,6.989219745057454
474.11858493196877,33.43868864106787,8.12509005417999
358.392590509817,32.00200524950375,7.333372680463031
340.58449369517797,31.35891728703005,7.419040737401307
178.19563741849365,31.157060741196023,8.17403271558574
4.332580783184592e-14,31.6558190944872,7.913275491576323
0.0,24.77634259376731,7.1516447643624375
0.0,26.963905493660878,7.042163304717381
0.0,25.167383169375142,6.155612583222672
0.0,22.615186306309052,7.157838345938639
0.0,20.37521335716496,6.856491091697711
0.0,19.05526894384377,7.833278030405568
0.0,16.995920704100538,5.201849311638513
0.0,17.894701750809947,5.299934044923361
0.0,17.276754968918624,4.983048871894621
0.0,17.50993195591202,5.359965554777176
0.0,20.844781143215044,5.779739388590305
3.248752423243974e-14,23.352876546922534,5.3435785120090955
166.86065158124018,20.497541804585303,5.70951761238198
308.76762319486267,26.81668463662967,7.998106975329916
383.4016357796187,29.209622933626235,7.236228847610673
485.3711897203933,28.34768551075757,9.827956047991496
591.9259821097688,26.755844841998016,6.295069644778587
511.3622459144136,31.577236799239447,9.58107583633144
507.32752267407164,35.14874307551091,7.356960457998565
578.6250537617941,32.484615650995345,8.370486829445703
409.7732095501674,34.458473714233584,8.69550859836964
253.99158405788705,31.678945809926578,8.53459740411736
130.023259357613,32.44990688030213,8.619381334044654
3.3940069231728464e-14,23.633724003021648,8.107589265256044
0.0,28.255259305346133,7.1717155470265626
0.0,24.31881906906564,7.648308421370899
0.0,21.35436379607546,6.837249204469905
0.0,22.312994260587104,5.065226458328456
0.0,17.360448518100796,5.930324869143366
0.0,16.064642891305432,4.733968856421352
0.0,18.014194307525873,6.383971641567026
0.0,17.189918674160875,6.103657129079551
0.0,16.722255372190602,5.327788139997566
0.0,15.70699978248287,5.668989782990653
0.0,16.974679296328834,5.097602650271018
3.487717519310479e-14,18.851943209805192,6.394407862513624
155.9110668742333,20.97901255827487,5.982157597403063
293.6456684344246,25.15730371682871,5.721809815816966
395.7303162002308,29.64844137500068,6.092775127107746
565.5523675296969,23.87707967416488,6.79671317001819
562.4955683556531,31.68270150960539,6.977866535127881
669.4482868618541,31.04699950779495,7.467730213609494
607.5760208119875,33.938676051558815,7.9224378878568675
493.27322156990834,32.86051598382284,8.602412165696773
453.70910940892816,28.041616888877854,8.572667174545806
337.75602193982616,31.91246481375959,8.095994649990395
180.02926319740521,30.41797053574848,7.95438447191987
4.0289133234571743e-14,31.209803414823785,8.949835850766728
0.0,26.749370980510122,6.552449537855497
0.0,29.421771478318128,9.071952449012144
0.0,19.381994770773627,6.434211424041832
0.0,18.201040230208775,6.641620495613304
0.0,21.698833598716767,5.880743314269939
0.0,20.944921522091732,6.344771646591054
0.0,16.261170666612585,4.4721824791313
0.0,15.747702735539352,5.095735046626196
0.0,15.68099587161223,4.70665223819878
0.0,14.821947302807482,4.439422445122909
0.0,18.81346155151868,4.91014237332535
3.308020473773568e-14,20.760477387020572,6.559417272154349
177.98987355894567,21.952099041348294,6.432063414977687
315.4902267246775,22.421971331726237,7.691002119102524
414.2174062764014,29.491079930036726,8.021514177292167
561.4807655605025,31.069010828455426,6.833900041186418
583.1357885067238,31.21807142477924,7.437137387507198
502.15447555292377,32.94282122831249,6.640449976521383
495.22555749990454,32.43196831601695,7.616715001945417
423.8070288093835,34.69023013002229,9.336402364754223
369.7173869815426,30.05350012357668,8.218334909442984
251.01788680542685,31.38510708821944,7.698791183528424
169.52352786102065,26.842262979014446,7.438220365911991
3.258227120089204e-14,30.72804094024734,7.541772809287849
0.0,26.814289971426472,7.821626852249574
0.0,28.20248174878791,7.585097684623423
0.0,25.226268595582106,5.871317341731237
0.0,21.791468700629107,5.784607911632592
0.0,20.587157514923554,6.070340930122865
0.0,18.267553807214576,5.273507348640527
0.0,16.679999374473983,4.990200754177558
0.0,15.678758471776563,5.5186456008259785
0.0,19.496864175417596,5.009402948871228
0.0,19.026873349853908,5.062716788644935
0.0,20.188873866022966,5.033687878506591
3.577669761827507e-14,19.603088984123488,6.604588002614275
151.75528779060332,22.76483616806715,5.24308084096159
266.386272102022,23.83344439391803,6.589020866986894
385.35685724132867,30.1098288125236,7.073658509983917
437.01029210804967,29.491261748246245,5.759128647349922
570.1359681836707,26.436133520021063,8.643323082730245
504.2589722148427,34.66121906127627,7.0520904543463665
514.8160330995631,29.710921304326938,8.130970159957828
537.1661712517129,30.33337761051649,9.54786743544776
349.7624099929141,28.318260418207696,9.004438456172984
299.9316819920078,32.76103907563666,8.37160967286022
174.37635410887464,30.259789926180833,8.717271190930825
3.10199419766414e-14,29.5400698646604,8.638082036621963
0.0,30.784108115844223,7.192035620760578
0.0,21.912364819959485,8.776100151468263
0.0,21.46155811613692,6.188721666273117
0.0,19.26686755274232,7.06316641163923
0.0,13.570704031587915,5.652217374893546
0.0,17.502737787725394,7.081419534245417
0.0,13.644191060029167,5.747023512152563
0.0,19.482927860036476,5.722771156597009
0.0,16.734678047795708,5.0449955096479115
0.0,17.407891535862454,7.083115043521795
0.0,14.529143037357558,7.700909331288345
3.985174379748827e-14,18.079626789376988,5.055646987228656
160.35656867931283,22.58363592064296,6.038727854586838
326.7884559610421,23.56878426956693,5.837347442603228
336.8381644185096,25.639396871118706,6.119336419670867
424.80668688260056,29.795667185747796,7.00745115889235
510.07232750476646,29.14699552676304,7.940632826534776
519.7223670240807,30.130728386464725,12.277221975904155
604.2160242986378,35.868309682524355,7.167537609795646
552.5424575399326,34.973107033744334,8.625778707736407
395.2516968324697,29.141264182935096,9.110930112245303
281.0751042885822,31.66833118109824,9.08620169654721
160.88207598692583,28.33340346818644,8.056842228158239
3.195145083407742e-14,26.708958513414608,7.6204283159645225
0.0,26.007946676052523,6.334960781326754
0.0,26.42184502768608,7.387900762526441
0.0,24.046483959167404,6.876046174446403
0.0,20.553837000178266,6.857998761609565
0.0,20.244800801729248,6.293657846442598
0.0,17.728409242715422,5.226906699732527
0.0,16.262307912419207,4.984694129819584
0.0,12.571162201300803,7.114745557797754
0.0,17.938886208436095,5.167789124138745
0.0,16.399604048799933,5.60459717942638
0.0,16.438850366140745,5.02106250004021
3.824591441046882e-14,24.009400431219095,6.922537607778793
140.69981775356842,21.66310282888332,6.308765689346175
271.91555851303116,23.5830084877376,7.588207680417023
440.5884270022371,24.56510536540914,7.2008133055270065
469.5114026173688,29.560614425585328,7.242763403337217
526.0824384344628,29.423253215758926,6.727932780346654
497.69752874536823,28.09384912877068,6.847723608805859
636.5048070047576,29.47352496699891,7.69549817850023
573.1375702411891,31.258643675431347,9.280960507411189
443.43867956218713,32.7312850029996,10.53547259422119
324.4323570119888,29.694164782975264,8.438289932117906
134.152295200018,30.801234622590947,9.187247207255723
3.775005084097775e-14,26.308259671032857,6.855878449884045
0.0,28.737571165204685,7.897674285773238
0.0,21.32033479002055,6.321144187036602
0.0,19.9275878151113,6.008783173636465
0.0,20.454375468495517,6.735186627958823
0.0,16.36769869101854,6.361979970446558
0.0,16.266889300696942,7.086187561427764
0.0,15.897717989981064,6.789475077461126
0.0,12.508020030300502,6.508018534073444
0.0,16.58544534904004,5.49806224407252
0.0,18.371178027275867,7.454606376976251
0.0,17.801732538799513,6.183979914338005
2.9210376282881814e-14,15.545712506941033,5.445763487421354
128.7517117203001,20.633568840020406,8.356991025025062
266.8913854595214,22.99599621032631,6.432895762572371
454.2848249601825,26.358307750627507,7.332238185747726
419.58879139552994,25.919628963149336,9.05674004526593
626.4297461704318,29.24368520617894,11.20726542544877
508.2225676366269,30.908653516009455,11.041715014314821
528.6582215658923,33.33029267743278,10.30337854501502
464.3480178556385,33.57593293357747,9.153433454988596
362.7284802934523,31.321894976410583,8.209208244872304
317.55516450555393,29.445391115342854,9.223735488272679
139.8110549147636,29.779841991350573,7.344518775133396
2.986320691041625e-14,25.36639501523008,7.1326879236926155
0.0,24.58796573207206,6.449699544213948
0.0,25.006029364207905,8.316930134730791
0.0,17.582370042526485,7.515383970265361
0.0,19.071714412017073,7.382903348731681
0.0,17.634155898022144,5.205025654232769
0.0,18.15733625785112,6.751758177648909
0.0,13.452178983508986,6.015186907779651
0.0,13.53748124269404,5.653339759172939
0.0,12.094766691278458,4.886718041229515
0.0,18.736118596075745,5.840423743474959
0.0,20.91478836955288,5.121597847278644
3.436922189067899e-14,18.41763772474852,6.224500424586372
123.047064083117,20.574222084537976,7.133858117643166
320.632270830569,22.36354193118426,8.489650669042863
372.568963792816,23.709145307475215,6.127928794947211
480.4556528140728,29.46682568764459,10.221335085501268
625.7169067199827,30.268316641733875,8.4677758796871
594.3017654990173,27.726356978677,7.9911398949028944
520.6931173664723,31.550877106775996,7.379609949030871
541.7113927535595,32.1774200211862,8.319362160582825
372.679557562329,31.85092931081112,7.780127642772507
245.17423060365812,30.49179143698056,7.354295846012033
149.1769845753225,28.160180498408927,10.125305448961697
3.158645924466465e-14,30.089534321125676,8.434252278399507
0.0,25.34423554252893,7.447213706072623
0.0,22.67680230434081,7.100929880255815
0.0,18.88723206471534,5.735634170938928
0.0,17.1635211672866,6.370698137899762
0.0,17.104420156883567,6.832677320073934
0.0,18.365573380523813,8.031832657052899
0.0,14.67083056947614,7.663142226791839
0.0,13.4707779750797,5.82337606920559
0.0,16.769942795472545,6.851883598764271
0.0,16.187473571245032,4.517792684754111
0.0,18.637232453757605,5.9768546571767285
3.596178045655236e-14,22.45602161653292,4.733366017062666
140.92695286887812,23.50811757081311,4.845697499477445
321.0654758382753,24.53918760516808,6.637531213355958
409.6616291853239,27.274388191403915,7.572182575654969
501.2825644848882,27.17143572106017,7.919968602796266
463.5180824105283,29.809450147191562,8.679828877278993
578.8805488061149,29.746360355219995,6.959000615095702
446.5466020798125,28.38688647773176,7.70932262881762
493.85996865347346,30.038721265667608,7.811426450812469
452.549356778286,33.285700092330586,8.746763590589932
318.1872047182316,34.816030713467065,7.092257011927625
134.21370540226306,30.383799991957062,8.58044942843784
2.987322250966673e-14,30.060226399988384,7.591995065305029
0.0,22.778495625437255,8.11905781326233
0.0,22.254238891314685,7.986400045470126
0.0,20.78807179536086,5.85320077408388
0.0,20.391181480558917,5.2929591166386425
0.0,15.885799781855427,6.807301971343861
0.0,16.36569251554534,7.114448828006783
0.0,10.085439448482603,7.035866594139503
0.0,13.055893483418357,6.660929848029148
0.0,13.004087992885584,5.53302368885339
0.0,13.910355927317246,6.059975653284831
0.0,13.69050947136209,6.042071555709655
3.483915758582566e-14,20.6179779367516,5.993178486817427
139.34756481983706,22.680833490463066,5.596237158561077
292.96105349436925,24.68278637791078,5.4693471978393156
369.70338115228725,24.623574602922712,6.638885157871388
444.8034711833818,26.937022105680793,6.784135005713312
497.8276944399939,26.484395068616465,7.9235033663143515
495.66269505408326,28.34823409506186,7.99609685008838
472.84091511716014,31.514039861556697,8.005837664431647
507.559785445084,31.268254785377845,10.19585346263871
398.5883561174246,33.96211086415002,7.592417741293747
246.2755083121613,26.4951077826652,9.734959935561116
163.2478515361701,26.883150070220154,9.102328255034731
3.7938480524379954e-14,31.102526985797695,6.978450889605919
0.0,24.23901317561113,6.995445306966101
0.0,24.076702698481608,7.830678415139378
0.0,24.7739941682413,6.586440645879486
0.0,20.936558965311075,6.673324356851687
0.0,17.40483903001832,6.154535153508848
0.0,17.182835804514593,5.106176117938166
0.0,17.055111690508983,5.673867916913991
0.0,16.298493585882827,5.766188993203019
0.0,14.112099060809799,6.922354358163842
0.0,15.345024405662299,6.29610001754174
0.0,15.058899844436912,6.583506219340952
3.564180973095233e-14,19.525457179595623,7.904596101436906
122.99936702419673,21.769089730943737,6.537558278959026
271.50454699060225,24.176066153334226,7.470417327728116
360.8311560021545,22.723624153780744,6.991091120670118
426.4666855418678,22.5203380872429,9.469109387624625
470.3390731180016,31.767391459308353,6.714079138146977
588.4990123726576,28.442944157553924,8.596318673743003
477.9993985238509,30.3153356140611,7.475567000548244
432.5575660287211,27.866808995278006,7.889804295841314
390.20490827553203,30.579613603330166,7.833461490264844
292.33949891509707,28.900387754312174,8.494714790311214
120.65086983019343,30.066363864528643,9.148274415580518
3.581415468802803e-14,23.125276066834665,7.827135448238823
0.0,24.62106138679983,8.332428045878089
0.0,23.18947474657754,7.1652562476956065
0.0,16.09009938166411,6.620172392955547
0.0,20.49787687144039,6.788085944586628
0.0,17.816044004164027,6.831036053210358
0.0,14.753634674655478,5.870396175166816
0.0,15.63649196825938,7.360829489158281
0.0,16.720086705943913,4.920101242698173
0.0,13.825075683538465,5.296554605884874
0.0,16.45801587478375,5.834332208647316
0.0,17.438561551100623,5.908364620589994
3.272066862517418e-14,20.35407371742435,8.776405733633805
157.48672925676695,22.17432127864934,5.538797728064198
316.06374443136417,19.98541949123986,6.180658292283651
415.7303403656825,20.958645444080968,8.434851431684026
485.7803745713136,26.271674068442646,8.754520817963025
451.2387886732458,27.098193485213677,6.939992964775065
614.364297544246,31.363085477457766,8.886989536279335
573.0458350657173,30.411866968616362,8.055113261404664
406.9700453279135,27.11585480571941,7.408695397566348
388.931942830649,32.101951028213314,7.91903573296908
316.2848918655536,30.444797262471074,10.849594214388315
137.41493864811025,27.5748478340864,7.43762251268917
3.47184097917859e-14,27.61469320895114,8.893512879128945
0.0,28.022601557991635,7.966587782815983
0.0,25.906121686768632,7.107363342606483
0.0,20.275178365254206,6.892739968651086
0.0,20.733307462868982,7.921023421232423
0.0,15.390554562996286,6.7752642179680596
0.0,17.356080763929736,6.120779442947365
0.0,13.571285219469459,5.994342795577772
0.0,14.363290966588764,6.316778665405702
0.0,14.542963395987062,6.181021805106722
0.0,13.878193858072738,4.280777301620242
0.0,14.980668017609082,4.968230731429837
3.3560665191527884e-14,22.109145559054063,5.175343516232566
144.04738401703744,17.314486805414887,7.29205489826521
305.021107997395,22.05034812382624,6.591403513593498
340.4625075984776,23.634383464463383,8.037340284107577
421.07106606775625,25.0355339763722,8.974158549126843
594.9568279648523,25.93430222645716,7.387586390889921
532.37014402186,30.002014318076647,7.8326285308152706
512.2616285962813,31.968315330187465,9.768752107107096
537.6328140638483,26.34195724666883,7.3156913024309
343.9799522595963,33.77104122713612,7.983510179060318
275.09179494790914,29.919483632320517,9.539474830569665
129.7507267578207,26.4154367665557,7.887299205082179
3.116519381587906e-14,26.404769894890762,9.38264148504085
0.0,22.538479947866612,8.217444553487075
0.0,22.490377054014996,6.841121360308264
0.0,22.40787026290949,7.001348732851291
0.0,16.122644467196018,5.616906730772356
0.0,18.722259854820788,7.186420997715631
0.0,9.544894601609878,6.225681583979534
0.0,14.897454028366676,5.450662692989793
0.0,13.392994283755659,6.100371367647318
0.0,17.301637743529465,4.907244325007664
0.0,14.616921992977469,5.636394239057362
0.0,22.500990723823087,4.877299553902986
3.426990223600541e-14,20.100746745406358,6.41990431606388
113.41193291317852,21.505312504880308,6.3395547294223435
236.07068745435024,22.152391703759164,6.124187199780738
431.7973435489337,22.575600619967517,7.7488615998052275
394.30719829149183,24.378985309752522,7.416269026205517
490.9955154216472,27.636176056295923,6.83118282410989
488.0522785624861,26.881948379867538,7.4989472883318005
514.6024608096399,28.94990752781266,9.577890170189178
522.4912684295215,30.351849750699415,9.45617537604415
346.2842107892322,33.83798722000932,7.985903227899062
273.33952547744326,29.03573917231899,8.494421430100248
119.74256658527534,26.685719617223132,9.341564744057013
2.7169085004129283e-14,26.270888981769918,7.507982629132663
0.0,23.395596624583767,7.383709845206945
0.0,22.991684566910312,7.496519086326634
0.0,17.789492500632317,8.735509484860206
0.0,17.701315342841074,7.711812931514478
0.0,18.84166725484991,6.348467509358908
0.0,16.05878077068332,6.126833111314602
0.0,12.785929500686324,5.761303054707108
0.0,14.071924310884116,7.3760235115915425
0.0,16.691128537712498,5.492856750897513
0.0,14.861697731849288,4.5266688233021934
0.0,16.410685551335426,5.934697958286593
2.7866549997782173e-14,20.989029477886774,6.541666387743891
124.663673344256,21.876990527824873,6.675626934529048
271.1821745154135,24.73497722866123,6.090979844441836
322.01422931963316,25.19075895495474,7.645629441941891
509.32414311526185,25.166353822701552,6.485197175833599
459.2094495847718,24.245063159429165,7.527239745193151
523.9994648071079,29.610584896680923,8.555023214466955
510.20334832251547,29.073085348225902,7.748993944788621
419.2946426144115,25.413399438416683,8.00369902631374
385.33100435549846,28.43487041868231,8.928302741976136
254.5890203513221,28.35219959769841,9.886435336715634
124.47217222285121,26.648387825797116,9.891349538001505
2.704175379384265e-14,23.067229695219314,7.366137018286458
0.0,27.867304016470612,7.442939488972893
0.0,19.68826939312116,8.835059039475187
0.0,17.67818903770871,8.275139153209327
0.0,13.205865991693695,7.284109105527671
0.0,16.31151547638672,6.497333083214843
0.0,14.126931041490764,6.920262365812951
0.0,12.978893510287595,6.876753771766177
0.0,15.564794384272421,7.911939283869087
0.0,15.585048582389742,5.709716007594385
0.0,16.59180095546492,5.029939496859192
0.0,15.879121015892027,5.325160426264605
3.2583795048607656e-14,17.799242025163807,4.858147293193261
138.49577968389985,20.799812338797974,6.512642864661486
288.66772532329946,23.075108404454966,6.537721833163492
314.5367455079751,27.655898004363944,7.7186705751223545
498.557226047734,27.988130214462622,7.870529746957289
418.77086351735556,28.92866156134653,8.158785044157245
598.6265620551546,30.652328893100115,9.523533463043801
574.3957500796225,30.90054529198949,7.312397954720249
518.9081044770398,26.8699196320966,10.562176982650671
314.60361872317714,30.26718199558504,7.529275033486741
285.5453186136508,29.336612048023923,9.622561004682343
137.20838422648546,26.2399925126927,9.933654943059492
2.6575639215645275e-14,25.81977999769297,9.925725548840223
0.0,22.405021977657047,9.364696709632476
0.0,17.65174925831044,6.645489452517085
0.0,17.440621787796708,7.963758554103995
0.0,15.718088863742926,7.184921289116656
0.0,16.501749776795556,5.087864756515556
0.0,13.042824958324468,6.242063326808378
0.0,13.55580329999038,6.9410875566374495
0.0,12.69496984562453,6.347494112232324
0.0,17.63710748589978,4.8326499058920005
0.0,11.504486940542376,5.502967592938542
0.0,15.183810536524636,7.720371730815762
3.164310667156387e-14,20.04765917767472,8.705226327695726
150.510957484799,19.81629425553985,6.064995059698135
268.3255674089501,24.44859075542809,6.331198619503918
407.6650222859052,25.38433251514436,8.393884733857867
372.32989435839545,27.318864178039757,8.091831400833115
537.386312701964,30.884289201221108,8.175186668314751
467.1483183693143,28.95420774617182,9.416763796673925
469.6165811011303,31.16532741678371,8.264163112146155
515.9882166076338,29.516019900084043,9.430969774604971
378.7885688913016,32.847945934394396,7.912675914402608
216.638974466168,26.409784805594697,9.273148772627893
141.70558433948875,25.284567421909202,8.240196613028367
3.0120750160417054e-14,27.12188296979002,8.339030566889152
0.0,23.09511673139085,9.554339645388634
0.0,17.676012143275948,7.025470485930507
0.0,20.99190015291441,7.02178137190187
0.0,19.027344944442927,5.631365963776502
0.0,19.860234529941213,7.366297884952276
0.0,13.157845174707354,8.418066159155941
0.0,14.566779701786743,5.827855425559631
0.0,14.567337652278258,7.265715234584546
0.0,13.987138214901712,5.801655624942173
0.0,15.915909319314004,7.039375667710049
0.0,16.501119753785122,6.37818079647205
3.3867558205496413e-14,14.842682764597672,6.354751963135812
110.44946333657023,17.789197313115018,7.589072906295307
247.42745414742768,21.291491831522237,6.1976606731179285
305.39666560820297,24.36248220486575,8.7807664414789
467.9369102532649,26.394942643734257,6.5733616419835235
472.78748433925585,28.680136782534863,9.839435519412373
583.4423136811525,27.005578637875324,8.3016136415026
507.983202819399,28.301191588093825,9.279116750003517
467.4897335573194,28.964922135136025,8.369400677675616
351.9283716775176,28.702595089875548,9.93063414548875
295.498088568563,26.089090223452718,10.196265929707128
138.06283064686158,28.019157742805117,9.311548540653705
2.669598423583758e-14,24.627447373298207,9.431297490430477
0.0,22.417192571805757,9.665236301600228
0.0,20.836235526995225,7.081873019627003
0.0,22.388043378763573,6.86306928226689
0.0,21.76265861189067,7.117068960510557
0.0,16.69784381854571,7.386421288817719
0.0,16.086497049374604,5.589193101579744
0.0,12.904239503019145,4.945559696029847
0.0,13.024300246138584,7.244723636640879
0.0,14.183545094908942,7.462263473982633
0.0,10.440553050427777,6.324138411884178
0.0,16.435651347226866,8.370431888585818
2.7567318077024943e-14,16.796195362904623,6.778966380736307
122.45016904515157,22.022123387656528,6.226053392466531
260.68328087425436,21.258173925993116,6.705995055923701
307.6153480283059,23.258332735634397,6.584206809812191
418.52546396941943,25.752477400975785,8.980887020008508
529.3476089174872,26.3477408639481,8.95300929906362
537.5528132305336,26.057472440621588,9.364923336092492
432.0583555927727,29.49944905266859,8.29331689868642
395.84995127500406,28.8727006075444,9.347203441082646
356.81383959345743,27.87844616137043,12.496564560816074
240.2835848726156,31.90653228972954,9.248850747478397
124.85663164640245,25.435951960819093,7.499112127317402
3.07498576128734e-14,26.295568877054873,9.294673572335494
0.0,22.27621948614288,8.146174273403588
0.0,21.693568293870374,8.22147735279428
0.0,19.009196646040895,6.174988748475898
0.0,19.737708298602556,6.714400435895108
0.0,13.51938730583418,5.935401439216367
0.0,17.313473660294168,5.930696665139136
0.0,10.480668490909501,5.960074487471944
0.0,16.330482737159016,6.369865476938896
0.0,19.13082274080522,7.045257689569231
0.0,13.481356828683568,5.148467691518359
0.0,12.83786575645102,5.420835622176157
2.5548445584598912e-14,20.272228950182495,6.872866267505092
139.54904357877024,19.752590686462753,5.504587088091409
242.02527516560414,20.210123200119643,5.755732054118622
372.8154301658358,23.918521961122583,6.631129778579332
362.55381873716675,25.313707017339745,7.636588565397355
546.8004739596888,27.077713979608,8.673687520536353
540.2035890377183,25.67946397005109,9.392811440455118
499.91274584001104,28.047290438719774,7.880616035895402
490.7983870064044,35.254855522281275,9.99308249034165
402.2083014216436,30.352801857140864,8.253495572336705
240.67826229473314,30.630322196717465,9.618035147957217
130.05575362726972,27.183217152451004,9.101579433438108
3.18798202285412e-14,24.81181235208528,9.034366163738472
0.0,21.89172981232541,8.317894994040111
0.0,20.15060151604552,7.51872184266526
0.0,20.224618665626767,7.3828276305621845
0.0,19.26249977476591,8.066735061410904
0.0,15.661249880025805,7.121043426747196
0.0,13.136506493488078,8.127555353941343
0.0,11.889476303415718,7.374730909347546
0.0,11.533878146508801,7.174964567905761
0.0,16.017910646938788,5.289226320771714
0.0,13.16685030093413,7.64510323614375
0.0,16.83151685407098,6.510079093401554
3.1464775713435886e-14,13.847184064337092,5.906011044791788
145.06185486498774,20.0790842522142,5.699276154162266
231.90297101338174,16.86466722376434,5.663951934327144
379.24926318412537,22.546543354368602,7.154197794656882
492.7725402023695,22.169695442967292,8.720752977385123
503.4117054438959,29.709033131310623,6.891489715467327
483.05378229987696,27.767408814318053,7.85438489168761
454.7843045776369,30.924716902389783,7.581207500124474
366.6368334555432,26.542755305954117,9.463614818979433
337.7672485600905,29.015554527685023,8.453956961621316
283.1620744996274,25.0881245406693,8.98761666161299
130.5375413378637,25.13789301245267,9.371764416331448
3.355297091952809e-14,25.768511846468456,7.1774406967991276
0.0,24.60761254192662,7.620101723403757
0.0,16.873733827363576,8.31603432463229
0.0,17.308003407868803,6.158284365105535
0.0,14.056768219658414,5.855178669919639
0.0,14.776910157945748,6.841294215621283
0.0,15.699980156848873,9.422188940491193
0.0,12.70873340100786,6.0926077919257455
0.0,8.894296866421191,6.869631899293356
0.0,14.536987875818909,6.545218738025429
0.0,13.704733673812573,7.265335811408284
0.0,18.513891500619714,6.452123165274419
3.509563793877423e-14,14.206241587439548,5.738168008035201
141.97243098801292,19.029231189296357,6.514017582754438
277.6115382229089,22.332280965134586,7.066034297596409
382.9100811729338,20.338724518706993,6.617092842046048
464.14422005746275,22.563367172788663,9.023996618978057
426.10472384653013,23.199401000118428,9.059641599891368
505.1139676170517,27.737008343053137,7.944715901689685
543.6920901662058,27.292775964251028,8.880651081326578
468.11790883934117,28.07968644474115,8.88797120771979
369.7744610871394,29.422088878830415,8.124335320692934
223.85713567944967,28.130244535426012,8.534968031783349
108.99945041080326,22.397770967665522,8.712250589523304
2.725249315694078e-14,21.74681193215491,9.073325633124298
0.0,21.825901048401775,7.464763358952561
0.0,20.06376770595559,6.933537060162169
0.0,15.836046431806261,8.383597013249766
0.0,18.859299225127533,7.65491308335509
0.0,11.59293581491088,7.258611386897739
0.0,11.513207034401297,6.792315060728277
0.0,11.384978966453449,5.573042117298329
0.0,10.498315852730403,6.809797397626367
0.0,15.721344565328247,5.906469325712354
0.0,10.939808561591773,6.663699577202784
0.0,15.146652192592091,5.733946986782528
2.7777761804206183e-14,16.28000648046699,6.1163573081049805
144.10804766505657,21.094425440308232,7.92232162573101
218.42042948796876,19.6409229318275,8.654765045406041
345.81880670356986,20.22228566578213,8.541399238189062
412.40454845038784,20.9984358317753,7.677205063334219
423.7851031905271,25.568004696023014,7.83034712268949
528.2994697262795,30.843726180180244,8.13366950537364
439.86769522280946,28.671201421340196,9.924338589434289
373.743161496313,29.26525483547899,9.349585457897387
366.0841644529233,25.538759013733547,9.394307752182101
247.04915614982266,24.112406555297287,9.162997644716974
124.49453167620555,27.085345374713846,10.124597099012535
2.5881420078938448e-14,20.429261695011537,7.695470450023123
0.0,21.172248719002937,8.278406735682044
0.0,21.37094018888586,7.385843872386184
0.0,19.534215031750964,6.784513636269319
0.0,16.780206448148306,6.213860504492066
0.0,17.51065147907385,6.7499644489886315
0.0,16.122398271824988,5.276237768729773
0.0,9.845384742193446,5.312201292577658
0.0,14.035289035255431,5.905966671028912
0.0,16.29872675080793,6.738557854844979
0.0,13.828020123757122,6.648759786909397
0.0,12.768767726764198,6.393299344687613
2.520079532867882e-14,15.779876680495413,6.115421633351224
127.72127262856213,19.036421837916517,6.82591657469315
267.1876916247608,19.370607274458422,5.691087203683345
318.09757371919653,22.924742013023,7.424004274233353
462.41723971778055,25.096621538556025,7.960099682156254
481.412757751931,24.278284392744805,7.85233248859177
551.5024718392792,26.36055876722237,8.693637290212108
543.2333410783455,28.65382352961275,8.359785855404219
473.4160497721549,27.813122205217983,11.112748286607669
371.00791042218015,29.831268756619885,10.23141779645185
241.01859350672626,29.638256193413365,10.423164308438093
121.44380982230803,23.755593815619342,9.223769188607331
2.8659508413423246e-14,24.730969182849204,10.263571273285566
0.0,24.071221527903983,10.389706785085883
0.0,22.737690643885532,6.732063781095331
0.0,19.429504012785088,7.199063113546223
0.0,20.022575091800952,6.615441932132564
0.0,12.573562132690514,6.888475488357777
0.0,12.518968392272862,5.533630382318653
0.0,14.18383665057155,5.087807466863636
0.0,12.15918665676227,5.722589541905969
0.0,14.154904668170165,6.48124950794573
0.0,13.744134797223513,6.159690190666787
0.0,14.00813565667857,6.895423176536789
2.906253461533344e-14,15.01347694316653,7.093912176792496
114.01691125636734,17.632162367535564,6.419941947701881
259.2857864174928,20.867919114844696,7.785501123547785
375.33540182215586,24.85485881407244,8.406620077323588
348.04053014004216,20.82653285982092,7.079769519100492
531.31679137691,25.515016650677865,8.673867940462829
399.6369411531201,27.16265584862188,8.225243458677342
378.9573521519481,27.253254483495915,9.277646726161466
395.9935545012756,27.755068472350672,8.365929631117034
377.6413013860544,25.773389191261586,9.069345407313264
266.68904938933457,29.57109557534686,8.61975042229181
133.81650914883994,25.700525636908903,8.009331167743769
3.311374523467246e-14,21.7289870045088,8.201586747471456
0.0,21.792766076106542,7.452199419377419
0.0,18.662895755744223,6.660549541712876
0.0,18.601769901441358,6.378710242014008
0.0,14.15243031879471,7.050402805793565
0.0,14.20570063543149,5.881721875556102
0.0,13.693019308410605,6.324076846016336
0.0,11.093264476275706,7.4822760391074326
0.0,9.653168724102082,5.5846339450820865
0.0,14.203843964040068,5.950416191034813
0.0,12.874955801317443,5.771556711019962
0.0,11.11688560549219,5.6794534757127
3.0372865720886575e-14,18.90530144402248,8.555284191840826
124.36856705141096,16.060738851294175,6.681048310137026
224.25096165228885,20.177880992162063,6.57001858790237
305.5350519163248,22.91741174595196,9.21897007514368
399.2441165071315,23.6108780629195,7.554665232324478
531.3134752791241,24.68219875243668,7.197659000348185
418.8295993079824,26.063291302210683,8.720925944829107
390.5398990900929,29.084550531104313,9.396351337090216
379.0660748036013,27.26650544376196,8.376890074014467
309.1412115258343,27.579883910734342,9.027527991423023
206.32274136840624,30.208068145291847,10.017131475135589
131.6579968336169,28.774965413193776,7.466312089016034
2.562346033601786e-14,24.412982815079005,8.902662680582502
0.0,24.274295408164527,8.111776560100008
0.0,15.428684887587217,8.15956290107029
0.0,19.643556124951363,7.827445103854566
0.0,22.440814069629614,8.351481521798966
0.0,15.419789931268888,6.913680531553971
0.0,14.445487222958382,7.083107261464995
0.0,12.280529477861537,6.428117701397474
0.0,9.587108777171702,7.144194761423543
0.0,13.467383292542085,6.595715698492347
0.0,15.206761815661395,5.313544736357369
0.0,16.3321523652735,7.262536754433615
2.776740444341488e-14,14.695473218716643,6.195307950852193
113.90216735733445,15.971704325810961,5.857135083542297
242.7338817285049,16.374150405454472,7.5456800150651775
380.6994214697105,25.84443072945571,7.336122255525865
334.5302405461269,22.967537213788138,8.938207615473022
422.8893151572966,24.55634027038208,7.565859418105237
433.37643471471773,26.360291897858115,7.597765072991306
450.78537647611967,31.4076731511609,8.885942413408118
374.0049850665662,27.32916386470543,9.654274865308121
382.64228611625424,28.441861975084997,8.480589124263002
248.4153170769641,29.273923805816874,9.25618679630007
108.25673034541752,26.30333158647706,8.560796995261656
2.489193107223098e-14,24.035181364983856,7.579114594759135
0.0,20.462150567594698,9.775452239562213
0.0,16.62346321690054,7.924261620122778
0.0,19.985680475995725,6.786786595856658
0.0,13.22413361288148,6.201793156104976
0.0,11.30130518238133,5.7442480608578315
0.0,9.320094619013542,8.399645415772476
0.0,8.104585983158225,6.271995818419775
0.0,13.375317963674373,5.538648272041548
0.0,14.003925974846917,5.913664495350327
0.0,15.337126969959538,7.87172962437829
0.0,14.072437627784721,6.706126016289929
2.844065220405235e-14,13.917810837186805,5.721356464759982
118.02240879393734,17.038582118331707,6.2482702574025755
236.18904472438842,19.98396695986077,5.864565430819704
340.1059763920811,22.166145509117,6.707144266270419
330.73820712008046,24.23441664562628,10.752648541901255
512.1369251034415,30.15795309331463,8.748083837424048
533.0902966889639,25.780546976132467,7.629063408172785
441.3307187360281,29.911248117340588,8.522127406554448
367.95408750987497,24.663960938988552,9.189409686915395
350.0182076932832,26.76716166257736,9.265577760078163
230.92538699926865,25.37622612393292,8.416830868977678
104.58209312511701,23.602420686976124,9.517849803426707
2.541461652923384e-14,23.983345507971833,9.710179884440599
0.0,20.412552991014874,7.706004131855802
0.0,17.96078760375356,8.1663476473229
0.0,21.233051697968754,7.360270983851646
0.0,16.37880477506923,6.327041899864276
0.0,15.962761120308237,6.480228637907497
0.0,12.59952961263067,6.33217553159591
0.0,12.975875434025058,5.458571573216393
0.0,7.431167376201557,6.047623594076882
0.0,11.44316366953413,6.350505838629859
0.0,8.380100289384256,6.039081845510281
0.0,15.497507413349396,6.44424008119341
2.378162838309213e-14,11.574149103509345,5.803055481962639
137.13973695075967,18.86524844669345,8.407498110191394
189.20120161975925,19.81989739915942,6.0505328639259774
362.831251139967,21.72993469887672,8.060274837933036
326.25785283931486,22.825982982325588,7.954769433544011
382.89982819683587,24.627257572368567,9.73905442726442
395.0786087809798,24.63988955491838,8.043129650666343
507.23393613561404,27.245139015496854,9.962715866709058
449.88482764072285,29.787289370543036,10.694770892067293
360.2842229474308,26.917330312614922,10.21183259949096
196.14487834924566,27.266880461544456,10.227670002326281
118.04232471301955,27.063111567304937,8.918941742612347
3.2280627437530584e-14,23.145489401748673,8.778830023154656
0.0,22.813023777152964,8.090721547024232
0.0,17.290752845834344,7.2973584084019265
0.0,18.930407027242566,8.7692595656017
0.0,17.402146353667998,7.395523310050068
0.0,14.689342444230478,7.589870878381633
0.0,13.718134035717704,7.157122036064471
0.0,9.192079126683902,6.05809472050418
0.0,12.755455998718933,5.825558712770611
0.0,12.608689233838072,5.780625322308984
0.0,11.365552892643027,5.628419798592479
0.0,11.667763951004977,5.299231688708977
2.6322371879244076e-14,15.141985837930699,7.049099336705147
136.7985164845994,18.499133970774043,7.358833209944445
225.34473341858646,18.1372061934449,7.205138749311619
340.2797753047716,18.55006144386634,6.272992047017291
344.85680301875664,22.652858079958474,7.584327197871403
371.08045076317427,22.341930691328102,9.289771663208779
409.3996238588271,31.48667726159222,8.015013264429033
400.78157039728734,26.53563348560343,9.211257470918218
404.32149185701724,26.79559198665374,9.37118897601105
274.4860243412296,23.80820966070111,8.362984875526873
235.04242283128272,24.93030544007603,8.180554178615408
102.00625337654573,23.845681320027683,9.705435220267162
2.994230532724697e-14,24.685238363573177,9.776736122121605
0.0,20.464818698787795,6.987223863289585
0.0,15.265328355635317,8.83162113562031
0.0,17.094121388211555,6.959369214970413
0.0,14.01748026783888,7.395961964758219
0.0,12.868190093382161,6.391783482710626
0.0,11.785692625853745,7.4378702231949205
0.0,11.163333733754886,5.974833901747828
0.0,11.592445777139018,4.90587066340941
0.0,11.730196706985453,6.916416773007317
0.0,11.10020205302637,5.165460236284719
0.0,16.61347597214583,7.303996136643037
3.032969313404214e-14,13.547060279091381,5.610354210345542
132.09535622100822,15.594207868820531,5.962053005320084
199.26741430040482,18.19227178867645,8.104153956991329
279.5068141734444,24.62869872404666,6.407848180804437
428.9122487474595,23.843488694324304,7.405176268703187
497.04653712907447,22.889689469127966,10.013712178281061
480.10761332673775,22.82227528741591,8.437027205617568
443.38153751766407,26.39883817374588,8.590263142035967
401.39759634190017,27.428309431219844,8.431536526129268
311.0815885054316,28.26692951379073,9.502331888487731
208.27166759904904,24.858643632267707,9.064935878084171
134.84189112664012,29.104190600881445,11.966355609331329
3.161763993760966e-14,24.306621072395878,10.60281665074024
0.0,21.288961148823244,9.920853946143266
0.0,18.122245131881648,7.819233878816878
0.0,19.097889467761984,8.51710264168385
0.0,13.275318530198325,6.044756722699134
0.0,11.14338405459452,7.250082869562913
0.0,11.502210698759303,6.315796877483182
0.0,6.8792598491646135,7.300337060738437
0.0,9.36639751217879,5.00199095287068
0.0,11.030607078780907,7.2348635621222925
0.0,13.04957510880865,6.365808034687557
0.0,10.732600490864806,6.520692032143365
3.080917638532404e-14,13.636692083758158,7.762948209263665
128.81529247541604,14.38064778668168,7.63702775839454
215.21575129901137,18.501086565353955,9.088556784653736
354.2230206546866,19.706930176013227,7.916680714273035
432.086624013903,22.060893720610988,7.080559159768072
487.09588945588916,24.030166376319087,9.890661350106331
366.65444572183486,22.279168701640106,8.332401333448143
400.0001595292854,25.398920650697825,8.012065095854798
387.29096020676167,28.138786597427284,11.141710332256089
283.0841620491505,24.29993450975521,8.534591635406771
224.19975510446582,27.483171261535617,8.24873844016117
109.29005649659598,26.689469427612572,9.493332704371099
2.5934338576724758e-14,23.433086521385782,10.126630485090304
0.0,19.47557837863495,9.079722523074718
0.0,21.44285983189337,9.828663429394757
0.0,14.897323582677016,7.146048011561522
0.0,15.377287237157915,7.853961970748466
0.0,15.642189633990863,6.790555372991839
0.0,10.083368754110301,7.914351842456483
0.0,12.36341890310391,5.361654737070531
0.0,4.6520011582532526,8.374402596747139
0.0,8.1017231519647,7.416557333401239
0.0,12.532698432155994,7.177980753703605
0.0,13.650551370627447,8.41512381062006
3.03165192859091e-14,12.247862514756543,7.698960158764529
128.95397080188863,13.036614335514557,7.241343300313887
181.75473247293516,21.463052317688803,7.177319528433808
291.7115160798748,21.25507574772973,6.560996613079692
316.5543083505127,22.807296238401925,7.018543276559517
384.18553181796574,26.164892046149415,8.156283754440485
378.4409375592693,29.61940267678785,7.927777400304364
415.5275464472436,26.238628076890066,10.258244803577899
344.1610918091508,23.873621885905948,9.613930112026141
299.78610886454277,26.981164386371525,10.391156026668645
204.9660905328051,24.851566501001408,8.197439233338816
106.97983908196224,27.151398681344595,8.265692546384308
2.5861294838315804e-14,20.149479109493598,9.590191661826482
0.0,16.85507927346362,8.067445887863125
0.0,17.603434735717354,9.22297515306878
0.0,15.25222677890702,7.700061507829328
0.0,16.220150782948924,7.528614080848519
0.0,8.52269716473004,7.108004506251735
0.0,12.706117081033167,6.52800460116392
0.0,10.690490862004978,6.894388654563323
0.0,9.964865018375539,5.837433753107115
0.0,12.178855229618533,7.555653904189272
0.0,6.770695706899814,6.334123731253532
0.0,15.853486774285408,5.777585168991009
2.7663577080820382e-14,15.537424570431822,5.668045059775636
106.37695405385332,14.73470924053871,6.015659709364868
240.5171884250043,16.444742752209493,6.946667962114689
338.91582241581017,20.694992109809885,8.46544428246368
438.6409975014957,21.83934890549074,7.495581703741477
479.6457490757515,22.011873509503765,7.855049163045486
382.8958808761346,24.937731192369736,9.493871019402619
382.9482493372598,23.902919784019588,9.996384276147573
367.8416271068909,28.104658121998106,9.770058127274284
286.9078257451812,24.290841972669316,9.553441832648101
223.86961088858982,23.13638850242171,10.397655907143324
123.48325533609406,24.72007419067724,10.823796091114891
2.711376891984185e-14,20.952017641538234,10.454895641773815
0.0,16.01196631289868,8.155087268066993
0.0,19.948334486578247,7.707260080877489
0.0,11.591044431605557,6.787910925077616
0.0,12.710232969290182,7.593274996687456
0.0,16.311222259195063,7.738964391394684
0.0,13.548429338224128,7.559967999021601
0.0,13.591380239911938,6.039592990877454
0.0,8.61493896870446,5.298510385601173
0.0,14.022054431062495,7.092958791950416
0.0,10.716712562740051,7.081132746330317
0.0,11.43621947911967,5.575129490668194
2.932300253674993e-14,17.840808233158597,6.012589575052019
129.8721887329399,14.440641311467015,7.26682581187804
215.11648873898156,17.71022195394389,8.047976190402649
329.30224025660044,18.046084963018515,7.393302849405794
310.7742476603187,23.94541376368953,7.330328607008742
466.46550937753887,24.761271441736042,8.826606701304533
481.29336647883764,26.619909600480092,9.173199318525803
417.897608268399,26.192194890956095,10.635172314311667
337.5291979857622,25.13737909391685,8.565244124426687
352.2535169878008,25.401433486192204,8.870448176759561
191.70612466327378,24.68700937057788,9.258432555044875
97.03634621461276,25.80686582325239,10.069295092593194
2.531651425995582e-14,20.642834567317838,10.063462328931422
0.0,20.85166137027411,9.221177934776193
0.0,15.37642521974618,7.7646873357523765
0.0,15.87967342940866,7.4019321733084595
0.0,16.59274017737403,7.934741090551718
0.0,14.613716746623814,6.661511970217444
0.0,9.740783532114904,8.43806874927713
0.0,8.93861738678902,8.805668635622126
0.0,8.144752791715804,6.04279774514503
0.0,8.678931202724254,7.382576013612384
0.0,10.738064818258632,5.592117339994601
0.0,12.58767695855343,5.658356460100925
2.585814100949327e-14,12.244334595824661,8.64258576428797
94.56712338765463,15.790149773388935,5.720674042037998
225.90425631126155,20.306286049917166,7.115816673768604
255.45559056220415,15.99827407186817,10.126182081678374
393.4644330771312,22.352672059244696,7.218685522608043
403.023169224748,25.680045148704075,9.407790406921096
356.68603068236905,20.896212692920113,9.609805592756048
440.2419972827574,27.23702130049786,9.159200059063611
317.09608397196706,24.925179165850466,9.611209718991978
326.61533939581693,27.618932236988393,10.314276085406592
243.4203735578281,23.33436766881183,9.546168795716255
128.7936359625276,22.793982742589836,9.74631682679009
2.5992535778982908e-14,21.65090580483615,9.545962541348159
0.0,17.77533761792328,10.202602524740936
0.0,15.458581945396157,7.381307569621196
0.0,14.516000269715992,7.92760222214536
0.0,15.738704057678754,9.60662101121996
0.0,12.441755179279806,6.76702583893605
0.0,15.872300986535905,5.804529750856543
0.0,7.4291147008253375,7.060728347321225
0.0,13.012412734604972,5.469013516416464
0.0,10.562281988070987,7.196648730349942
0.0,8.975956405750521,6.611793833597022
0.0,8.795191501069564,5.9470399439077
3.014537395254855e-14,11.867975181110845,7.551881773605056
114.50727787210646,13.611504473335945,6.63349509238704
194.26381613318307,15.90673972338542,7.914707005247463
328.6369942407887,19.577443697432496,7.732742589765221
374.4044918394795,23.435049912613696,7.909575266485815
405.4669144626168,23.28576285492808,7.327420721941774
451.723265680318,24.735495398944536,8.759425349770458
462.30169819006886,29.943218862406503,8.22216101071854
395.4433306127118,26.70942177322931,9.747342315707863
262.65628862729,24.004310601286438,11.685204064153163
232.95106067845262,21.839255832064698,10.779653923248567
117.79804323913493,18.58815320332706,8.148562515155371
2.2756376026819332e-14,22.86683576667312,9.754472395227806
0.0,19.459289219428683,10.318601196672184
0.0,19.043878590572103,7.0924378503260215
0.0,15.686452695626658,7.375433829440205
0.0,12.109765484772215,9.402970489257688
0.0,13.596150739320834,8.013489851035837
0.0,14.034874903748493,6.907529081759427
0.0,8.837179638905997,5.627474156762338
0.0,8.217352616171068,7.188305075077842
0.0,9.610824220733546,5.747042241200339
0.0,10.291112395681541,8.436634906132063
0.0,9.26545271085986,6.134784733161304
2.6402875018970883e-14,11.22283292199581,5.819178312169736
92.26881340723857,19.169812807824375,7.4264396163815025
243.6204219299115,18.33655862041883,7.798818313658545
300.8576853219779,21.96975957291701,8.075956999461404
336.5766294780362,20.11330653888123,7.446508722568036
422.0522710108234,22.938396429659193,7.835536641487879
345.9068584662988,20.662118041706684,8.306383679081504
371.03132826226476,26.799300041071135,8.74871771793678
401.77868937913684,25.334612680602763,9.308491208846448
266.5389921065408,22.829387899930012,8.753611743463853
238.22569721239495,22.331127538169092,10.039899511863894
93.85312803544109,23.780645377253688,8.8344143539353
2.7822933202990594e-14,21.825542047062594,10.706431653649169
0.0,18.218380898811425,7.837015568675009
0.0,16.892295239787167,10.18726397823044
0.0,18.1069886666424,7.11532435071578
0.0,13.541204221961573,6.3537467254019795
0.0,10.221191160641178,6.574313553215248
0.0,10.662848229894214,8.061052934273995
0.0,10.141327047164982,7.550133007283458
0.0,7.030461150114187,5.484988006585846
0.0,8.807811016355222,6.452473338662483
0.0,8.443655576983053,7.902848196922776
0.0,11.849954415659342,7.3418547590898395
2.8841874769315094e-14,10.809593283558824,7.349724494238198
125.33758216589716,13.311523219972587,9.170145523850177
233.42197088312946,18.67065580717845,8.336766203606484
287.54540278517413,21.664777268139634,8.296207977551896
325.62361497035226,22.475947758683205,7.433392738873867
366.2913409928425,25.036035996321395,9.8864528358605
446.08848945037994,23.63662313734228,9.278236977292611
348.18067384788617,24.196829466160416,7.853706283452893
322.72914973851556,25.381320148629833,8.62421218928871
325.05179111674516,24.53132222201941,9.78482397350826
202.87134462235693,23.36360979434801,9.379396558119502
105.27151219045012,22.18397105336391,10.637718086107476
2.3766547702681066e-14,15.974210510730352,7.898034381098221
0.0,19.24364661283474,8.877931784051345
0.0,16.696323457190065,10.482441934508438
0.0,11.458668787390254,7.257438317394724
0.0,14.208462850539707,6.901612855415954
0.0,12.653330560430808,8.294673113862293
0.0,10.710197221864759,8.716938740648697
0.0,9.381578522409457,8.926134685549034
0.0,10.14409404235358,6.021554022251495
0.0,14.297378613719253,6.7396825053522615
0.0,7.397502320227172,6.3625923797831705
0.0,9.679769626679594,7.616790419435429
2.748224339347183e-14,12.22078219600382,6.813045638336678
94.3609227961178,14.105911065355158,6.284662784432705
208.5143958567776,14.204896506048984,7.513991556758255
292.7150674073831,19.546518342283836,7.46750813748522
409.4523743065796,21.458217140115178,7.669032864214324
340.0789380867615,19.995214964892977,8.977730493054814
408.8074421855393,23.673449158645816,8.21294706217166
458.06943100197174,25.868707616994357,9.784686495584094
393.7055465282905,23.04289942071442,10.636704845837668
284.32196118083357,24.629341300733103,13.148721381265172
199.4035043085383,24.886960615969738,10.106299111917192
123.9741075591679,25.910909425762945,9.632482786060345
2.4036418992293544e-14,18.570413420446233,9.629505674160454
0.0,20.625893075261793,7.3581968441514976
0.0,14.74919825312453,8.540269269061943
0.0,15.151764778558729,9.008840531298674
0.0,14.679365896354168,6.5344334813226235
0.0,9.724587082801193,6.63949864151046
0.0,10.125996511604992,7.064527041850786
0.0,11.100727668478589,6.773280094193457
0.0,14.417812420984536,8.31846317329174
0.0,6.418295398752697,6.290884266279003
0.0,6.786086457266153,6.894202903939348
0.0,13.307474155082383,7.967370336315179
2.3724591449914576e-14,14.948062930570135,7.287776930867899
116.85432298720971,15.849500889522227,6.467433424889668
199.79217677885057,14.411419853700206,7.768982351515041
268.22118881742375,16.102772137934103,7.04923464961663
366.1841361318042,21.111666434933472,6.9713708619120025
370.3437073518147,23.405913863191163,11.385010170748174
465.38563960081035,25.786820201337285,9.732693757073868
429.93511585978166,27.050324324452,10.586693713254775
348.4206651870346,27.13410831581079,8.66429861574915
285.05067326326144,24.60882857338932,8.705051629651262
209.241930802826,24.690225606874353,10.561471190468335
116.7911537566466,21.568088911263636,10.366190271731003
2.797204690840091e-14,19.79290776518309,9.292628364283733
0.0,23.576053476064367,8.534300891540092
0.0,18.33496381490439,9.650345429795898
0.0,14.61781664320088,7.64418261650215
0.0,15.000623589621863,8.489548307438913
0.0,9.981281607413525,8.506253486163285
0.0,9.141655389499013,8.302647961874655
0.0,7.457243941299645,8.084720242843964
0.0,9.809550303573626,5.619716360132079
0.0,5.788304462913951,6.735294759288937
0.0,13.041861890852278,7.882607112451074
0.0,10.189613290888815,7.1754261811464435
2.7060741529081038e-14,15.686295013863413,8.461696614201808
104.39459854343713,14.603264451417916,7.756497962421136
215.4037990238759,17.458069404863974,7.628353569310839
251.0027518664638,12.540940441947889,8.124340384134776
403.35038084321644,19.91631440677364,10.582812081286395
370.1317097466848,23.84057019854092,7.974553181463415
385.2977204445987,26.224082293069273,8.393209281033323
414.43971220634586,25.76017933216771,8.897788696635288
380.3060592369909,23.744143721638856,8.462162149038797
263.62920386399713,25.857353233039813,9.722870773934892
199.20639498940932,23.839433557576957,10.685633152046336
115.85556287224158,24.104028888255975,9.021726774769494
2.780745797131138e-14,20.583067990749754,8.728592728167028
0.0,16.893552892323346,9.05148936795317
0.0,14.97883144525122,9.856954876344547
0.0,14.20092291503557,10.142779024096917
0.0,14.702696524106203,6.979193233180802
0.0,10.864587834881974,6.282491485096307
0.0,12.057968899865518,7.60277508655728
0.0,8.001347225641743,8.143780406555766
0.0,7.707176110586131,6.926178964152879
0.0,7.227842068809787,7.94731455701567
0.0,9.242135576963486,6.104715182096815
0.0,10.478115574114238,7.1942431690397814
2.7926207380949434e-14,10.484119801123018,7.510759243981588
117.20896330799198,17.743617792613836,8.407995040222609
169.4957648589019,11.836978228929903,8.257646303811521
324.73422837329707,19.84698067848786,10.483232704267934
364.39617804747127,17.203181473204342,8.30892282808969
375.32329782418617,21.569707104789856,8.569011107475447
400.7889293816905,26.38920154328928,8.452845920807404
369.43827571934133,25.834337159899427,8.467725407688047
351.13401496988666,24.971490040170117,10.90397783794024
291.4431051855791,26.683993724160782,11.011334653274922
201.3780405286473,20.831915411216517,10.415007794738301
96.06029067286323,23.329046385086546,10.632629350279974
2.7322804387930517e-14,24.42776020086984,8.401680962393119
0.0,21.354979765893283,7.674129035573398
0.0,17.975129931812802,8.047173610719401
0.0,15.037926021199349,7.943241881779966
0.0,9.76110313692477,6.888228778751575
0.0,8.768628015171698,8.619900845782709
0.0,5.168829988025586,8.161130088517757
0.0,9.455403845217555,7.676189764848344
0.0,9.25848794016828,6.390547600404116
0.0,9.776803542117614,7.157205054015989
0.0,10.610584470695503,8.678671696268864
0.0,11.82494184293006,6.487645938321653
2.369379686735398e-14,12.755489123297535,6.181714140971974
89.51134361004047,13.884567357023576,6.89153709795878
219.25613681035165,17.551175277629177,6.919325542037735
241.9249241247585,18.489255166706798,8.421267200052622
313.67669792646507,17.894433206667998,8.418464257524603
443.65628365910464,25.695110756085157,8.308628054097218
405.6660371319088,23.673380308890437,9.806037654626037
431.748448886197,28.19098642506761,8.91126345866468
370.7036707169217,25.146635133964637,9.533753748125912
250.07980939470426,27.221090679474926,8.730919999719688
190.0205937408842,23.837113193393332,10.007467566818411
119.9308918336974,22.846575982305318,9.037001176677776
2.795607415384981e-14,21.462703309660192,10.408368407698807
0.0,19.678826971778307,10.095530502351863
0.0,15.837069464070929,7.470504089204181
0.0,17.322395291206472,7.671710630922435
0.0,11.853475640609894,8.079049842279836
0.0,7.490518820690021,8.143155166828372
0.0,7.245396668650033,8.204630396624953
0.0,9.219351698620338,8.143428006828014
0.0,8.395865669359171,5.817347116675354
0.0,4.323687026354924,6.261690535029789
0.0,8.734124891741061,6.64472325139463
0.0,9.076731580610435,6.366453743329334
2.7852295517481507e-14,12.909388400944055,6.56660631006037
86.20006162089976,16.029438724416398,7.931930092747349
229.21280773252445,15.870607022884416,8.085768472660433
242.18920383776708,22.687641581078008,7.697128231663567
313.3546083026613,23.08113212846002,9.424696269347375
424.6925451687928,20.173488967408556,9.23731155010367
408.41341044208247,22.18040422760361,8.488116107271987
367.0844600657506,22.988999701195965,10.141369435248718
285.76630181647295,21.00538879214988,8.770770299720605
233.72993379547643,23.281369693362418,10.010106902049918
172.18357196069385,20.87842961910999,9.235536024154301
87.58755852381559,23.029704423094874,9.620122524808417
2.6064092023781203e-14,17.029158581918605,10.46004791205849
0.0,18.907120399913506,8.440914984519457
0.0,14.49784657434794,9.616867793413933
0.0,11.20598345143084,7.430579704334203
0.0,14.335296369523022,7.226352203207686
0.0,14.567958838425298,7.589301459108752
0.0,8.65718915021021,7.35590086903206
0.0,7.0390075252187,5.750507452235232
0.0,4.944317889767001,7.047368059665964
0.0,10.392019152827821,5.831849043514184
0.0,11.409020187460612,5.870696694338544
0.0,12.107871095761048,7.889837218294444
2.02574393241314e-14,11.937689569169589,7.7631052176592625
94.6361104042029,12.992728588225273,8.368142139105908
178.35969107216445,11.70762338579705,7.278858200731143
296.2020295060631,16.531938754740583,6.885768555553647
346.7389775146517,19.802126487112144,9.183180835558645
374.7747661348627,22.986529378622087,9.182696391376599
360.57842455158374,27.493507772462255,9.723941958227401
321.0226478830599,24.70387913612273,11.694328179127506
391.33721116788394,27.634898492143243,10.35789779811685
304.7307910510183,26.101176202763156,11.236832648612715
199.06966839543432,21.80052608711747,9.621510803233825
108.21392985574353,21.32088819193574,9.367428187777023
2.5021424569768865e-14,17.57424708097024,8.50564163898151
0.0,18.056267108825416,8.529197293591444
0.0,18.36293171792513,8.273476576857284
0.0,7.209547620197532,8.80188468148304
0.0,11.024451208008916,7.770360150232386
0.0,10.709441313940193,7.542090049921816
0.0,8.127065169573068,7.863035944010102
0.0,9.506403232162093,9.175315081729618
0.0,7.061696055693671,6.515178679793389
0.0,10.740870036185614,8.13532953842774
0.0,11.606799392708023,7.125499730555388
0.0,13.161168866674409,8.719468080595359
2.2996412865253976e-14,10.71217693608104,7.703243947121489
86.85026335410883,15.8302707107497,8.543589707293146
208.5780929425597,15.140669894883974,7.386607080313034
266.1358519469978,18.592603985002103,8.283098567890578
309.3750115734234,19.438131188624578,11.113831917399136
347.66046892935105,24.051604562798467,8.72688372805791
338.0821093125472,21.808214213472542,9.921197897918587
396.8538336388723,25.70639783543341,10.10607537756619
391.08605601013755,24.50942251431783,10.269490458026386
267.24338308737566,23.955723645945955,10.884062898995658
204.4376147026307,23.894842409327826,10.10343441913536
109.47810625976018,22.817406712269246,8.922388131100162
2.561828105165766e-14,19.903733791223882,11.057378997999898
0.0,18.665130899076853,10.479460236010038
0.0,15.833516444800098,9.677571414830203
0.0,12.999757920679581,7.473147031744925
0.0,13.338777648093533,8.017439305569786
0.0,9.948552910653634,7.711748538972323
0.0,11.676021232864095,8.38696061333013
0.0,2.3881346451585213,9.109955403500123
0.0,6.9043281391049796,7.904448370519281
0.0,4.561924328950476,7.404317008284048
0.0,10.301421482783569,6.390616873588781
0.0,9.846119865153739,5.833092922028758
2.647046449839576e-14,12.849395722781406,5.915471063212675
104.10413032924782,11.681474411916277,6.4996049405814755
189.637930558903,14.068298775276581,7.752620736645193
274.82142468039297,17.855877556274265,9.28379133719506
290.7593611104273,19.098111400954497,9.727249953042108
433.3946564404314,20.48817262662667,9.31092058627956
345.0264929263586,26.75016038220737,10.809538940128462
405.3110220688896,21.729758079424926,9.39968563307181
276.68387330042003,23.233479670781875,9.908878764527069
237.61792600494158,21.675635072122514,10.325988050354951
206.12539585593385,20.78094602501332,10.247548228940147
103.03640025262843,17.2262711118848,10.184176229440144
2.7784023831534864e-14,17.11259689229491,9.793634767165564
0.0,21.294105637878193,8.26059558368385
0.0,16.1207705628231,8.135684396694383
0.0,14.08440261868593,8.305961531117113
0.0,11.736615484938978,8.097227979776529
0.0,9.292519676615964,7.131041020365233
0.0,13.581267317279519,7.043093520328018
0.0,7.69474506517843,6.331931811950065
0.0,8.565647073705799,6.835861958546251
0.0,10.441028010717716,7.001754658757216
0.0,8.2312476427531,5.509730222610858
0.0,11.937569819131456,6.261041073806266
2.551511842547984e-14,10.314911965078092,6.9472838284224405
86.87508563283657,14.479550659945257,6.465693690220669
172.5383734627548,20.709963621324405,7.433931287864068
248.00105305363093,16.10156354482736,8.508500687111384
294.1303723927378,20.176412083000564,11.2737197389806
417.13007361232076,23.03524133052708,9.329683036659446
378.6859399640211,20.977559037747177,10.304148102277596
402.19178984633226,20.724518296418015,10.439403368873016
372.38393403179725,26.94401827969999,9.866546545609545
232.6460823872165,23.111345700610357,10.721044068377848
215.81077432349514,22.89214905615319,9.17192613798031
101.09421259672227,20.817979856522246,8.979913222114568
2.24600720886471e-14,17.601598474653017,9.551484427219775
0.0,14.475969523754834,8.859291650526748
0.0,14.873369827794292,9.522918947944287
0.0,12.260304276100095,7.406357753327624
0.0,11.660688917848262,8.589516007318913
0.0,10.570358472431748,7.078315580801251
0.0,7.280707326072074,7.724559236662946
0.0,7.709799263793678,6.875890433628086
0.0,7.833608931295315,7.4053848244247344
0.0,8.103405604928325,6.80169404392804
0.0,10.041369169204723,7.42289932938731
0.0,12.206827912587439,6.289475064144227
2.5539689618264907e-14,12.25967797679754,7.89025376182509
100.24067788551234,14.950434954740546,7.514743517614326
179.39672423452598,16.87110510876861,7.552205913098387
226.67733079020064,15.138927198876729,8.812550457033401
362.8952554064808,17.26368255279948,9.353516571040668
396.08817327081664,23.666555541029894,9.760441057073264
408.4790954346475,17.39244555678365,9.516804636600671
319.22375877780865,23.432443840576124,8.838433694163218
332.625529892268,26.848073446242093,10.65624466488796
305.5536988646525,22.688049152355724,8.829276513832548
221.25338109836477,23.279013800893978,9.620386338187954
83.71857070276272,22.04570484333865,9.105866738904016
2.5804216400354958e-14,19.21865913518232,8.641325626497773
0.0,13.855302945904189,8.667780947642754
0.0,13.810166559469724,9.991952323428418
0.0,15.902119366781744,9.075846458361388
0.0,12.769291683593998,8.337223594902403
0.0,12.240741165408046,7.262331852454044
0.0,10.47466108222359,7.433332077415955
0.0,11.759884000238728,6.600840811795566
0.0,5.983502604002451,5.646063331571886
0.0,10.286207016081237,9.953095449506943
0.0,6.591794808937291,6.3421881223837575
0.0,8.062869960967966,7.4350083785078125
2.5367912255050466e-14,8.27665945801207,7.286547159356154
92.83463449544064,13.03070314403124,7.397275311159986
179.32525472509008,15.942803829510309,8.870779557299945
226.02522690902464,17.578344005182256,10.511016963891148
317.7234506624207,18.708014024077585,10.219619526501626
403.0552351823453,20.374993478877414,9.194944743846781
422.20734738277383,19.63685612317675,9.175205385943222
420.25646398296584,23.67399454540022,10.174182906237629
312.44714701630767,24.282909145387418,10.268979658499296
242.33907603509954,23.071597910423545,10.838284562524393
212.85681927800726,19.221886577192457,8.480633361973991
92.85288294973778,20.832341410199295,11.46730581733227
2.579763689353241e-14,19.979432036693254,8.753354076995118
0.0,16.279479854586228,9.198159487202503
0.0,14.362299880688791,7.4746819097631825
0.0,14.618851531062532,7.821189833250194
0.0,8.87238107932763,7.8933345182365215
0.0,10.027717376617163,8.42967069223888
0.0,10.207634237405687,8.452561754141868
0.0,7.615769653857755,6.887501901581536
0.0,8.540122454696728,6.18357390596911
0.0,8.332877911395002,5.415844671074923
0.0,7.027221746722057,6.701549788851579
0.0,11.020664846551368,7.237155501242083
2.2935363637435908e-14,8.389658630931443,9.392865378785716
85.56324039166667,12.196260116438097,8.33990427102194
204.337359345253,16.933414524612925,8.706976737726185
239.71858319832378,18.899714065213676,9.220845980004675
270.61890488709,19.27504268924108,7.642076840066398
308.3760660293238,22.9201150726837,8.992986389327385
419.00086414913324,23.40463791657225,9.960026286558302
381.67170130154614,21.062057853743607,9.467665737539344
347.88411890703765,24.654748218081117,10.09700022077273
290.26916555844974,25.29858189744868,9.543175080195414
186.96739578308427,22.61337445651487,10.583758060104417
110.45259372294908,19.020159639918777,10.082131587126817
2.2002917313089357e-14,23.90316698296735,8.450670843420369
0.0,22.267510178834215,10.81407890998214
0.0,14.606679957848986,10.426485384229036
0.0,8.862064919350733,9.149391958573194
0.0,11.973145903577837,7.055233141405633
0.0,7.038364450977086,8.32103854979056
0.0,6.389063654114432,6.802212158001047
0.0,5.484725477210866,7.042598001595086
0.0,2.8215918776580993,9.565972954662522
0.0,7.0948652522101465,7.032895132446081
0.0,6.058879716264176,5.938206758734084
0.0,9.70761385112316,7.910767802680368
2.3830321578424238e-14,8.609931076399718,8.769031413126445
106.32290135622065,12.926366041647114,6.8070139460052665
204.69024219815267,17.728808717902304,7.72675041362496
278.84067741822724,16.66846164250297,10.523835417072263
350.6610538518476,18.02810069459947,7.767851316282626
323.4795674635474,21.418809666936085,8.707749598062284
393.0299552168677,22.81679386663484,9.49499398822336
383.3859032605043,23.405872499301925,11.39958911349454
345.7687622322893,18.261592936325503,9.1192751630702
272.43840494478223,20.27980801698889,9.355341063181603
161.36550597873892,21.25512392304365,9.901172577078082
97.03669984395498,19.184803491229435,9.596375167596609
2.4510095005594475e-14,16.655872955184215,9.61052885042602
0.0,16.774304111142893,8.267257993030208
0.0,14.80883355371014,9.797995024343226
0.0,12.831801228742234,10.358631571168903
0.0,12.461121220717393,8.31873597753322
0.0,8.929328638503197,6.967813153120938
0.0,6.8192753629058505,6.593222690464864
0.0,6.116706302775185,6.781879426769333
0.0,7.124030370410578,7.56646082928795
0.0,9.234460107666566,7.255139268281686
0.0,8.13236416056621,6.13017680940433
0.0,9.4532201967663,8.306926716433953
2.337888790090247e-14,9.35886047036369,6.425325206346915
86.25131540624996,13.008886152652336,6.811201470928505
199.36829363464972,15.369196406329586,9.211807889308261
273.4900488410291,16.435664527217376,7.850970710743633
290.97783118772077,16.812886272041048,9.713700192785382
324.35759085604724,22.49025030788705,8.059327019196886
378.20608123741084,20.29693790621047,9.631957210347483
397.16218543280394,22.515008113748742,10.694676224583134
355.97331555974955,22.934515608433223,9.837066591171247
264.6742774691741,23.785929383473963,9.438068086213542
206.8848242903942,20.365790382726274,9.267572878847622
79.03169656778633,19.204499677636406,9.12990885669353
2.4429366001026637e-14,16.37837832707852,9.507473563535235
0.0,16.635727456124265,8.124502947158431
0.0,13.43289540358524,9.894345724796073
0.0,10.673694370002552,7.288240944809523
0.0,12.092089280335065,10.023571328357486
0.0,9.826189114008358,7.264811359722155
0.0,5.4917691081089774,6.645586132358728
0.0,5.39353995748365,6.489472043264456
0.0,6.2855975186221755,6.3345140407649945
0.0,5.2200413832961265,6.970638443440322
0.0,8.557929731908953,7.5824210140551225
0.0,7.421463676587476,7.573662859092393
2.161311447783052e-14,10.901918683247107,7.207249055025592
100.15958443259007,10.524978164264434,6.675219894209666
158.81630274057588,13.591818968457291,8.972127002752293
224.15100751439874,16.348376515367246,8.470944112481181
341.0329959612428,18.22678137430539,8.996866175777075
308.6387552296889,22.134858752773216,9.066890449730312
389.85723865300974,22.442894249755497,8.76581033474851
381.9619931921836,21.727926925389717,9.999607434325439
348.98613730832557,24.697996465656814,8.98715935479494
220.0102927637311,21.71819437946912,9.102677609854437
186.07349895099696,22.656113459853145,8.851312321352639
86.61654804042264,20.616287614466568,10.036121545380274
2.1089695253390147e-14,19.623305489253966,9.929057255572673
0.0,15.972008075252667,9.063567995763236
0.0,15.603423939443012,9.658156699482761
0.0,11.417313525004326,8.461796904344329
0.0,9.302833784482228,8.32017550663566
0.0,10.143242625648258,7.265959134054178
0.0,8.0495165015437,8.5940706016119
0.0,8.672623350169738,6.10792899795764
0.0,7.404812667654398,8.105213296463557
0.0,5.984988479719947,6.940092540321932
0.0,2.560332235519901,6.51142156898231
0.0,7.022284217602493,7.464980937895557
2.3839200324754864e-14,10.141977285897223,7.691445132445029
88.05613215161013,14.287954747125942,6.835770352268442
206.80156129956913,13.320214868125777,10.197545029549739
294.71986097444017,16.953777988847275,9.543429759134671
342.21813352425414,16.445383489355397,9.006734118247726
324.7847930372517,17.53308959024158,10.20806991161065
318.49693659636307,22.44705544955001,8.98367946258711
384.9344491750508,21.571074176470724,9.893473093070757
297.49141974134716,19.032474912257086,10.601242456307816
228.77978696561874,20.888396445754385,11.230540887207557
206.68888188775125,21.939240331397418,9.998343991941598
87.55393444138336,19.59232618681632,9.471510773868436
2.585577190925227e-14,17.615001747740443,12.519442339569082
0.0,16.69056392398686,9.934543256362375
0.0,11.69128041276256,9.48481888498242
0.0,11.632126568222173,8.30522492447923
0.0,8.831504116437541,7.9366927535694
0.0,8.1367634559563,9.781623267097943
0.0,7.71424055259713,8.252638164408893
0.0,5.214057686796629,6.893890279883381
0.0,9.782020405378116,8.276656027455903
0.0,1.934793348810028,6.275646591888763
0.0,5.413368701870463,8.200729883975207
0.0,7.56063113815689,8.063577823285351
1.969058760615031e-14,10.200338611488997,7.908449116055848
85.40594267422347,11.24247473827899,9.425699640923291
151.00966428606452,17.604935286735177,7.320219327590054
256.8855811976784,15.143734015007656,7.600142359998949
292.86150003132246,17.44230274173747,8.828580605442324
386.9087271515919,19.37217372159853,8.822899917711071
352.56919164206454,17.77273098681667,9.017355501177372
338.3064362739984,23.897624481884417,10.913998697461677
358.3911911341862,22.168945003500475,10.53401235338481
298.78384788100664,24.632761668653167,9.77110320504325
186.99416040929768,23.61698368710187,10.496764974878825
98.95227518045363,16.482425146877947,12.220161931330413
2.0833840450269304e-14,18.52047771966821,9.16234394571574
0.0,19.9184847356382,9.951060833165402
0.0,15.131799136678021,8.999827280484505
0.0,13.07321965419963,9.74313786931616
0.0,10.025682435016083,8.464025262893228
0.0,7.197302395906443,6.958384429815894
0.0,9.050175929624986,6.474785496676159
0.0,3.778553029316961,8.73360766313423
0.0,10.020356215323776,8.394370043303303
0.0,8.06396548101354,7.243555336208951
0.0,7.281918783775268,5.939076919514491
0.0,6.832842225098967,5.985584726695656
2.1837706179462235e-14,12.792504320946009,6.670498356945399
93.5530509142339,9.699824489411636,7.740157882594957
205.99778324548913,11.221600540837887,8.845150380806066
291.54095485465893,12.156965294163042,10.500976842236746
259.0773004655583,17.34727676117325,9.144337284066093
320.1759281792169,20.134803175988036,9.584206998102452
393.8195114603357,20.796506760955133,8.59988735336281
310.2342159517793,23.85607972202097,9.470191199968848
342.8704126698582,19.024726544495284,11.126765193278024
215.26935724291533,28.63524418938866,10.36253913243011
173.11705849365404,19.81212279907258,12.743441115375969
92.46650330882639,17.294183929126884,11.5213464308367
2.103802932997189e-14,17.499029474308433,9.558331025322602
0.0,17.002855348298496,8.858795282167348
0.0,10.327538693875828,10.909397486369079
0.0,10.267650177152962,8.36440848799448
0.0,11.274304857641571,10.220203580824515
0.0,7.921795623906852,7.946211183128868
0.0,12.137183144306231,7.433164889389556
0.0,5.170026531846182,7.96765142504689
0.0,4.4015766288736335,7.827625866098417
0.0,6.845294061855125,7.744559987207717
0.0,7.873129497945063,7.141950223869415
0.0,7.871117516624476,6.140466754881613
2.2457485814947817e-14,11.145075595628128,8.219438448730077
103.51792108171276,11.857868621810686,9.70588299599698
181.50725295498842,12.208941070168603,7.982256176036475
278.9716745715098,15.504778051313759,7.538795915216303
343.01395081362114,19.604218035066157,7.979548373712271
397.60321398381865,20.430388674409294,8.026588025831197
344.48875695489096,23.821757420665428,9.306344253116139
308.7992014624694,20.18313002196544,9.499144129374045
289.48229231957197,19.17531515027851,9.98913133395559
248.52379892880157,21.061186871302294,9.113037896876428
166.85014188772,20.5267294850265,9.890114205392974
107.40294823532109,20.80904417220892,11.81473170876263
2.0155561170114942e-14,18.227223642794925,8.946670594926516
0.0,14.383165972755606,8.374767691333071
0.0,14.638091989764936,9.747403720390931
0.0,12.090257506457714,9.343682372602764
0.0,7.611967210199966,7.905715231122996
0.0,4.97683354820008,7.914281776842812
0.0,6.085395864118144,9.439058151657896
0.0,9.365574992528966,7.735762242159544
0.0,3.94942421252849,8.467373139332233
0.0,6.682221721428155,7.208531384811206
0.0,7.440956650748616,6.2170630029007565
0.0,7.831673828647449,8.86743891122444
2.0506941704562873e-14,12.498854738353293,9.562766022152406
95.52310889120145,10.867320831799724,8.587881156371278
198.389380119512,14.245452436787005,8.046738011618116
241.16375732010042,17.532307778524267,10.507887795963796
274.9152159275143,19.13273011341244,8.462167063128145
394.31434400799486,20.449498677132823,10.063667482890777
295.9692704367763,18.714664029153216,10.466569404005558
383.8780460718322,17.107115600896808,9.442498516987294
264.69427622605525,25.008722374377353,11.461771462728064
255.0385085244644,25.96524148862683,11.77982377015878
193.84870268364213,20.45950081672917,9.500157222946488
81.74587170634561,23.936516994898753,10.076014732395485
2.541063368314282e-14,15.166397038060389,8.623668466430779
0.0,19.99904074036035,11.225408727918142
0.0,17.394531369021877,8.332151554373665
0.0,10.10950254296673,10.217751465108552
0.0,12.381284947560323,9.618097967415455
0.0,12.1159513119213,8.344604694534357
0.0,5.51276518389947,6.268180249488325
0.0,4.587785479841665,7.782126917093483
0.0,0.8552815276298498,8.261529455407976
0.0,4.810519363223088,6.790008336188407
0.0,5.081576142819903,6.949337914575984
0.0,10.739084332362282,7.070446216091912
2.033275778006141e-14,10.001686523843194,9.757175750660124
105.8372593191671,14.340044732344603,7.496565802919667
189.38468442611304,17.888010589907125,9.277551248073042
210.53676606485197,11.391179129341822,9.310344947685975
277.2241707180835,15.016611981229005,9.385090040681604
333.8977624001477,18.39401845846442,9.981510888345332
348.4922502748085,18.624894661129666,10.130142857131208
346.1693521962176,19.813550772408576,10.544802367985998
298.1479098851496,21.617805788567797,10.989230929474944
231.0168346379465,24.264209650268082,10.494184634237772
197.7136489739416,20.74205002022967,12.592588797735507
79.5551037755015,19.713454087667895,10.848176163964277
1.9085376355582593e-14,18.621170899698104,8.797800948742857
0.0,12.312907301174446,10.628766433484742
0.0,11.939170513444815,9.099735071001536
0.0,11.184173885834072,9.590215391120935
0.0,12.668441238080387,8.314921268535992
0.0,7.522796378652258,8.025548936921261
0.0,3.6285433676842436,7.997343478571962
0.0,6.392829031675939,7.010117184320315
0.0,3.1594355567385493,6.498946110508189
0.0,5.682697325742689,7.072260678381401
0.0,6.525009533266562,6.257405414970405
0.0,10.397003237603093,8.993706363127117
1.8267687059745552e-14,8.164422054086687,7.321143872249651
94.24867689652697,8.902742800873924,6.526997838856973
192.54779367498563,14.711026607838672,8.756576466111895
230.73511982496223,13.569326456931512,7.860893467914559
308.42149278195836,22.934376937496197,10.324611611727562
399.7632036119464,16.460499662129518,11.225031020474237
325.3270321405826,22.805601081684326,10.738948295527251
286.2794915417251,21.20459954450391,9.09308662141155
350.7594158219884,21.57681291039514,10.996838412175734
211.1962282969151,20.635802445710695,10.060211673886993
188.18377538046218,20.911014264108026,10.996175656517833
93.37454081601237,18.587312493811265,10.083398904355576
1.9254296075710247e-14,17.05767797112308,8.940808332741211
0.0,15.97955793048648,8.977541646404262
0.0,11.933690150834178,8.888050096679303
0.0,10.292082027255928,7.65340275708097
0.0,10.8917544094691,10.188749990940217
0.0,7.622028949796684,7.228142197617964
0.0,7.068411402967908,8.859647624546891
0.0,2.9576112053553594,8.312604417360074
0.0,0.9593121008430812,6.854531426050832
0.0,4.780702225585171,9.49140989899398
0.0,3.5564029852359993,7.324786505839357
0.0,8.127724785981211,7.0493675451191615
1.8538916764246983e-14,10.465827992887826,8.39583105377026
85.79302647269698,11.525849877341123,7.860479471349777
161.44987665293675,13.813087748948238,10.298937425406052
270.3892847842861,15.151861122730244,8.048680549378341
322.0182257785998,16.855972097522233,8.304063697644184
367.98239025132966,17.753571358881715,9.938498568275435
363.9627117608495,20.376777326268854,9.157124676478693
364.3071302028368,22.784006560352303,11.240645416898946
296.5381750389727,20.511918883586436,9.490422825145274
231.37205123799683,23.315600343760423,9.399729990338829
189.62778495914122,21.32233649950078,12.031585801363814
87.61713987262281,17.591888887613745,9.389934778509915
2.335047789894153e-14,17.80640980254608,10.318645385465395
0.0,14.799890086206535,8.777278854187132
0.0,14.43250240362906,8.256284019440523
0.0,12.736173292734868,9.0636644880521
0.0,10.822289868729976,7.436869757137539
0.0,5.690332533419923,7.433432111828484
0.0,3.617798504247133,7.134044471271928
0.0,2.6270548349277507,8.45353460390391
0.0,6.4410565051149655,6.347836628912842
0.0,5.394227082661142,7.202795169103437
0.0,8.97308679059963,6.784089195509755
0.0,7.741354048187257,7.013376214895812
2.10393591896229e-14,8.516536403603906,7.586189898151146
84.72780879376708,14.756721675532823,8.109277294813074
170.6309729692406,18.299310062802917,9.486416171008532
243.6066018952856,11.706345768271456,8.212880920648544
265.76966278741156,19.049162124347863,9.643634950704516
342.9918782226828,19.862680642825527,10.353234164945837
316.05166071494983,17.43151497877642,8.982011377364742
280.2647907856382,19.39652104420645,12.01498578163386
269.14756402909904,23.452765261200383,10.532011137129237
260.657936612916,21.36094667649785,11.3007713693608
169.2604198119593,19.775107126355184,9.780431182665518
86.48903328821882,19.90882086960463,10.766838754947978
1.881080642993832e-14,21.667526256306083,10.474242166027448
0.0,13.468348026106572,9.511349252189
0.0,13.787767221044898,10.216553754684439
0.0,8.170128121500627,8.233727420953823
0.0,9.319031941744537,7.991647514305718
0.0,8.031827422496512,7.963702926311367
0.0,8.516836119425555,7.185846160863426
0.0,4.3947197297744065,6.638003731865051
0.0,3.142511457410005,8.508024152570872
0.0,5.897908965507426,7.064370742012626
0.0,4.316093412671986,7.523712183422864
0.0,6.9843867852461905,7.274509591655497
1.9260967076031772e-14,11.497688284456796,6.988851930101549
102.12002758967242,10.02264357600849,8.528346102852629
186.18860947150907,13.680417596801885,7.200419166482712
216.40575297112986,15.068151397947307,9.334861943550724
304.38399111791085,16.206216384073592,9.478104288940308
306.87902392506976,18.10078077274714,10.98905269989002
320.679307716576,18.75699788246403,10.264166761723843
348.3065332932544,21.921043233185006,10.566760606757244
249.73207594711081,16.188317931393946,10.020893637644372
282.81722547040573,20.521838649187064,9.566329339716725
163.1319889796355,23.600961611181294,11.049518376549132
81.02198464864797,16.31369962994571,10.073047149180482
2.245028876486859e-14,12.914615272493524,12.246501011345641
0.0,12.011736358315229,10.016669586184621
0.0,13.660424173448975,8.880163776051972
0.0,11.16352483209461,9.555991694421103
0.0,9.789083634630959,8.953501972462211
0.0,4.6941167746034385,8.339801413235374
0.0,8.089582342485743,9.116550181967819
0.0,6.295305208276665,8.632104356249174
0.0,1.9722972676866095,7.8286558857576924
0.0,4.626748552498176,6.277958112633295
0.0,6.233714554573665,8.740028105983207
0.0,8.260969157305405,7.2279929994350836
1.9944784774244923e-14,7.983821845483587,8.480577988743068
100.82161942542012,13.182461811565265,10.154278093048262
147.09421672863564,15.401506932585718,8.565557080712644
223.79758714834958,14.883442889026721,9.015008505061072
299.3940974936552,18.219311921462396,9.348998803468673
379.8029152624656,17.783162243579863,10.629094027120797
377.8816809703222,23.90368528557337,10.92136323754561
390.6613316125394,20.212706259036253,10.50214345249922
301.763655671011,19.49463985299603,11.16042145593266
281.36788164971057,20.784171656282325,8.963590604465598
174.10083625952964,21.908308833259063,9.905265066979862
98.20069845447337,15.393324001421332,10.192534457729577
2.0519822656565477e-14,14.907493757467108,9.980661864829395
0.0,11.7678917279205,10.885351632362674
0.0,13.431953265318269,9.580612808366617
0.0,7.826486993517852,9.073574777687233
0.0,7.202438524713582,8.169575301545343
0.0,4.094465729466738,10.018979949839043
0.0,7.410740467503123,8.483901701430083
0.0,5.866395072463547,6.820054759868909
0.0,2.5966747443438103,7.587550743179441
0.0,9.606438759683023,7.843278773871512
0.0,2.833601084649187,8.396562073094003
0.0,4.16230475378197,9.360523631780183
2.449461768421544e-14,5.790624871315467,9.73776639404579
75.63512629511338,12.8401031213707,8.970750898286013
203.0514207353094,12.867804191553576,10.68767408076507
276.60547123714724,15.68059630903509,7.700871383355323
252.63483684966013,17.290543387232887,9.025903450670047
278.62763037742747,20.200492651317788,9.318414290829297
349.45512010577744,21.250208536175656,10.159951186734688
308.8032325868567,22.380481360049643,10.06147033029447
294.67820637633355,22.774085967110885,9.125477528152231
203.72643579615607,17.0173327174548,10.324086100349868
190.84621972627923,18.515984894695535,9.613470947723718
93.49503031835789,16.318231643401806,8.902484688441366
2.232514366873178e-14,16.739429774121145,9.227761712943517
0.0,17.534621932318533,10.264333953113804
0.0,12.72777164786598,9.444219296095381
0.0,12.967957594432205,11.128340010652462
0.0,7.696397420856787,8.691656682172644
0.0,4.823462239418986,8.10122280049619
0.0,3.9727122738281837,9.476995248184586
0.0,4.3470396585001305,7.901345748986057
0.0,4.285836992282304,7.637543606067787
0.0,1.9161637741039712,10.11485009258352
0.0,6.090969362181694,7.889773449388473
0.0,7.871566415167057,6.889197900337333
2.0776399873768714e-14,9.884323366633907,7.100070205619041
79.28414870250954,10.147615268852501,7.879012315699754
152.83942842794545,12.945248565074204,8.777349169758347
216.2124676210301,10.665743032024317,10.079666566369543
262.12976527898945,16.753490372638826,9.416609466009046
287.2838701948834,14.476213562450637,8.97150025423742
380.1483370734759,18.066833283597855,10.928726419313124
365.6907725130831,21.725661283534098,12.738971972376124
316.6614301563222,26.664580322080965,12.180747914418106
265.2773893067248,20.56807899409652,10.112486710373867
201.2792808347026,20.244743592186484,9.148190843470383
96.61151848719602,18.74586836434395,10.537911937969252
1.9720661778529804e-14,19.029918131765786,10.105250480387186
0.0,16.79331090528223,8.798851972970413
0.0,13.21694434669041,9.625717135622235
0.0,8.879477166864323,9.154021264233974
0.0,7.973820874865912,8.109656549276128
0.0,13.325777045974196,8.745384366196786
0.0,7.312284326558377,6.720909667510996
0.0,2.736701637287899,8.436081531764756
0.0,3.0639172368301306,9.917714438554622
0.0,0.6526006997626164,7.948182154332729
0.0,7.734912135563684,8.890990824643735
0.0,5.154644413548358,8.132385548651818
2.4045316909263792e-14,9.148819596754382,8.868458425672953
77.27205886929202,10.089348843015975,9.091475060783923
195.13878467457045,11.066522955124459,10.070199866588743
282.67666971488643,11.507690535289186,10.295894622339882
306.52815622098416,13.580226739575401,8.070854765949147
359.7789631559202,15.190529555289778,8.462598295296324
286.0565997798765,19.03904520784852,8.790761431586246
291.1087851194471,17.563812985220952,10.09534345135853
280.9407736882316,19.43715160352945,9.480997577683068
239.32207580660224,20.619628509113905,10.891902806488314
161.85179217316156,19.692632154653264,10.490772091990344
96.7595676376326,16.823770811833242,10.32148415421204
2.3253489720598454e-14,17.664424637607308,9.585037367996888
0.0,16.17382313818984,9.354293211358742
0.0,9.989721701558878,9.232360638042744
0.0,10.631942637841616,8.546659914349574
0.0,7.103370765032958,8.980541916272948
0.0,5.914820335746614,8.551350759503528
0.0,4.232112288572259,8.79944519287939
0.0,2.737739700432432,8.256722173788363
0.0,1.4664135610149023,7.21792282434561
0.0,4.612744487123601,7.3926372158893
0.0,2.240340295365887,7.217318883067316
0.0,6.775766185003534,9.538077224067893
2.3517999076953382e-14,9.413406573596953,9.411888661091764
92.06950476112145,7.733514719810507,8.452180986626502
168.5699091451201,11.574430862085629,9.355794611399983
267.7188741743488,14.433058502690935,9.888751491433649
273.8298341697099,16.950310205184188,10.15431955559545
316.0017484035798,15.298067917326504,9.172321450306788
371.87844168644943,17.625166202296374,9.265809458200684
355.73095763331753,22.07458209103585,9.773898797907144
345.1910790258999,22.15013267810853,11.11819073772478
270.1568642332739,19.478183975236643,10.616260540857951
175.2562543106086,23.548939670614644,10.655868640174285
75.3667225836608,15.688989087524504,9.10212676798384
2.3443057642575647e-14,17.93283953987443,10.363996290846822
0.0,11.97541672382752,8.752403124598647
0.0,15.004325278938666,10.164703347299689
0.0,7.540489846305921,8.87676375839712
0.0,9.385371884914544,8.16484441037391
0.0,8.781823369930624,8.002319339925158
0.0,5.23756515674496,9.610078254917534
0.0,4.212700392366096,7.008775000814479
0.0,4.731423583688746,6.688930251462055
0.0,3.044612347277634,6.99880733007757
0.0,4.520532279410796,8.289204631435899
0.0,7.864072408138984,8.484168187600334
2.3943887086119084e-14,7.201883899826474,6.93038311302329
90.64374783010915,8.18760567879067,8.643384462272882
186.14826933524134,12.757646996552651,8.061136105925002
281.61327564993803,14.898258786624378,8.302745004592557
311.87688208447634,16.202980820220002,9.714159349667344
380.77997080459085,17.833771979764176,10.953609931447652
320.4964905205929,20.70450793129507,9.782726954090906
308.1502812194427,19.21337585073578,10.536207550608681
246.21224156129233,18.641943642458607,11.457168131261929
206.40975057390617,20.035925240311858,10.151795284193144
200.75017174815548,17.766063122079824,9.1867218301416
87.44124879294318,19.541204846121154,10.778552867130196
2.026243544792078e-14,12.634025996616845,8.834859065746947
0.0,13.305057735388985,8.709799456847556
0.0,8.29903272661355,8.99729526321686
0.0,8.843279958186784,10.148063512231769
0.0,6.934984217194742,10.594836051981751
0.0,7.572633880785493,8.844085385081815
0.0,3.0813649576933546,8.802853314141904
0.0,6.306280536949149,8.225122681013834
0.0,3.3375722829845875,7.504632925935036
0.0,4.186671468499209,8.941841638478119
0.0,2.7824747558906324,6.522602270181032
0.0,8.569610002633965,7.875931280770878
2.0959018926363072e-14,6.763684908904011,6.931071744305895
80.03022584903506,5.679095789018527,8.395020051608133
145.77850407295153,13.746592919254308,7.882072285418602
261.1648914246733,12.932482647736608,9.878835459870405
301.46207419889663,20.284401409970528,10.192216169039273
322.7666490716339,17.188404850817008,9.950355548185813
384.1944120508468,20.48429971969096,11.476790063366053
325.12748969854374,19.912972415158592,13.658187719472021
343.3465686623656,17.302510006118865,11.056275259979074
275.1288779307409,21.137949631759792,10.71158528736587
195.32649225503746,15.608957156730195,9.84470975183036
80.42757647205114,18.659354903047827,10.457976802881118
1.7453685675786145e-14,13.909707280678253,9.499500886359735
0.0,15.372620155296257,8.522677365129885
0.0,14.866864939967666,10.517443820213288
0.0,10.114422137513854,8.991944431056229
0.0,9.886573459009929,8.546259325884105
0.0,2.2407657308643696,7.836755695620157
0.0,8.111091971950604,7.469931909734302
0.0,3.28046210076322,9.62162720161338
0.0,1.2218704828483165,7.145334009594774
0.0,1.8974516765154106,7.8134091588011705
0.0,8.65234503834475,6.855676591434508
0.0,4.973297239381027,10.168201583476574
2.3953887535501327e-14,9.206150374394864,8.307045389934034
78.24794628284074,9.936451025554653,8.62312516394321
147.20272197406575,13.977534983689722,8.63889165843205
276.745683525899,12.602463367162638,8.53212431241698
344.46777673660534,17.157472343030197,9.2534315960985
310.08250189797394,18.263741558515925,8.928432392746217
369.03860520449894,19.411839572656536,11.365739039287483
356.92704159659314,18.144496250531013,10.857128658548849
281.86674167775084,21.213083322185735,12.668612630215813
228.09810111589607,22.271881006398697,10.820894565765768
171.9673737611953,18.54152292357688,10.164034327245407
93.81740714965811,14.521210015921259,10.926101606547578
2.443022630730025e-14,14.841921477438772,11.979426784087952
0.0,15.983245100624568,9.883909386573988
0.0,11.679421871319512,11.520881296058779
0.0,11.319304739457909,10.602548568587695
0.0,5.937405289669204,8.221370466594369
0.0,5.654460441772008,8.302547979180098
0.0,5.12187270867633,9.450286146760718
0.0,4.262150642843367,6.986024672578533
0.0,2.1910024287224497,7.024831483187315
0.0,7.253777782668551,8.772082690401476
0.0,3.294036569914277,8.930867264277676
0.0,5.959584959754751,8.744540723405201
1.855459319872058e-14,7.03497735871215,7.686976070206515
76.25567742396429,13.3349004701578,8.89651128572697
167.41711861298165,12.82320481773407,9.754913513178249
239.47543691348295,11.551378996852431,9.884782711248304
301.1360348245799,21.18954745864753,10.931911833239587
376.35224974463085,21.508065751453206,10.715464509822473
295.5125547254695,21.067179255558333,11.02512079694135
339.0355414145766,20.018555127448398,11.04448458746721
307.19606834670293,21.828212496904804,9.872019271788593
265.17305450072274,21.47768235724866,10.139981078314108
180.94761345707587,16.34690985463195,9.646408861788169
99.07304021164249,17.40511203023204,9.436936147648872
1.785712215516087e-14,13.96325228521669,11.517754162770078
0.0,16.89199288513132,9.975593845443347
0.0,12.684886852980526,9.586161031332592
0.0,6.641524995735137,9.109700832392814
0.0,4.653355195429349,9.814652404351563
0.0,6.189870034731117,7.664489395092798
0.0,4.6133528281289085,8.920232292501563
0.0,3.6331260593814827,7.044424488999953
0.0,3.000662545410332,7.090529891337669
0.0,2.5480239162218377,8.964409280155142
0.0,6.080491344455586,9.104472940185074
0.0,7.4782310265774665,7.392624105328675
2.2340116131725657e-14,5.622921815758237,9.838626070290339
77.83401295677133,7.658089824119462,9.21149685268406
166.20756349914626,10.691740590106983,10.020286254507502
204.4760145892496,14.000216160694773,8.89240670507211
289.712660381248,14.59156645633578,8.663611151765457
320.0698300597579,18.54494784572768,10.10011255284216
333.5172295360402,22.13827182516117,11.511272709431802
316.433902178694,20.894620818748443,10.757533521233103
329.71101067229955,18.034975436762394,9.664993554750641
263.3014585022571,17.593723976867917,10.890850410735581
161.07415245273666,15.109049233233026,11.966189961681707
94.18680307263179,14.747124195692171,9.188546896663464
2.0744960601859606e-14,14.870372171384963,10.512777875830256
0.0,17.114342331499262,9.642969116169368
0.0,16.18173509347699,9.277461641837398
0.0,10.149655403751208,9.13336885508057
0.0,5.5276900377382105,9.110088790935519
0.0,7.074771688706177,9.09476172597527
0.0,5.144194017458862,8.896563810727626
0.0,4.1216635003422475,7.934430012111823
0.0,8.077882190158206,8.483317893747845
0.0,1.8710905344271014,7.165391251965106
0.0,5.5496660556854405,8.229913337950812
0.0,5.202793852569345,7.094814753423755
2.086119153467809e-14,5.980858989654157,7.99305953647443
76.78816904606654,8.853003435009898,8.207147964150362
140.35097339044046,8.174790545563077,9.334008705855874
200.34321619293146,15.270000062387792,9.935334958706251
246.67882973639382,13.348397506594024,9.890176246765442
317.85836443493,17.93980482215476,10.782500080671243
321.516573673767,21.254709688648678,9.678322544706091
280.7036883010281,21.271316677789603,10.315165406438545
261.4868054702418,18.4362850999084,9.609154754563528
213.13855638512283,18.827916172450514,9.747019657739235
169.63952098589394,17.356723222975244,12.7002051764589
89.91417967780869,17.73901588505884,11.041830683163168
2.0704028298634277e-14,15.790927370471074,9.89081183942247
0.0,14.675195869478236,11.963906840859911
0.0,10.736610209369278,9.644059142384274
0.0,9.805807286724265,9.495534748600965
0.0,8.452181361317743,9.660873629753311
0.0,5.2720136798949,9.820294550476827
0.0,4.1511525259348625,8.398782633049908
0.0,5.172386726128543,8.536258416696677
0.0,4.903333219224603,7.792372241809139
0.0,7.9905464234541626,8.779109432384754
0.0,7.027111509051034,8.834832243641031
0.0,7.119571105175986,7.41900779890665
2.0022517506870566e-14,10.56483437494118,9.481291071344103
85.24986867269702,9.27396736691962,10.438769186138865
162.75875990173287,10.962754479012702,9.648797799679024
214.51263607794854,11.569602301120538,9.808909260779581
290.572482069058,13.660025919312998,10.770763130756944
358.0944840802656,21.235040458504773,8.521959771736343
361.8019211634239,19.45524737591448,10.22984392700023
303.62780151596,15.822626369086436,11.50994436181003
286.57958592511625,17.895592708741386,9.65218489428062
217.3665087177123,16.82036463311255,12.101738925311302
179.0845163749157,20.148883144829508,11.121988895489343
96.4044056665744,18.515329552625495,9.341718292270812
2.1840644274329402e-14,18.402392198269123,9.169304607228415
0.0,15.033143554151573,9.943500508455045
0.0,13.682466596670501,8.70416514914354
0.0,8.32464821565136,9.798806324159248
0.0,7.427105763726347,8.944995001905566
0.0,5.613243665388087,7.235159382112209
0.0,3.981133152799635,8.622719199173678
0.0,6.3271050771488415,7.385018187482229
0.0,3.73989501245117,7.348154344109752
0.0,5.320436577444582,8.073316816216058
0.0,3.597770708383262,7.663018045994131
0.0,3.8453687122048628,8.574800971575602
2.252382059073025e-14,10.398524444991736,6.925166585273285
77.37812878899189,10.179679225673281,8.596222324408737
161.53860135635352,12.199249877750399,9.096974761751628
252.27782457394224,14.190566756633443,8.957279065452749
336.5005236969389,14.115934733434099,9.113641498632566
319.3599704230309,18.953466670340802,10.325864822888843
366.86835731341284,18.211611068336644,10.218572584106834
374.9564342194757,19.82524853229398,11.689011132908014
343.62384544228945,25.907230460219594,10.42584634524179
264.5454295317684,19.83315133004213,10.795220290708533
187.28963657661382,22.187336698350066,10.067705544501322
84.36384890948052,18.505060401758676,9.436517559403194
1.75182177710194e-14,13.795177571428269,9.588506366531975
0.0,14.254262414941813,10.06395702401055
0.0,8.319841063483231,9.220202096292368
0.0,10.934245523748748,8.573234433579543
0.0,5.253577318046552,8.662881965947474
0.0,4.488482579204254,10.102913087780383
0.0,8.755582563755954,8.423820018942681
0.0,4.152349700392969,9.029158453112972
0.0,6.032816766058822,7.659927692664393
0.0,5.29055662377295,8.17955416777169
0.0,1.7743179103001738,8.936933739353083
0.0,3.844168356806114,8.828724899424635
1.76355302814071e-14,9.403328801404044,8.239244455372198
89.36191627470997,11.728838350976925,8.192914351859875
164.07320219648543,14.102963216151778,10.32524479029057
274.28461900526895,13.050956629008594,9.283066784902767
243.76059625303623,13.919159354310521,12.303406840788853
337.7186324546047,15.193942111664558,10.890930814441631
324.0828634369058,21.230329862785453,8.79782910713099
338.1557146680871,16.599492737146885,10.12203548056956
342.3832254471765,19.586479111209407,10.077142952761019
208.06108551636123,17.532429357140586,11.382105116427438
189.70311071844355,17.2160644218217,10.843646828206024
74.78416195907076,16.563902310613784,10.4810845102987
2.2722686637235644e-14,20.758937978493,11.19728000145001
0.0,12.606331149033544,9.969191374323191
0.0,6.304799893772892,9.807308956580723
0.0,9.89256453356247,11.207071056422482
0.0,8.171010029898676,7.711749216280202
0.0,5.915524805288054,8.286127031561566
0.0,4.423099458657154,8.54053031473391
0.0,1.0617576695245572,8.391591245077807
0.0,-1.3420585839892674,6.903972333350003
0.0,1.0742244466077668,7.327755274141721
0.0,2.740839922055861,6.609036986753688
0.0,5.954324808167886,7.913182595747879
2.4109699201901333e-14,3.7620407553048585,7.773224103621366
83.27958660753877,8.870285746571545,7.587249670626579
140.21026150535587,10.398198473464916,7.593671057540039
252.42240422341862,12.543512182430971,8.295264361637877
276.227638583561,14.96848380162553,10.126977384894467
371.57169468682923,15.286892830504835,10.077160443512664
334.44391298712355,17.081715823637154,9.499732006142121
385.88799372270034,17.521821949314955,10.611170375705536
267.8673928083856,20.36911918867658,10.949343235118
263.47284861404944,19.56000066006884,10.366379739247042
187.22995223686243,17.65439301805704,10.863913224032862
102.75665803733293,13.135728616737172,10.728568629133642
2.400025185592715e-14,15.422449300632119,9.61612315621367
0.0,12.655307517864584,8.538199883071712
0.0,13.208875759374376,11.430409393629569
0.0,11.934803255455162,8.744013675940666
0.0,3.7634702841425463,11.308863387632071
0.0,4.424804683090211,8.716046467440702
0.0,5.089603738260504,7.725231088938349
0.0,5.087237719415191,8.197068047569187
0.0,4.142178046952336,9.677333284484147
0.0,3.792081320907653,9.907701382188598
0.0,4.513439040021835,7.766931106183135
0.0,7.002410871670193,7.847176813890117
2.318023851261108e-14,5.611236612596818,9.651844364646614
88.04935591474727,4.425884276590118,7.800958709778537
145.71687087465918,12.58398047367163,8.808736502317881
266.37073429349243,13.792726433805178,11.441963841824496
317.44836441829347,14.189174673507875,10.955576676647647
316.6254844168597,13.238085769290457,10.783936200801046
296.8407346758828,18.104445292331242,9.788863958071197
361.609753856239,20.378940817257835,10.198642018468279
265.04579817074466,21.95635857101171,10.542044015330475
259.83264299129945,17.796917252367166,10.697679896478771
187.63131895797844,18.07932955491533,10.542312735300964
86.32766373816834,15.71952013673509,12.494780277813119
2.451252505788291e-14,15.536657001062759,10.290816437885544
0.0,11.807671665283845,11.145757196632294
0.0,10.27534365259038,10.189718496094194
0.0,9.651988654521569,10.431741661560029
0.0,8.960061436782707,9.034913573802847
0.0,5.543946183085909,7.6189855829719075
0.0,3.9934393990419066,7.43323934028351
0.0,2.5853879559811426,6.845683451514037
0.0,1.062514424141578,7.694176204782256
0.0,3.1543397683051233,8.98894899393009
0.0,10.8755016045844,8.348446713214829
0.0,5.818723789671264,7.575120616554468
2.3803809365699983e-14,4.398840824185114,7.484312199651061
89.27714757129333,12.128428696775188,10.988212479987581
172.8176636050997,13.051336073167299,9.325452774558991
235.9049221582067,12.860558967144636,11.103529625842963
273.2383990032293,12.132399585333747,11.182932952233696
298.7192805567945,15.9449336976161,9.771037722402019
290.23013886854693,16.783112016051124,9.64007857319065
320.39848711483876,19.268738033290944,10.244875104654884
307.89146547492203,20.696420804831853,10.791044690630553
222.57404211843686,17.88333729291955,11.086266211713184
181.15378074230128,19.99338537755455,10.090334649102221
82.1460598547495,14.825239622628159,9.298199247999413
1.9629149434345495e-14,15.743070760171765,10.876423498284241
0.0,14.237875758773976,10.526625280195193
0.0,12.329666556087032,10.31650303990795
0.0,8.636826066892976,9.52640776423853
0.0,5.271100586771193,10.568815732295231
0.0,3.7108725414182766,7.784672866991269
0.0,2.564609057804125,7.882521939935537
0.0,3.025119895059363,8.804379867174779
0.0,3.291085404664753,8.919539725814879
0.0,7.921208100824719,8.488422516845539
0.0,1.1613212096878365,7.552561255221939
0.0,8.315311472952724,8.821196225992615
1.7201523739404175e-14,6.859634006822145,8.718620597120271
77.77736739563652,10.136587115748307,8.629339136985188
198.40496207155394,15.54456834780764,12.621197939398176
218.43331144827624,14.48110322220808,11.066325846878078
316.56423151875475,15.995396409776152,9.265466728305526
382.08446544672967,17.92939837370616,8.87570485974917
334.1260183662503,17.673973658789627,10.944299282058154
320.74177678832524,17.368301489303242,11.512527223599271
297.1488073470998,20.649097208907364,12.133271478966595
267.99315858486574,19.25141279824038,10.455765616875468
174.66119313018612,20.78132876555704,12.010771262847513
81.26402825428193,18.95649894985766,10.161655450963517
2.171707195226717e-14,17.460033687595395,11.072774053873832
0.0,11.44275346089779,10.971563061944074
0.0,8.709059005947505,8.623876078345337
0.0,10.522923007779559,9.389744398369553
0.0,5.732453351437315,9.95275717860116
0.0,3.371698491046505,8.380482046643035
0.0,-0.444097695118276,11.767777589171809
0.0,2.9666733373148855,7.651449283682627
0.0,2.2751078623813594,8.731487765456187
0.0,4.542805653254916,7.9262768252269336
0.0,4.840720567317035,9.623378473086253
0.0,2.866802643598441,7.175545006427709
1.8624597906971592e-14,7.202464061642543,8.130978269827624
74.90525545285209,8.89163073158743,8.518180604378593
166.01011329854848,8.886189927696368,9.415538085229336
260.9821720167302,10.007269543976737,8.45134550465687
318.3959555747414,13.135417546048558,9.559238022079207
332.79178903707975,17.865888289117272,9.328471136654297
296.9216382283172,16.643312183113345,9.26285755974475
326.5349936337247,18.92827864865664,11.240653124052486
272.8186872458824,18.8258482189282,10.57402783969869
205.09912837489634,18.717258486687754,11.192308587259255
147.50324683777708,21.630150454282063,10.90992173617378
93.54337891853046,14.538397764578548,9.812162420566374
2.2905788731915815e-14,16.283005224877513,10.30789614130423
0.0,11.894165778720064,9.47636922334168
0.0,14.805458643100858,9.7330157409403
0.0,7.963326969408941,9.401553303113575
0.0,6.7007105839994185,8.001320734449964
0.0,4.140854466039629,8.895953542159505
0.0,2.215776026103481,9.666302970226782
0.0,5.737016053128693,7.552987322273146
0.0,1.9971129313793188,9.90477867519366
0.0,1.522885300441446,7.198065195851396
0.0,4.641016407708829,9.230348134972596
0.0,2.7703654074505546,7.505868693930415
2.4141704210530723e-14,6.334680925200426,8.984941695254712
86.36338985433436,9.585585072454004,8.536828613939187
171.44730122459956,8.51658577961728,9.704835207685791
282.83446852260494,15.985058419974262,10.25690732659169
307.0346646816546,10.98311255787976,10.410027737606043
347.22658011591983,16.26915129558327,10.276613429891022
332.1966563346118,16.163453912506867,9.99070434635356
284.6187712502035,19.43347406977372,11.543064806401718
267.5183205608852,21.0600180662703,9.484356095693853
211.32292345915687,16.249339115807164,12.945180287974342
175.6954974995569,19.20407340006143,12.18646588876112
92.48612103954135,15.521176304437429,9.673302422724458
2.460628032958962e-14,13.094790115523908,10.645481310941138
0.0,12.204937743195437,11.216337087018408
0.0,7.854400754837964,10.044149088278177
0.0,11.643051434005807,9.498967496543925
0.0,7.6946730078048065,9.570630921637054
0.0,7.01101413556524,9.953891602315643
0.0,6.704479505092264,7.854588302192731
0.0,1.5685761308753943,7.692297411623402
0.0,-1.4102403536022674,7.178917082007507
0.0,3.621803392425107,7.725007298488213
0.0,1.5900111805435562,6.939249282799635
0.0,0.5112676906421454,8.025228450424354
1.924990088997395e-14,6.204532238880322,7.806079079100021
103.68990181339275,7.860346830932176,8.793944605344457
175.4140033917292,9.051258533748891,10.502278723669887
229.92579106716184,14.9761664365076,8.92632715350157
307.877939282156,14.812761957695628,8.460914670424701
342.17598846125975,19.529196637794197,9.940200708636995
339.3387013872852,18.02760916828411,10.17257920064804
306.140143439438,13.965329585730023,9.769912618122104
299.35543929058696,17.11248637007797,11.985308457005164
226.62699662442628,17.279742665313275,11.05564650748555
149.08744980146844,19.548938276551855,10.20363269140658
92.31102679299885,16.32267931217459,10.013530882332848
1.922702118361187e-14,15.443571098949466,9.248563158820094
0.0,11.619714404016795,8.936963857632986
0.0,11.456979345607891,9.935287693136955
0.0,10.088858441183138,9.432289649004776
0.0,6.926924494326576,9.437642612332173
0.0,3.1645801909043563,9.328408535938316
0.0,3.5085541453341778,7.942342013418892
0.0,6.348177207734995,8.089142640078915
0.0,3.458505605803344,7.3662584507467415
0.0,5.1616797994384935,8.1833597006456
0.0,3.7890159071927427,7.774689354368292
0.0,4.615671643797473,7.767886489683999
2.44529151628821e-14,6.961064163009413,6.955849719803885
85.94541672579507,9.573918639870396,8.340111800460559
201.1068199863845,8.174620434678523,10.164704000157403
230.2773504922674,12.1136317198342,11.177542542367364
343.7143953889194,15.147318194431575,11.448864244283369
338.68586855198765,18.001526884782468,9.87193643987672
394.20077916708067,19.00739860039451,9.912344202331079
305.3796719391666,20.041523022136285,10.674073257359671
349.89218374757957,18.49223421496253,10.115986683942555
207.835843539944,20.145670491359596,11.782755165478202
184.33543443229232,18.536924341182115,11.833049479770423
104.05155591970762,14.752543834058775,11.285891791388739
1.8778616003774933e-14,12.440470288723237,11.370003186337287
0.0,16.150963914629827,10.585315946409786
0.0,11.422586476661804,10.69469869877205
0.0,9.886509870674157,9.190039950843314
0.0,5.530749606363303,9.209633602872392
0.0,8.348843208707905,8.545948687111977
0.0,3.1625487813123097,8.896391847057517
0.0,5.403147393579058,7.944371184469432
0.0,1.610076793815987,7.948052558158766
0.0,2.23806610124181,7.567392880658021
0.0,2.5889827108894883,6.897490973028054
0.0,5.50389149428497,8.077072596560447
2.2876162045783653e-14,3.785560705841608,7.129673592666368
99.6515826716481,5.9925132358768565,8.77264773954851
178.15694842341244,9.574232215774803,8.568691623824797
263.970021675566,9.317593734616565,8.270512142071173
287.2179651041629,15.256465915681527,8.892242197736913
316.62453062625883,14.316548709195459,9.429649616583317
301.39795796121837,17.822989172750344,10.209421143916133
387.7373133204012,19.05564763159795,10.736005893380964
326.44147988392007,22.236524828561116,11.714541008128812
235.81197661930597,15.645842170778522,11.002882837117385
151.59669418836725,17.33252694397706,10.574030613249679
78.88643798727297,15.68235686403433,12.78858587268244
2.393193919064505e-14,14.540971450449875,10.862754345098685
0.0,12.036955712042595,11.381607844952194
0.0,7.400070138912974,11.555459197792178
0.0,13.204309538375604,8.844127283074355
0.0,8.687605798168995,9.607272903337757
0.0,5.422864051479243,9.183803630358184
0.0,5.8727866742414285,8.875297250657784
0.0,5.557832649806702,7.210368982273648
0.0,2.220933905190009,8.257898042851034
0.0,4.5723530685000995,8.414243722695897
0.0,6.577452755119697,7.131239755473258
0.0,3.0859311444894515,7.365812726831293
2.3368716235953724e-14,7.670510043408968,8.565099627029841
99.99493277645813,10.069732741939491,7.802553795346235
196.39164827827742,10.340712382516626,11.014165890610965
246.95616253410452,10.916031884349678,9.824182832449804
339.41478696681264,15.376929893381046,10.30558103955056
277.0829089646398,14.18503507016569,10.014744538821706
302.75479301719736,16.789291001587582,11.48798403133863
344.46965478644336,20.7359996132636,11.836597118569799
323.73592810751967,19.70282579940095,11.734013423921777
222.52736086993323,15.646426977253322,11.337030824858655
171.51906574092,13.759984774284737,10.883885070864956
100.55537583123413,16.65925553388842,12.030644139351335
2.4524462856375437e-14,17.784201315089906,9.910342988135243
0.0,13.978013465564608,9.938283773879016
0.0,8.276040873354315,11.531794345834166
0.0,6.851345036920566,11.453747462632641
0.0,2.00254143758631,8.49610127725815
0.0,3.770426276143416,8.050437286852812
