solar_irradiance,ambient_temp,wind_speed
0.0,3.488043271708615,9.27626122941306
0.0,1.759339732438702,7.84688270537672
0.0,0.574492714572882,9.067108364296883
0.0,3.479392520635895,8.200753323230655
0.0,1.2053437087139605,9.01791031677922
0.0,2.8361116162399,7.7904832201173875
1.8164790405214927e-14,8.786634236492688,8.57699197477153
93.69686209035233,12.211553446707075,9.025485731520797
176.4113591433191,11.267398000416028,10.951194824914072
237.09802381539805,14.76427438949252,9.066876971897013
302.46442067613026,13.9891110891951,11.663903051887948
381.6941839267508,13.46231360140008,11.259800640980266
309.4840064809146,18.633354191595743,11.305294105711866
278.40808705979356,19.346792980935742,11.738900885648373
338.51885654569594,18.62414483184355,11.330778109818414
251.78324137298472,17.72346341818539,10.511174864177553
197.21754332505304,19.33343211152077,10.318832168260096
92.78691829200594,14.166195906720498,12.089481915476574
2.3549146071278963e-14,12.933246566301753,11.286751133787762
0.0,10.535147071382376,9.682575321851886
0.0,10.650753649354721,10.29567439462641
0.0,6.234469339044385,9.493846061020163
0.0,5.112323363052581,8.396259431571696
0.0,3.41244235013629,8.94560617414645
0.0,2.9752099967616505,8.065977138715178
0.0,-0.277525611415423,7.313840989417005
0.0,2.5990398757796114,8.114150578135368
0.0,5.191830582721887,8.365422588688377
0.0,3.7674094060630914,6.966134473435279
0.0,7.850417931815339,8.11193623489339
2.074658705343788e-14,9.092626263458929,8.007689391476905
93.69529456592593,9.90954762538062,7.579527442618853
148.23598099204779,10.574001576978848,8.321333081492897
210.1767101272586,12.540183029016122,8.750475552760182
266.3480829912205,15.952229436431598,9.263685541102051
338.13222613132336,15.298142922189392,11.277315363527734
312.7287882456002,13.58779161904566,10.559037592584572
310.2894786513147,19.136044610223543,10.073428986628521
290.6403602424385,16.162492631835136,10.075743057283681
273.0336562701599,16.227754045636853,10.666168680034756
144.07952007081488,17.353281017972165,11.955019187845302
94.77429555330748,15.891234386090517,10.622212270633165
2.2568614291319443e-14,11.600478679073817,9.872133110693548
0.0,12.826165380791524,10.165693452946135
0.0,12.356909213427175,10.165304971077756
0.0,6.097394390353346,8.323239624542065
0.0,8.969596553402598,9.576286297188085
0.0,1.6474339919528096,8.644670153213923
0.0,7.678327149773521,7.136714459213235
0.0,1.8219546200276118,8.817705803055336
0.0,2.6631160849609072,8.783378371157237
0.0,-1.139591663976761,8.490754480194896
0.0,3.319406728092998,7.8445094799690525
0.0,5.171992197251129,8.437487981078503
2.3039821800984277e-14,6.199557883108137,8.338489176578713
83.57782759628348,7.175167576382211,9.446056580091454
197.96752936880628,8.478753054251495,9.483387225715166
207.60100166909146,14.703487691201913,8.583909876129846
273.66574962390536,14.433496361303025,10.417937132241489
384.54273905931433,19.11024109383305,10.905866229542731
319.09626977479235,16.247120611992788,10.421416428888248
303.9930549638447,17.229699314875237,12.18711444421005
263.7458415711423,20.00307058049945,12.170012401468117
278.1698671719381,14.853338777612542,10.377317340082914
174.57347218804642,14.873158601276788,12.511993835605644
95.94192173737832,18.22370628350583,10.823653223864005
1.9409795241996558e-14,12.028014232860736,11.32874659121948
0.0,8.804332421522195,11.343900503885855
0.0,14.108936467453306,10.065289675133181
0.0,5.513694434738548,9.426999957226059
0.0,6.7401208879634655,10.754943530588488
0.0,4.853198227263287,8.274296914854279
0.0,-2.2268799103108217,8.051537268102846
0.0,2.060539296552692,8.063054068608134
0.0,3.2194064521590753,9.37496518493305
0.0,3.303792105926032,9.864911822506407
0.0,5.20141809053235,7.570411903732534
0.0,3.8907430738976085,9.547455136629655
2.2916085082711813e-14,7.747588837385179,8.054580098990964
105.63568990926262,6.873369456220548,11.028890319322192
168.6837254721436,7.501645120375306,9.54168157047333
215.56110763996386,9.797675562658558,8.190870258266813
321.97116438651693,11.398359042810029,8.78313497912834
365.99566817278156,17.998606138475626,9.571117584250871
359.8230648990854,14.221636165359252,9.994415526569288
303.5562110149897,18.59806424481201,11.73734061247582
304.0510776897033,17.790731565055992,10.475116492922952
231.43675298760388,17.84468941661214,13.252273894861275
170.78145182087664,19.977997773875764,11.481976972898702
95.37557652009578,15.102579468262691,11.493192417919058
2.3321826950959008e-14,15.545783076300225,10.074162663436107
0.0,12.468259016783245,11.760308566734015
0.0,10.01854214193546,10.510019853407975
0.0,12.851965841153639,10.849282893268125
0.0,3.4398964617701187,11.174917615804732
0.0,7.243989374583366,8.00505012731657
0.0,4.661347987378254,7.621071919658317
0.0,1.5902814870977053,9.296058379697097
0.0,5.535375121557044,9.431517983249499
0.0,-1.1468887484157988,8.416741192297073
0.0,2.3050015418001673,7.945546184822519
0.0,2.202919428643288,8.801838932529648
2.502711208435868e-14,7.100905016416742,8.191625497454538
87.14662017906751,5.980057523479299,8.33798938146702
166.02871369973718,11.142865980156458,9.292806088374226
210.4808637655151,11.974417615850879,9.031313648359465
303.38022397708846,13.318030201361651,10.058671222168641
293.1126735294949,16.71088682823282,12.336880455351679
320.7881836901911,16.667698069073204,11.811434200637471
318.06679682292065,15.826875010868289,12.714386114510484
338.09779678023733,23.879484065943778,12.055696244785072
281.91234051879763,17.029810330928076,10.86812416895527
163.74417564905465,12.769723156645302,12.07897372798738
102.64714004536486,14.249394956723423,12.545135911906883
2.4273467158160283e-14,11.74218470992836,12.533173355781527
0.0,13.999581679575018,10.93858725092998
0.0,10.920043405856992,9.407126284971772
0.0,9.003611329434342,8.447003632755287
0.0,5.536693154999333,8.454158515497841
0.0,4.061183343067597,10.964820937390039
0.0,2.5643046381695678,8.580199023618347
0.0,2.344577097076929,9.54607671542491
0.0,3.9050369463900854,8.19893248015569
0.0,3.1791142903585623,8.64559211174318
0.0,4.306392504626639,6.929717861325716
0.0,5.576633642666441,7.839306384086357
2.3964155088925986e-14,8.003254950423893,8.519471212663813
103.19911893775159,8.740117797920758,9.311915379465898
154.1774999918025,10.952066221018253,8.54528916847988
289.9734645195035,14.682534918866894,10.47117364598396
287.74435841920894,12.904278239654191,9.800581360532682
361.14126667952564,14.17973916524978,11.424140016889893
385.0526977834317,14.790730107562213,9.768824370563307
379.1802638672346,18.327605813213474,11.49917160388945
354.4261348969436,14.526905593222168,10.693304078488644
233.53879697038744,18.886084878092316,12.085179285506
199.18369339334683,16.94418711693482,10.94935173270975
79.62682737578885,18.160503724794907,11.457526898801904
2.3220138936926363e-14,12.890535454730434,12.426763739076435
0.0,11.898285865645567,9.104697681583932
0.0,12.478776742247152,8.665650691763075
0.0,10.930089008396553,10.491565985400252
0.0,4.874065344156777,9.716917063048866
0.0,4.941078291342356,8.493578022483767
0.0,3.856123199809269,8.678152401363697
0.0,3.215388675646433,7.202063314749733
0.0,1.6703371560854388,7.562905470731628
0.0,5.030848660651407,8.073763211242058
0.0,-0.5121217228019175,9.318579155839075
0.0,3.696373755622135,8.404628095892306
2.4340007999177728e-14,7.091349940262578,8.905594861348288
93.54878926532716,9.039385737795204,10.214309356223072
158.1676078936298,12.901006535946209,8.91440372922484
270.7853652125257,14.662491621939424,10.283783011625825
308.91558988394826,13.624405224102235,11.288265901610465
355.8398951323778,18.452085211270273,9.788812349674373
350.40779896746994,15.695608217437284,10.475657780989748
383.02119645044894,19.784669850612904,13.337169280708679
343.5001279343104,21.816533431558668,13.579536403227124
269.8103787840278,20.352783298739165,10.592351441093587
152.9135309280654,17.33523247204044,10.060460401593653
102.95949198029221,15.188785180664818,10.510412658648912
2.3069713522781654e-14,11.138305882198111,10.571956020719073
0.0,12.887120111365256,10.362418046165862
0.0,7.965054018774845,10.439497701406086
0.0,6.538666786668643,11.118726972878342
0.0,3.8139968732433416,8.965401321794715
0.0,3.6178495599109928,10.091787945289687
0.0,3.17596274605064,7.673745018281062
0.0,2.979927357318979,7.222468468528305
0.0,0.9590915344721884,8.333805028817109
0.0,4.571265607777936,7.103904838115771
0.0,2.8154910590446733,8.070896808280702
0.0,2.9278056892766973,9.822701958145977
2.009514551025316e-14,6.612689339786989,8.098652104803449
84.22882594862386,12.016658111567581,9.570630758576419
206.40511834803237,10.83042593837035,8.919727015349022
234.52711898909598,11.504945911373067,8.53662266778978
339.3251463138002,11.105182093062707,10.29995509745524
331.9169007774165,15.378134412848354,11.541824822831764
311.6297319220592,17.558164285751857,10.620042481934139
285.36297842650094,17.11234963310152,11.366983573354542
314.08477294648867,14.829335528818117,12.591754447214056
294.9060771408805,16.186380636605794,12.105209806530535
170.3013314854611,19.99738495735114,10.48522341375164
87.76484772420518,18.684961062253418,11.706411983718331
2.066262033891814e-14,12.38682646689092,10.838175241631006
0.0,13.576170740519125,11.199043949337511
0.0,7.802959235759768,10.148038490255253
0.0,10.898185008469854,8.847904244477181
0.0,6.650576501088589,9.556755009029482
0.0,6.4025335530408025,9.00410940446055
0.0,-0.2301603722849861,8.77582166607885
0.0,3.756097145892832,9.735019593831971
0.0,2.1128814249865955,9.680699205169073
0.0,4.104681083624742,8.1828125767993
0.0,5.029761918275792,8.23909265162682
0.0,4.602944681812722,8.530808405058217
2.1322656906313654e-14,4.926570274163774,8.779873396213176
90.35843853875657,9.617069555894425,10.844216990827121
197.54656641547757,10.007920553545347,9.787409115389426
226.57384150686016,10.453212006120483,9.268229614032157
346.0217850895825,12.28792508944023,10.257926591185308
364.94815726537803,12.830754969223218,10.864824637091152
348.70991999570396,16.035850463504985,11.209660412319872
341.6079538799138,20.061020254816903,11.303392043951083
284.1810892782625,18.48388915176647,10.461727117512297
276.42112393548695,16.796100750822067,9.99779695627105
180.3037223229727,18.66614465899127,10.861119034486016
87.0354007688828,14.120130558401204,10.920825364954318
2.2726110885366076e-14,14.31893010102116,9.693912341132206
0.0,11.839521167724737,11.475955091977413
0.0,11.686490803532307,9.815108715795633
0.0,4.903220449696435,11.258042142979932
0.0,4.427834060726292,8.558938214142398
0.0,1.1948839846741555,7.86232363626992
0.0,2.652475487314469,8.710011108361554
0.0,4.795320558160834,7.76455179097559
0.0,1.0889777419014655,10.028208496428748
0.0,1.3510976745046728,6.851383191484704
0.0,4.9151177793012835,8.15783733012889
0.0,6.58011702862674,10.082286902971951
2.39919596807388e-14,5.9227300266709415,8.4802938083281
82.46829463726463,9.398749508488137,8.023092592965309
156.29400677920563,7.945963079452627,8.960981921409125
216.28050112542627,14.926373189879513,9.808178344940227
337.3098115639185,18.397284749082623,9.441068065340628
401.41902397833735,16.79915799307835,10.483294687353128
352.1023176501604,12.85941214879843,11.899218877772235
301.78635222081846,16.7108182467255,12.317817483984973
313.96059376336154,19.325522804547163,10.046247478329112
241.61391188471856,16.98431277718834,10.485531852588194
172.50252198601774,19.572472499984226,10.731607239800763
97.42170584038381,16.93304093957263,11.347975418886284
2.3808065613650013e-14,12.686921159676928,10.546927077386961
0.0,12.23495414357119,11.62413401670475
0.0,8.31220571993034,10.782092902317718
0.0,7.66415004356347,8.798591234834083
0.0,4.990685680343418,9.7391628011144
0.0,6.792541512182217,8.090448438701019
0.0,7.378861918152341,8.191659076358462
0.0,-0.5147422420181886,7.753189286192646
0.0,-1.7713915376536424,7.590061080779909
0.0,1.8572895807505447,8.624807403264626
0.0,0.11000640683298712,8.539439216425388
0.0,4.510609992615317,7.748116427088763
2.3606216665035624e-14,7.572913262377718,11.406498710747805
94.25185996579091,10.992772468479348,8.897515515903418
204.66600122932314,10.477830152196423,8.417974530897649
289.8572797349808,11.75928294588687,8.883994214213043
260.0057946714409,10.118271201619695,10.428107641490335
385.0628846140837,15.78426558262984,12.84981709461884
357.9906484908535,17.145818786140293,11.070072278745082
411.1506802277275,19.0803612735039,12.916797845928873
312.5254213633037,16.658064831707676,11.1486136766247
300.8070104780662,16.93234244460669,11.180279526485897
197.81922093761114,14.047239754433003,11.28112718434083
85.62034095753427,11.149309670490112,11.652861896127035
2.2529890572819833e-14,11.858046853172297,10.581667459387843
0.0,9.004941767079995,11.741478905873636
0.0,10.748465625607084,8.900122021101842
0.0,6.968220560611983,9.689474842730322
0.0,4.998566774616285,9.47048118238138
0.0,2.449360692923058,9.350013715729752
0.0,-3.33959056427408,8.261995911057237
0.0,5.342958418208852,8.380441379028765
0.0,0.053202485472720884,8.365111294828612
0.0,1.501496781013938,8.841122756742536
0.0,0.21575597017216674,9.174374428068365
0.0,6.340749968415185,9.200933935657387
1.8419798010083593e-14,6.340601405100948,8.418152737374957
88.10603355315085,6.330460599674395,12.91549752341084
165.91230607030323,9.26928430833825,10.545934999800892
233.9429779446852,15.480655736096203,9.283401509386247
268.0604703607562,13.907804667263743,9.505872224960424
313.7900143216604,15.347130705286867,10.16374076884659
372.34530575229303,15.099183789023275,10.798457527521096
326.76720849382343,13.99198784039424,12.243517507841574
307.0394945366115,17.733666183867612,12.089734990136488
247.00305321412716,18.43212036598808,12.446652659032942
206.81779784143706,19.181115689957146,10.761528796691323
108.03732489419168,11.213604711519368,11.382367844534171
2.2305582497892973e-14,11.80355087698024,10.400712845675686
0.0,10.962813710733563,9.615403040340258
0.0,10.046781833879894,10.721332200909481
0.0,7.693123787149288,8.971540768552243
0.0,5.81036615965176,9.896902341764996
0.0,5.213081398673807,9.479431656962122
0.0,1.3011965090660895,9.721897216614023
0.0,4.176862235054661,7.680501027487578
0.0,2.90289084429878,9.229188729154428
0.0,1.6689148223311143,12.082424605787715
0.0,6.3095987144021395,9.515044484771161
0.0,7.491963782550973,9.266107460036432
1.951235777186191e-14,7.901776671287438,9.226952302939194
80.6861620157364,1.9283200589440685,8.934429918807334
210.26995769050467,13.19387614633577,10.10606840168583
231.4055784956041,13.696055366663852,10.47395651040119
354.2947306332979,18.048803236325693,10.590692802233672
360.5132257351189,18.167769393859274,11.476852659080919
312.6968044495981,20.1208745461699,10.808307419292934
411.97497675754215,19.52070227157312,10.222242303958817
289.79570471215976,20.73337235819084,11.462865864245126
292.8013376413828,21.751640052681243,10.814009094336603
162.24608474159024,17.39729866793174,11.04618647779849
106.98132394946565,12.54837912223594,9.76828428107424
1.8633951137611178e-14,13.421064160869534,10.654127142906143
0.0,12.886429520486859,11.5266565979719
0.0,10.185761129642934,10.361524147381473
0.0,5.4723096677608005,8.402637970475935
0.0,2.7738507105098624,9.409141635225508
0.0,2.89680637413778,8.628100485722552
0.0,4.7090494680304875,8.772754643688497
0.0,5.4550465176710885,8.363269391456418
0.0,3.8549088138930987,10.052022176586725
0.0,4.409221550253423,7.1320395768454015
0.0,2.9319392097350714,8.91845646998424
0.0,0.8807544214333887,9.682584987911373
2.2999339710724982e-14,5.1113324245722875,10.738981439421927
84.22017790371613,7.433692401772774,8.356393478547886
197.37657308422806,9.027668612666332,9.574730648555763
230.80320271043573,12.201715677907114,8.64414541165767
298.80906508176923,14.904613106123598,10.273298892621638
357.6139189849011,17.384658212317074,9.70419263918663
408.4825307868646,16.393737087880538,11.980374883926453
387.3815739315806,13.941661385361057,10.216349568545594
336.69942129706294,17.056018147755424,11.367965386504713
229.71482387135703,17.83660099063421,11.438028395915008
187.966353469666,19.39559266088002,13.446070133262193
81.77339861182301,14.543012151461866,11.58411781849492
2.1663183430015773e-14,15.046860843136502,10.447834253969086
0.0,12.672501746428727,10.02166318607066
0.0,10.109574652584474,9.351097385893228
0.0,9.812287864166715,10.599062167875767
0.0,4.700091192832536,10.000374605012645
0.0,3.2145464375582837,9.412327691731091
0.0,3.0591057423092742,7.586919583242486
0.0,1.003410998273295,9.33928495021109
0.0,3.0271352008824404,8.817019731712094
0.0,0.8573193997284299,10.383985549202148
0.0,3.5355158039880004,8.671563251117371
0.0,4.153910831707348,8.144028577118942
2.4912633968814896e-14,6.440962548326654,8.564868226290987
83.0354319680635,7.021075467826997,8.368704671525453
217.73020210712278,9.332934029719587,10.116719845604386
252.2118846610579,12.273681515587507,10.457330001342395
353.67936497007673,14.415259631095866,9.57388798731979
339.5755060803654,15.659561037483309,9.819977376649037
389.00704617521075,20.35003856207492,9.865988715963912
320.46749956697005,15.757043391603219,12.655999982986994
282.09018075720627,17.882703028867812,10.71832870753859
303.9044450311716,14.591259184851818,11.038168847474637
213.55174276284814,17.683476806383524,10.835595328092456
109.516367627479,13.437471795511993,10.9994425132566
2.3801828782566085e-14,13.454490107020089,11.537636179832525
0.0,11.337534328930754,11.849118047299676
0.0,10.572892871975585,9.525461193367994
0.0,6.834976422862716,10.392944181609796
0.0,4.820499223385278,9.16963510530247
0.0,7.225969297452657,11.458428093562278
0.0,3.644930568547408,8.387119178239002
0.0,1.1544919035167835,7.126810872821366
0.0,1.5023328742514044,8.509884087666851
0.0,5.567303512102811,7.564324520561363
0.0,2.6054672310961626,7.2337148375685025
0.0,2.968592722076711,9.146146922751738
2.049127726078949e-14,4.634007917621083,9.491113859539922
88.00985168876844,6.8351948950745465,9.077519923418633
174.14977109369184,8.815004773020421,9.993484236292954
278.35602334215645,9.515256881995546,10.013997310492405
336.1212475141643,11.755600023979909,10.637853701259495
387.0492652274658,14.002213718643507,10.911789450170817
356.5802746872319,18.11534548505557,11.410460739111127
403.3925249826846,16.968932253640666,10.498742082316767
290.66123673792805,17.589676839685787,10.823630716218265
262.1048554412376,20.271582878696204,11.278750025908943
207.2863247368045,19.522217748026215,11.242107426193392
86.0473878850265,15.096604581090777,11.99548581949852
1.9788059189672324e-14,12.742273196507048,10.66995677781997
0.0,10.345691951346957,9.84815569890749
0.0,11.389551757290342,9.720510409636136
0.0,7.524033390009126,9.239245408382072
0.0,5.231010437228288,10.16159702053021
0.0,2.7198168181063807,9.100309406869057
0.0,1.532908442306526,9.432439186403098
0.0,2.913154263278756,8.44038706711052
0.0,-0.6304320411697106,9.793016254270412
0.0,4.262775267868145,10.824610331005246
0.0,2.004551972699467,8.92866029502494
0.0,4.044318352608848,9.797088326129344
2.0230793849148917e-14,3.3264885743237067,8.895691195778147
90.71138041076598,7.905160253299919,10.8252014793628
161.37397352163154,9.343802605223694,10.553244373832566
305.54884670211516,11.970835653712045,12.654383287463766
269.85154538600193,16.943862287328596,10.635979850452152
362.45483637575245,16.012694831677674,11.480212431315081
327.208432174489,15.339329352588717,11.102302356629513
339.7877028469202,16.305211279824224,10.666472461770109
375.9765697216458,19.19070686243235,11.044850898735953
234.99241335347682,20.325237682904206,12.768383735621725
219.71897373967388,17.492483762382424,10.200921524589639
87.53348326537176,17.03472422920673,11.463494467744212
2.5078710893794764e-14,15.219919937278224,10.698064996859067
0.0,14.909125678140022,10.420553055758198
0.0,6.101264145152748,11.599146049148525
0.0,9.264330008393705,11.045538282116413
0.0,7.967916578411943,9.795352813674375
0.0,1.666142828841287,8.651242090644553
0.0,1.300904892316471,8.83369701824032
0.0,0.5714723830359603,8.437583908602251
0.0,0.5428640978500467,8.160106527229736
0.0,1.309603778421216,7.446503732746008
0.0,3.5574468864391866,8.60905706520028
0.0,6.074939543447173,8.187622697128347
2.698813939288546e-14,8.163078406141889,9.306781591351879
106.63931914170404,6.254246007449085,8.777986350062815
196.58710860722553,8.311038493198849,9.401823284213812
304.90612070876347,14.702640531457426,8.75165177044856
276.85220987828444,15.293932361442103,13.10232430371616
335.6713975664723,15.823028423835186,10.721268180002992
375.4131476095077,17.875321071990257,9.661777806902892
331.77300153441684,17.66824353721448,11.352330163347453
357.51657862618526,19.04961385670004,12.595360301825641
308.54053212113126,17.055717707905877,12.221627840125768
184.93855505866875,17.466257589758786,11.93399665868669
92.89664929913494,12.6362066393582,10.36198971285473
2.706608165274825e-14,12.62487590095395,11.419416061807816
0.0,10.716974497844292,11.44923520829177
0.0,9.251664424190984,10.519553416704717
0.0,6.076865620225153,11.276203595844947
0.0,4.933357238958652,9.038611564530424
0.0,1.3147621163161927,8.590952207301436
0.0,4.173197940388156,10.096754967122823
0.0,2.1115665697385304,8.985774333737984
0.0,-1.4064149976781675,6.93022688161751
0.0,0.6069337864679742,8.123021715794538
0.0,3.7489998427226903,9.647617484325195
0.0,3.261102075609907,7.336829370399656
2.5878556718639575e-14,4.610117297597674,7.356417106371133
114.52811987585591,7.7842625030375485,8.702359036283244
199.77831120075342,10.691195288230299,11.047446767522043
293.8451928286948,9.20184766461571,11.347651891434683
367.3137594886076,15.104257180309625,10.401662543844006
414.899267545478,14.060267904151493,10.84824902040851
368.72276252358404,16.89634751164978,10.634063632151916
311.2811077034982,17.66056654680339,10.65914247725959
320.1218176749309,16.949867981394316,12.350814488601618
287.3593913868574,15.684087335924982,10.473464045111236
188.09788981558904,16.36083035196485,11.38672598788292
107.81139640088759,18.911515085516637,11.60823981261495
2.226271578477306e-14,11.280650156946605,10.025352623736392
0.0,15.459178616903783,10.765488064617191
0.0,9.484557875720801,10.547697630775268
0.0,8.00419069123098,10.63257007475221
0.0,3.8305785951044133,8.949502114017573
0.0,2.804607135026525,8.731456506844973
0.0,2.077088088421692,9.09312006168608
0.0,0.19231406670487017,11.059391942400492
0.0,1.5932747040314976,7.859206316467855
0.0,1.4696722248471532,10.946485935885862
0.0,6.784469673369198,9.107462108034815
0.0,2.022307997919939,9.663722312035606
2.7434564714780333e-14,6.216491652270418,7.869891235571768
97.28229594340715,8.436250821756726,8.763085636558742
191.2025589910991,7.870469521469566,8.417136491553556
311.1145111671969,13.455317970499085,9.680711247649313
337.0625691592166,13.214456593009984,12.695189079757197
399.91191400931757,10.683185565099485,9.734678615688338
352.05061694716636,18.259013073257883,11.196412969945305
365.6431490840036,15.504635460881058,9.77273905830099
289.7056662933784,15.915560726495043,12.000057987792669
244.4898452909588,19.114321394870583,10.754951783497237
158.92121357676942,16.244990884211852,10.511600219037657
83.61418969688987,17.50350916936862,10.898870175175206
2.7602558677859824e-14,16.431442809503878,11.806650226898915
0.0,10.791806058948811,9.73915747962569
0.0,11.597635610683302,9.727931725844789
0.0,6.429636655167313,8.502031025981053
0.0,10.477342453037597,11.64696967623074
0.0,2.968342360218431,9.461673321801008
0.0,5.145745237982194,9.527266355781633
0.0,3.981947027788301,9.085768035440415
0.0,2.653949230555564,7.6725508730775855
0.0,0.9532806531917843,8.733012273504087
0.0,2.790775372179368,7.633547538898063
0.0,0.05774311095621254,8.465015164007852
2.2474939961231063e-14,6.470613663102199,9.105801803415343
105.89427475329896,8.650451887574302,9.39108299989263
164.7783682232581,10.28877242446044,8.655626403355873
313.46120651944335,6.145713604572747,8.706123346671442
291.45777782597884,11.490500696158076,11.250291686922822
352.7081140617595,14.182445870132753,11.357113498692396
432.0973103167543,17.533294682991297,9.976719600148119
388.42318412563486,18.327858007936214,10.369131911632198
324.0476348176182,17.681326002395338,12.767953286689043
272.32638363865004,19.019671269858158,12.253212204303086
218.71074251660514,14.897492066007405,14.49754854511147
94.93975426470261,16.89909784721807,10.713379918409544
2.6911229427504877e-14,14.97125779601748,11.028293318377951
0.0,12.847435412833683,10.120553316635872
0.0,9.657692724166385,10.69477875166784
0.0,11.612708875180054,9.032116498536384
0.0,7.008164963317455,8.681330098624217
0.0,2.4282476103381985,8.12799864460333
0.0,3.6043936820962763,9.459768041458515
0.0,3.813546104735709,8.697134148625578
0.0,0.8597687630511994,8.857646379977574
0.0,4.487123844449471,9.753512803498595
0.0,3.8718501420563305,9.218749374108729
0.0,-0.3058249639232553,8.6202572935764
2.0110379305713543e-14,6.635329915575673,11.362690568342835
95.04583326190371,7.153375291254223,9.156402945597186
200.04923974398,11.110345589983291,8.64782163458173
312.0721925151361,13.994968002223613,12.77865300889309
359.3324144837373,14.426310055183455,9.037383649976347
369.85465544399176,19.02334467828159,10.88217469955102
454.50037287884095,16.606775422048337,10.622086717608777
407.771982768031,19.013028217320116,11.317968108784148
390.8596266641338,19.645871108174514,11.603100908439611
279.7677649042636,17.5687006334269,10.8932543511614
179.24686569023584,18.521737807130894,11.598459081838445
85.40878707103577,14.50349423606786,12.019890855424121
2.5907556786149974e-14,13.190849122857381,10.5193863366618
0.0,9.48156094104736,10.486073327403092
0.0,10.518804193639912,9.851195221019902
0.0,8.615936951788342,10.966662617578226
0.0,8.39451227805828,10.229423449625799
0.0,5.961411720119206,10.458470886120363
0.0,2.5559491874559206,8.161080100882621
0.0,-0.030022453954802852,7.61215408717511
0.0,2.9194443360662454,7.622508528586668
0.0,4.547843265543036,7.696295766757173
0.0,4.635910248358675,8.654791505814435
0.0,6.565844331248493,10.820857126696595
2.6424139604759746e-14,5.629964468629814,8.62724928139949
105.53885837412902,7.049953233854842,11.1760614781001
176.02548796940064,8.5799408265627,8.364767197442724
295.7275788548313,12.012502958619272,11.592813219667367
356.96251280262567,13.896561939088661,9.640619988331894
395.32423304958644,16.123953037596912,12.229712398485157
393.56098449175926,16.72335184723079,9.900066943669643
385.38490770644637,17.5138946818853,13.098681493420559
322.07928438657825,16.500355425082013,10.754044056036141
281.2002546470962,19.664388168441825,11.059215308087879
176.4111235683579,17.134982885789228,11.450575342160514
113.24062449242292,15.361709911948115,11.041805221043596
2.1503584509002406e-14,12.55888502452789,11.517704096292615
0.0,9.460469671064292,12.945583726402532
0.0,12.669671916124985,10.677819154586176
0.0,9.092468586469746,10.619508005022567
0.0,2.805907845886365,8.57708323580678
0.0,5.923173882953232,9.596606064994663
0.0,4.991800144956572,8.865532196780515
0.0,2.596386669055176,10.01764382750313
0.0,5.271262826269382,8.323800068573894
0.0,2.781073708699084,9.00402438035449
0.0,0.31319074859197427,7.939628822724945
0.0,5.148524787370126,8.167612980181747
2.64246056414216e-14,6.564835638191324,8.683831357610833
86.21373459448247,6.797894976389388,8.824890228163332
197.3360074892147,11.222158708520714,9.06485159834741
265.3162350754213,8.810262863204306,8.822154217037133
396.0537473797416,16.056174689651442,11.4515097609448
318.3994555065643,13.975651877047339,9.636340409055009
405.64117383468766,15.03335201480731,12.386802881264463
417.32135322410744,17.574798100463454,10.402067408178473
343.0434744377237,18.940986890853136,10.33919646781688
240.37922889764846,18.130295772265267,11.690442452446037
232.31073993968198,15.517925933496617,11.490603667704058
103.72160112354409,14.719716701874466,11.313876447766798
2.5366523801340803e-14,11.80895634001094,11.28017999657109
0.0,11.696233592326289,10.284098702210763
0.0,12.225083463787684,10.844650766766925
0.0,7.995962798657946,10.041619734676487
0.0,7.793869544284772,9.259351172231309
0.0,7.328989460725867,10.267682459380358
0.0,1.9956318928590753,9.603139390977757
0.0,1.999319044785244,8.498138857393588
0.0,6.44225788333351,9.67700187600408
0.0,5.261152374855865,10.063176722372372
0.0,-0.17314012069169493,8.688441797008133
0.0,5.217314543837953,8.067488779518115
2.5253442851145994e-14,6.100992145887912,10.468062325606798
89.95776727237349,9.682226022105878,8.54932169889895
167.92151336095844,8.609914626238409,8.439983933086529
239.10858968438583,10.491207777947341,9.642370877311283
388.7519439693019,12.747730730621301,11.049599879904893
335.55749464750096,14.612869318304034,12.337328548946402
337.07460243904256,18.65872372510206,11.457384834897702
379.35212738965225,15.464876425223306,13.164887524478196
389.95831724345106,16.854644361289882,10.454160980466886
260.1190427458113,14.249253990518183,10.383344392673678
195.22009527060953,19.042311038308775,11.756959334801287
87.04953645933482,18.29878660956318,13.361249819667162
2.4145040556584952e-14,13.445725299480946,11.11494628181476
0.0,11.57452579240224,9.592589164894617
0.0,11.006315965774315,9.77091312277893
0.0,10.978283815144865,9.442376624771063
0.0,6.917093656336356,9.278577285421282
0.0,3.047934026765911,8.054926388390978
0.0,-0.03761882189278731,10.401050366156014
0.0,0.1705704167160822,8.797605703123867
0.0,2.274668452980534,9.053628627413612
0.0,1.0901678956414698,7.421366609008959
0.0,3.5899617340616117,7.416827273222376
0.0,3.365527270390756,8.974320094993097
2.5677122310141092e-14,4.011936689766783,10.288304646914852
112.23468871263061,5.703613928629298,9.3781012266677
187.11813663338893,13.252938571102064,10.9055766849233
299.54716525936067,13.976757411543057,10.975418583717559
345.19404184475417,17.589265456011525,9.343933472635902
388.65394993106594,16.864985603358193,10.09390896215569
441.77512223115315,16.196449965401435,11.525479856474787
361.03065549694446,20.50231800764803,11.224144687388671
328.16197940301856,18.06209354963207,11.015001520901194
329.24529442121485,18.297319703248856,11.366897125912788
170.75535156775302,16.970784024480075,11.377982420791424
104.2733029216879,9.891275363279956,12.800488877858221
2.8407572777447976e-14,17.33769957694531,10.115575779972332
0.0,13.180789805091276,10.289628462525036
0.0,10.787875674092625,10.538619600739539
0.0,7.934125066994318,10.583293940193105
0.0,6.455085193127868,10.001719043491054
0.0,3.2768174311707288,11.01513048189791
0.0,4.465060279639147,9.864190283518685
0.0,-0.18149849381069627,8.910553860750154
0.0,2.5322416702412087,7.939060041875798
0.0,3.5558451361297783,8.453209577021896
0.0,2.8345633073787995,9.130403974145505
0.0,5.244986140749785,9.803809321698989
2.5919209385513824e-14,4.177436020831617,10.928674778372248
90.02565542549648,6.157898902688021,9.583502325050468
217.40514603710022,10.633539047352901,9.746832261083197
332.88323073405064,13.587756475362385,8.671965150671221
363.143411473552,10.410373494296692,9.34008629613091
342.44084959752485,16.86100032501403,9.978714366249358
420.1948833562808,16.00190503482295,9.940036615144743
431.58341091583463,17.501899240997837,11.135247609990163
342.01533098622605,15.481068958170042,11.135513019530693
327.5087285794858,16.184276935239243,11.919032751471258
214.92356843770045,19.02055868663625,11.605385009837182
120.6007037126793,15.88268580275292,11.607755468828962
2.6098317420511574e-14,13.394548001880999,11.063684161644844
0.0,11.997680460858211,10.295572658635324
0.0,11.138528454628718,12.288064756161212
0.0,8.970541436806625,9.005995423358176
0.0,6.010050804506515,11.360234774061222
0.0,6.689168777601072,8.875999703286945
0.0,5.208210518254504,9.049947210161417
0.0,3.294825922664928,7.794854654357284
0.0,2.304712040536824,7.508566081680359
0.0,3.7827240546432153,8.413398589960378
0.0,3.89582008804354,9.292988100090724
0.0,6.660234368836198,8.236362466046838
2.6264602648930317e-14,7.9946112281933,9.172365155891251
89.32861456330123,6.08842831106106,8.808003700202805
193.35042305566714,8.02356213323327,9.429632014347476
288.0783865853854,10.863541746728696,11.493424452033963
312.45177101972365,16.147765854850526,11.586598942411033
466.00771443078094,12.69972473066657,10.868738693885948
369.67805070894053,17.91320648320818,10.518601979802794
346.02203603406195,18.64798126721515,10.64063577208573
319.45013743850166,20.52078459208907,13.374422983602528
318.97493758108305,18.283572466357004,10.866905407229149
200.57227554703795,14.437272923824391,12.433790563280684
109.08911666977055,13.933632802912816,11.071067369897126
2.0961629407303315e-14,11.831497430921033,13.596160520879302
0.0,11.190152902870569,10.520126957814242
0.0,9.82968533986883,10.119434351120344
0.0,5.794053061454403,10.429547727510831
0.0,9.136812456021264,11.636469593119473
0.0,1.8880714813194213,11.531996823305562
0.0,5.9983736931098655,9.580519725239323
0.0,4.87728952822655,9.496142587432402
0.0,4.030975175038486,8.796435672710004
0.0,1.1194302503543685,9.29920727632514
0.0,3.991068603738708,9.77897054001364
0.0,2.0227735590667995,8.757410243209831
2.7707501551040924e-14,8.056184145727915,9.330906508840474
124.32517266366615,8.015848151767711,9.430422774925265
220.76232962577603,9.415729646487044,9.85475303427263
279.717243396281,9.857432743168042,11.39629145618167
415.59956363660206,9.279357838402381,10.138684941437722
369.65520864485603,13.814142611081284,10.140902315438291
390.99863548721174,19.38816969716174,11.046458743332366
429.90772164961214,17.156109829023354,10.689682050493436
393.63953085729514,17.89571236143032,11.53477525107693
338.4251629411983,19.272885402549868,12.98291589548375
186.15746237191135,20.773911062168455,11.833968919638274
118.88330225298613,18.541233635044073,12.50503088212567
2.7591837057416976e-14,12.289700068028038,10.33792320758979
0.0,8.419781293605768,12.215249273777928
0.0,14.953598593860622,10.731980541592087
0.0,12.701800938159156,8.783923431032113
0.0,6.6112772685189825,10.039105355715668
0.0,2.036539335004392,11.15258832249777
0.0,5.274987924186188,7.947410191405375
0.0,2.333364104336053,9.003738219087442
0.0,2.050775840460599,10.128531148075336
0.0,4.3382491625715325,7.131103554862268
0.0,4.017284350144908,8.981526889320687
0.0,2.24825401515155,8.739862708304502
2.9025802794186223e-14,5.627254216509874,8.678656828550322
96.29958292496063,9.528491583176347,9.671273253916771
242.79698861118047,11.297242531483857,8.510834257438914
267.0840950080857,12.871323596210937,10.798962819781098
340.8818648151345,16.143583995625548,8.955932251917115
441.6721856352864,15.21015836053167,10.394699446015892
403.61166234054497,17.562280867387475,11.168985267224288
420.5171483109495,11.252986496631166,11.108589068345987
356.05147285983355,17.377437698988192,11.09487524084684
321.87994265821436,19.531950514137655,12.599690052499819
189.56438548119635,16.424152382715047,13.187608142831715
91.6186725009533,15.001137552731976,12.609673558045575
2.386379596992586e-14,12.193832183124183,11.213712983976247
0.0,14.354022232952277,12.120075298680652
0.0,11.373664633754961,12.00723838382374
0.0,9.857014921499824,9.88468525095594
0.0,2.8243101627580427,9.20011241137667
0.0,4.298983750650173,8.32692131668661
0.0,2.834154707425335,8.996695261669279
0.0,2.0340299296912066,10.563270143511879
0.0,1.0905248657649462,8.807748187018829
0.0,1.9029647993282819,9.041059040063985
0.0,5.093666288338651,7.6854943537663445
0.0,0.8400229970128197,7.930369518886282
2.7748313428917144e-14,9.877169489261767,8.962051822937665
106.06426475662626,9.219709842433614,11.16860842070543
211.91240476119367,10.237916161880433,9.39190106679908
247.17623344402494,14.206800606766876,11.340140049674712
391.23902160249537,11.418910462863987,9.546421331636136
431.98841700269173,14.65003239239121,11.151552259485332
354.19668988902276,17.00863231869526,11.418923269855753
389.7091869624973,20.78110730437776,12.544963312922965
428.3978886388069,18.229586790947742,10.006366193292624
290.8294891368247,18.950095905883696,10.860103526549373
211.71140078924924,16.071625191604113,10.887203212638445
125.35941133990876,16.95311834062822,13.20248322548422
2.7896127551372622e-14,17.677059139149772,10.319864257159834
0.0,14.384185697369253,9.580338077193286
0.0,10.1596679776451,10.57921163979884
0.0,9.603009286911632,10.176512851839385
0.0,7.477613862415283,10.780288008652082
0.0,5.67890104710303,11.140783272930594
0.0,5.667585582752432,9.148299977362242
0.0,4.853430888669511,10.412487550542238
0.0,2.117564897557356,9.274179462712896
0.0,3.9282336039501176,8.058795170673637
0.0,2.6774890187120275,10.248977694913744
0.0,2.86888304918359,9.249609040519772
2.2166880310190437e-14,5.832894579899154,8.851794725862925
112.4562086455976,8.148773427007793,9.835723673615076
207.2603468815289,7.048720112951141,9.494403295847443
342.1932528674308,14.163099570960732,9.146536310223635
331.1632812157648,8.837231246102329,11.091644102802555
459.9790311750706,21.45837021977215,11.836618551927863
435.698780440592,20.303843589175273,11.795452520822803
347.618430138375,17.577271253275043,10.769393894980132
431.38050297775317,18.390734812434673,13.441956090534696
303.2822510682419,18.705232448794238,10.269997356084154
197.74411413073298,16.12176454560475,11.17101391449254
109.3236224133786,16.41397463597338,10.846855672671891
2.9448868618679285e-14,14.083882135903803,9.954964179370826
0.0,12.253889017665358,10.64293327967361
0.0,10.734804218268403,10.814024358876221
0.0,5.674274133778971,11.37708444417774
0.0,6.451021539574423,12.339569700448777
0.0,5.0419233350497,10.269741184426898
0.0,3.7541259041413952,8.987281278459792
0.0,2.265561770520222,9.426731335527853
0.0,4.700345443643821,9.732919274042258
0.0,1.9899181716294292,8.539962887694083
0.0,3.9510784750759482,9.488406304256092
0.0,7.362370710063789,8.782068027645586
3.093433535157966e-14,6.265877611664455,8.794773463795105
110.95716301353171,8.783004065820014,9.435762100528633
191.07630968924136,10.231860619075283,10.192045527646822
346.7967744912213,14.969921839652441,10.73594591474118
367.9932810096155,13.909180768532487,10.174167205059915
447.07217737455727,18.64819329577387,11.048181271959283
504.52489157299686,17.145657332686458,12.620727577518412
350.18034152328966,16.43311705512159,13.625794522223083
320.09075859598994,19.78337623285332,10.92184362148135
328.43953361809116,17.54270083450631,10.883163519064572
198.88372172077098,18.593834920178914,12.03157962582445
99.11062089743132,10.622675371349988,11.220216611010528
2.2098055271014033e-14,14.43504041549497,9.83132094590939
0.0,11.575971655010282,10.512802559454785
0.0,8.29811251864252,11.409879853876562
0.0,7.247595527205313,10.984656148983952
0.0,5.277223603119776,9.72161181486116
0.0,4.671804052511535,9.307172840931955
0.0,0.817951571237642,9.265126426391113
0.0,3.385948674289945,8.160578788127685
0.0,5.21323729449464,8.743529127642708
0.0,3.315258107666171,7.175038537231197
0.0,5.170581712265572,8.622127425136057
0.0,7.013078383818275,8.44513499327638
2.600309434819373e-14,8.953786748451419,9.52352402428614
113.99158081686265,12.150532748905508,9.731267122721432
215.7198304600403,9.482403727531203,9.460775191532088
295.5455200142253,11.114392114580998,8.63512611978072
428.20674706351036,16.047739020732532,9.930845547825196
478.56777568903215,17.554194412890244,11.217590125721884
409.76770696531673,18.960361553589955,10.07309360296528
437.2153824121056,21.986779242896112,10.438236291169817
433.45610114381725,18.503547541680053,11.954106826656059
357.73123423139685,19.06052745368798,12.338811577756477
218.17428025906773,15.448234451391626,11.158843068314614
110.70488653250061,20.40830422152736,11.403659654428699
2.4554066270448545e-14,13.807717881664843,12.938671992481684
0.0,11.93492822858157,12.626203264687145
0.0,9.78730794206658,10.064834591107964
0.0,7.1204636459742225,11.041588902577667
0.0,5.021933626387767,9.974721491088514
0.0,3.7765449088116343,11.565718172346928
0.0,0.880603855359539,9.02142228127265
0.0,1.2423564908979157,9.613002333815983
0.0,6.438325164632177,9.43949205068187
0.0,4.28430261870713,8.62938692901815
0.0,5.464004064916865,9.541729056494816
0.0,7.237962267078389,8.27142381261524
2.63116168675447e-14,10.208668070461723,8.131990324444653
114.05841668781468,4.927001478029085,9.2086203800968
200.84412176475385,8.080632711163858,11.473866006545482
290.3551886116932,11.003503980767734,10.137338539085574
324.81266302336064,13.600939348757743,10.867218652533406
394.65113807754904,15.59611441005882,11.198922755809003
511.36706398767615,16.574647066400367,10.285351716193096
490.67188914686756,18.70642337831359,11.17629477162262
358.08321130227597,18.61098972322737,12.135067573009007
318.2311408475904,16.822135961692986,13.752078593473685
251.26989834223244,13.117504618037309,10.777103185379284
93.83298257718148,14.211515780471922,11.223276089684393
2.9833127527031044e-14,13.441921635111788,10.163315496926296
0.0,12.116792428941666,10.274135929218192
0.0,8.281064023115865,10.233910647876357
0.0,7.488233647923932,10.234444899716465
0.0,4.278424164765768,9.106128138489831
0.0,4.631905989147893,8.736716530848376
0.0,1.5289999995020795,9.868393378451014
0.0,1.1781699634493452,10.803134183184527
0.0,-0.013982375475457332,8.277740189837669
0.0,2.5689778850507077,9.13449524754408
0.0,1.9422871163225144,8.119886165360894
0.0,6.7601001703613,10.420725002683318
2.5104734561588313e-14,7.41508641988862,9.529619356497822
116.26437224418218,8.393129789315369,10.273917041072572
224.2225238027663,9.008414891815244,8.537765964916149
302.97525404621916,13.434978857955592,10.386608191391566
339.02943646902753,15.984787665200095,10.59627308909322
500.2751346343747,16.545616960398462,10.403704429957905
498.5032054303182,20.73899282771219,10.64014423680973
427.87742942947983,19.250067132964997,11.637941051084175
397.8375782650646,20.430600321638888,12.139277040722398
283.24308080504227,18.597923327887322,10.343389595249471
225.04095360698048,18.882918023292284,11.755721248181057
122.61091755289075,14.66667767065685,10.63968364714783
2.728542062944494e-14,13.686589160077233,10.314509487130406
0.0,13.372665354287745,11.201724542454444
0.0,11.287584849617584,10.08464354235283
0.0,9.54805717156915,10.00102608763987
0.0,8.804171671060281,9.42390844073742
0.0,2.096589293379617,9.770628433185435
0.0,1.7926415684935044,9.014273323908892
0.0,3.401488565825567,10.820329211711567
0.0,1.2210226303826857,8.350440834435632
0.0,9.697879766255785,9.303277523984601
0.0,4.772985902054369,8.122961344530973
0.0,4.856233946636913,8.86821588791397
2.8139154285541165e-14,5.638811347821891,9.213987318916837
109.35763988665227,7.638872966783352,8.99462973166155
248.21111858007748,10.730031216619961,9.690639098784285
287.181216220758,12.964266120052288,9.625621895808347
349.82168825519295,13.756351604602582,9.024456079761848
432.90722846288287,15.780299650442183,10.216758090546412
409.69839712445736,20.28652227473431,11.736433927366694
357.332353792097,21.16616642960422,12.20816546657819
407.8009496457504,19.17381785385936,11.076750690413789
317.6461124099265,15.714637049828678,11.42926555317285
219.43152155103647,18.674959437543205,10.320244041621253
134.90051865221756,19.43516902670404,10.820448510782732
2.80880005682516e-14,17.409312097914366,11.999842487810204
0.0,14.209153960429107,11.161214663478322
0.0,13.51459580456125,9.829257730255014
0.0,8.705966078127485,9.572218954450474
0.0,7.925955833657019,10.698359600235467
0.0,3.651344511846867,8.69970058012735
0.0,4.395798981145545,8.700301834910153
0.0,5.671133176738134,9.276160010556497
0.0,1.5606244761358492,8.851559837135175
0.0,1.2891778298685128,8.557501173213986
0.0,4.006245946881515,10.069758453655556
0.0,4.629292642169252,8.182632469832932
2.5163550812132452e-14,8.037766741250474,9.750820706518635
136.1884668009514,7.7623998863953805,8.56793851131472
262.4105950984571,14.176350530315059,10.053203257073843
290.9969133524725,10.230671464007685,11.345587660945045
370.26368836023244,17.2469408715491,10.438728359345387
497.29967171917906,14.866627091985805,11.505671040052711
526.1739699782505,14.075709060217095,12.166833952125518
427.66660272618464,18.94262822211991,10.549291969316087
366.5277647143133,18.230255327081863,12.146703425032024
322.3928024668219,16.247659173616114,13.162756273551894
240.8555950075547,14.304920745954615,11.787919335742606
107.57875637759544,16.379603974059098,10.692159044803542
2.9971820813499175e-14,16.691145082357266,10.283053529723988
0.0,13.979930646102686,10.332306444145773
0.0,10.852884596788162,9.534851679768629
0.0,9.626614084724935,10.1829080203078
0.0,6.685043034353919,8.634867976089442
0.0,2.2231685635565093,8.74115308514369
0.0,1.0425382411834443,8.951387725275657
0.0,2.678785773623937,8.793165983513196
0.0,2.4912228691736926,8.866186424800862
0.0,4.787088188606826,9.201007724909052
0.0,5.398934659179826,7.480363435911584
0.0,6.36594122393136,7.770154497191764
2.738571527951794e-14,6.251964015751482,7.929839379063232
121.24807229468307,5.980672740865396,9.222815344994931
266.97868313865297,11.636671716037888,8.514628693105768
293.1264372412517,13.933420429250344,10.830914625072708
420.3067203462325,10.03546651695047,9.882189860104166
474.1876971596252,14.800707318232895,12.586203449260069
473.4218133017974,16.358623917393558,11.182567691387522
376.6221524970196,18.776636454465258,11.326142751912998
419.69188797488005,17.205808576374455,12.401219894676764
272.9193737666658,18.463666914569107,12.224344759686373
235.81082017807609,17.319662791475366,11.871861512844179
128.0414228147567,16.151084748322766,13.096326286319185
2.508150005873619e-14,13.379740854504348,11.03139312973355
0.0,11.605111694592653,11.810748175379437
0.0,8.651995322344456,10.260589693491763
0.0,9.50211196223334,11.189189795167106
0.0,7.954734699088579,9.1972798182989
0.0,3.6144392921627837,8.908030733831033
0.0,7.001979635432381,9.560596453135323
0.0,2.5322931684771586,8.171643712240156
0.0,5.949273921266924,8.064034829693966
0.0,1.8772417156980505,8.199611014955046
0.0,-0.09245610980057783,9.175460203115207
0.0,6.036444074006126,10.161202112480291
2.864843361531201e-14,7.385992883911779,9.550993210354868
103.45693755757229,8.887137903468805,10.395279075095445
213.20009773713323,9.604437716785824,9.87558128076326
295.6509567442518,12.89031058352233,9.027062573641766
358.5480929677619,13.86638375793475,9.531604949976437
430.9356584024936,15.941057790502683,11.040723807711418
493.7486325676093,19.500370415479463,10.813733898986703
400.5223911564351,18.984743743046536,10.790012989313475
380.106514247586,20.10880544833776,11.526213069842626
313.1417938982499,18.15257227073477,12.088404204872448
269.01678494480325,17.13307121233976,11.335931098510644
138.33655326803304,14.238791861388897,12.338970850939356
3.119000729936568e-14,14.14882944853741,11.869641547029119
0.0,6.317225923315691,11.547117389193037
0.0,9.708458741062532,12.985666788940584
0.0,8.654601958471961,9.67561577223791
0.0,8.016249982214116,10.138933870492341
0.0,4.694692669131509,10.524197246891259
0.0,4.735712217591164,9.29617923981721
0.0,-1.1184155697163618,9.692844193341452
0.0,2.854894658962776,8.509529327463493
0.0,-0.11784383276267674,8.885019581466576
0.0,1.6237581017825007,7.525019038992212
0.0,4.9373830181565745,11.320411944135738
2.4064832714021117e-14,9.521096339123787,9.971945763337683
128.93621832722943,9.640429529496627,10.595595010921361
192.3121069719666,11.00503035765091,10.284307710421851
318.3234786565409,13.000059945262636,9.40268858072567
378.5205287506825,13.54131057696774,9.238566746484095
479.89831760125537,15.537455786123688,12.073645367846064
508.7883930733896,18.75152368459378,10.976805958482538
418.17580167121866,15.925253936800232,10.9012613800996
447.0749312421867,20.154676463942717,11.760508321073223
304.94458859143424,17.918960839451515,11.473472440276158
228.13722075313834,19.547885743391316,11.998017385727131
130.01758798867502,18.547609527333222,11.420641709178078
3.041730148394722e-14,11.622400338365196,11.742051803206609
0.0,11.875959197742405,12.016690732424934
0.0,9.257512987495428,9.81645258620837
0.0,5.272560072410224,9.75958885551496
0.0,4.903501810957856,9.622483328273642
0.0,10.194225804414977,11.362833503780955
0.0,5.342319466500642,8.785236835374578
0.0,7.158672231250234,8.583663820478787
0.0,4.709699784387944,9.10737001531575
0.0,1.8404099720217757,8.471576917751959
0.0,3.3597572807276768,10.524368756246428
0.0,6.571521015339507,10.197460917911737
2.956289213662378e-14,7.926515311297346,9.134119645854991
138.2435971007208,7.82626651211444,9.782037096031837
240.5698388572758,8.03151656319286,8.59811405684567
347.533052404003,19.697577639948918,10.678930799121584
409.42161162922446,14.769203559665662,11.102107691108582
381.785247098314,16.056879367478412,10.581555179465
425.370509119456,18.206375062437385,10.55409597274438
452.3681148754447,18.293452336041764,12.937089377557477
379.48924142702805,19.296960719762243,11.438006119766587
294.79355086860966,21.352804086896658,12.05691364450149
235.1683902090386,17.730609175253935,10.314444353073897
113.95304975371656,14.382936275188131,11.258630422216411
2.6302705754458676e-14,14.728215315394053,12.165432697214513
0.0,12.193251702351617,10.647805590952386
0.0,13.899300778844975,10.808294657586208
0.0,11.32318867300625,9.46798252717397
0.0,7.266552905212872,9.57710340974757
0.0,2.8371769452203797,10.988364384005688
0.0,1.7576939641478289,9.266544287207921
0.0,3.4405216341597917,10.247456894094412
0.0,3.8103276599457927,10.098194261054743
0.0,2.6610294723385755,10.395899652121969
0.0,3.249139322613253,10.054943199422535
0.0,4.295229005453558,7.314433116779713
3.246812113908705e-14,7.090893800815341,10.735624079103596
126.10424164090722,4.301604656336935,8.517900242857607
249.3942729256798,8.93502846376381,8.51429491944771
330.43896293612306,11.954132391228695,8.976231113452213
414.9009484201943,17.552688111207072,10.197183686215302
382.8338396905861,15.166908686937752,11.218284051858783
497.54241120477786,18.426821235241153,10.99430605182
390.44462103840976,19.31817383347777,10.119638343223704
401.31861141023325,21.733514732624755,11.556659819598801
310.8249039996493,21.390243145544076,11.52672926138692
240.94263476466318,17.95087901398891,12.326000176217033
106.87086061732582,15.843566488416725,10.943220220070902
3.10056537298414e-14,13.81001551565185,10.550032787980326
0.0,12.726107637191836,10.336256204739518
0.0,10.26961501265603,10.09042505494982
0.0,10.17438417919953,10.411096257491858
0.0,7.978301356273642,9.7077846523964
0.0,6.664429854100883,9.030721622680483
0.0,6.8174434701860225,8.808579025191266
0.0,7.225410910077003,8.56228616989662
0.0,3.4764060644043098,10.840370109529038
0.0,5.698600210067957,8.02978047303767
0.0,3.5955556796452557,9.661628522813748
0.0,7.940238995262847,9.420326613576314
3.063334468123079e-14,9.350097591940886,7.588516928082469
105.38401293862749,11.173358856655014,12.216174962895733
206.72367925903308,11.415218959972243,10.488354894190424
284.81017486006624,11.960915310427584,10.641776216972412
379.2960068965177,12.438022401858245,10.329791808702733
403.15829538461276,16.80385911203938,11.049856428127464
438.4075594971508,21.221307592363072,10.641202051638679
443.88187386193914,18.334796085173597,10.178890392559063
479.6540069044255,20.797332448509305,12.637845789011996
351.87756878018206,20.642388688939604,13.011702256102456
267.79898358428744,17.58791006601036,10.790730067261746
133.17035507406408,19.516623202120616,12.286090982527906
2.5317447512816533e-14,9.409757788628191,11.885458999420994
0.0,10.852131080933011,10.136205104823881
0.0,9.395814684872276,10.368317688918829
0.0,7.517096871034252,9.982260324906779
0.0,7.8996051799609885,10.500589961917532
0.0,6.15030063420462,10.446418685358958
0.0,5.179446996858386,8.070440078573448
0.0,4.784425460736308,9.020579091084988
0.0,1.4194599444925817,9.44646378382452
0.0,1.155910338856697,9.484085576043135
0.0,5.184105216524097,7.8515140385423665
0.0,4.402350685998623,8.927813943673668
3.313582474179053e-14,4.178718992047941,10.231346517777594
146.16016291434812,11.191805291046679,8.988525391901288
282.45899544030186,14.109872895788476,9.599842077589692
289.5621517774539,16.504543223001363,11.05458132314558
466.4991941901707,15.693684525733323,9.499990547510828
491.36609563879466,18.228387524222068,12.051785168460597
508.87583714934385,20.98760875978321,10.781711340539946
405.95050606902464,17.76424411304956,9.875231788307593
441.1200465724093,21.541024450892067,10.981905471141406
400.2879811852389,19.597868161382845,10.612411899651676
277.01428906681326,20.075295617744572,10.571576130146095
122.50654221833962,17.348709374028132,11.971937188978325
2.4810025533411004e-14,17.912182502279887,10.542023263966833
0.0,13.83726896868712,12.554186554739257
0.0,8.351710963849046,10.593032696020213
0.0,12.15296998659316,10.070182301716805
0.0,5.424607600839658,9.621290881525173
0.0,8.168931253779329,9.92215583181319
0.0,4.306734707373601,8.990764616482812
0.0,6.040039060612623,7.942702159697471
0.0,5.684960930263285,9.964025817201168
0.0,4.548303038847953,8.495441216919575
0.0,5.504291105508507,7.605381384808104
0.0,6.603826685422508,8.936954178406175
2.5332258673088703e-14,3.3877741879676018,9.480876317596284
147.5294110292336,9.581531777505996,8.885286957378524
232.2000071599199,9.183295348385965,10.650090009417873
342.7435669090966,13.828350348841248,10.604919677481757
401.4690600047604,13.129538607763326,10.93810040426998
502.2792808852288,14.702374067569988,10.727743624356677
516.5011328499507,21.55349593431307,13.175854239819877
507.7437773658226,21.28172508709068,10.93093586643777
388.4570509195663,19.407138530641447,11.805527897019925
322.96816603863397,19.512367611340352,11.215755126477127
211.95692704256712,17.847794879319245,12.28587832435247
133.3803452010914,18.212030701981185,10.241330706803307
2.5055030128717283e-14,14.063314967432147,9.993862934924941
0.0,15.473456587085836,11.83061276115631
0.0,10.909250018501535,10.397415728389714
0.0,8.505177348047134,9.791686659402675
0.0,7.458849737499443,10.045680045888947
0.0,4.576275791186155,9.9499982743823
0.0,5.2434762253844855,8.386092103431972
0.0,2.712182967727684,8.105528176813305
0.0,4.451361962304702,10.61289187710826
0.0,6.218921224177437,8.886437316044486
0.0,3.147468152775173,8.456321861856669
0.0,5.596309592584308,9.742745427313496
3.423284080032663e-14,8.436976182737876,9.16416179192586
116.12461339183632,8.572047685884051,8.800721928668485
251.09985303672048,12.44295587832036,9.073079505374148
311.0170332870112,14.695664838790677,9.920932546322756
367.25108190681584,17.680838309255638,11.690875944455392
545.7340313094174,15.959188913989586,9.752469157056103
549.2062007858774,16.55696750648159,10.552598127744453
520.3206466423587,18.62656658785209,12.788736602552806
359.24126500869653,17.57881007757283,10.668276695527018
391.2067765865847,20.37071777507457,11.992044554798682
241.30223056004505,16.11901538658972,10.927860692908284
120.59628449338288,21.837201842664786,11.72768862689924
3.07072061811468e-14,18.10617047981453,10.94951827802107
0.0,13.610018656687824,9.903720815697458
0.0,13.249103742662982,10.756172597454254
0.0,6.170158667225281,10.642632296552211
0.0,12.561061419466148,10.246270274650712
0.0,4.6770312827736715,9.762217135881684
0.0,4.447114889567299,9.10232269579743
0.0,0.17703976295210877,8.910453303916462
0.0,4.588887557123318,9.058035090649032
0.0,1.6762180231747652,9.162531066979806
0.0,4.891421240498078,9.111310518442316
0.0,4.870909832300073,9.078908076707242
3.129657295843429e-14,5.460825077780843,8.25986730499964
143.51638406757905,7.937037583296128,8.719965251815982
233.92049089831613,12.067889015812572,9.207117578048752
333.6583887083125,11.123883362724046,11.673185188426046
446.22677615190446,14.118689605594374,11.27269359653323
442.97643911837855,18.599713959662864,11.041656664669237
415.05543786165714,23.749475927665664,10.635822012529491
521.2949210472948,20.298897197060082,10.482042300009125
450.6900517858202,17.781789663286954,12.97293920576763
362.4037619328002,18.609491217809452,12.985182329122733
270.4097985929363,18.607694190222194,10.63124993360794
136.94946617103804,16.574317295862492,12.32272657525103
2.7345459154606374e-14,17.422429281115395,11.096506925124658
0.0,14.121812274490143,10.49875408662805
0.0,13.43201771746127,11.203868024544853
0.0,8.916873006226105,10.449534449576166
0.0,10.267313387084045,10.570214241446592
0.0,5.626487529586057,8.303161837999344
0.0,2.850805080636464,8.67328801018867
0.0,8.348622200959854,8.436639133939243
0.0,0.07143255526572423,8.311455450252636
0.0,2.516503988265557,8.666331244912602
0.0,3.539129115251659,8.199972650871997
0.0,11.081146345808705,8.72942460388439
3.210400317099789e-14,11.335105817480983,8.788873730474949
143.20028739046293,12.638691975652186,10.05103010458126
269.6976943854925,11.060070724435294,10.030654921442494
397.8869858430776,18.644296417691674,10.55462563136855
367.5905884310182,16.4580920568699,9.856035759626668
528.607137614176,19.332769039286582,10.500309316614885
565.6093396729245,19.008982041675882,9.848445292631382
449.4434639374339,19.349861516854002,10.471673974471898
457.46480570268767,19.2178307013352,11.054029645412797
332.53575399531417,19.029514672662177,10.515663651854819
292.3184222344259,19.866574576819627,11.865496255762071
108.80980069704248,18.112641896231114,14.807034034013117
3.1685333536270246e-14,15.65844530878059,10.207892314110603
0.0,16.810988395405833,11.86949871351532
0.0,5.787881911706497,9.594795306127429
0.0,10.670610184210181,10.600874164290031
0.0,9.156865462505918,10.137264600897751
0.0,8.358459536205917,10.798213510564134
0.0,4.7715628129037935,8.12757098501961
0.0,4.517942449741395,8.424794219807008
0.0,5.801405691915469,7.6606935950835195
0.0,7.08443512353384,8.439258033726528
0.0,4.30023372465298,10.158707507783394
0.0,6.706606242048767,9.660195813497438
2.724314008286022e-14,11.186656853983543,9.697660953609041
138.3370681371948,5.51090241270816,9.487858416116008
230.19525592139692,10.449483725656856,11.036767229820448
315.8889647740824,16.83173324331212,10.037682241517183
468.71142580284874,18.014584592502633,9.686179980702436
507.22764608293966,18.531253596631796,11.938965660448432
554.0304783440449,17.860518409343296,10.698685473515006
457.97435130532807,17.793278537627735,10.261210466810939
432.1285881610656,18.647077686801282,10.675565241941083
347.4400411858766,22.65293197723596,11.930841340734624
297.5805767950769,17.500826777250843,11.874518196582992
121.91457162211091,17.689209103257724,10.889546386282378
2.887120106741096e-14,14.322093635562537,11.832680645590452
0.0,15.585609346304246,11.680324237245529
0.0,10.752056364593145,12.063296467117576
0.0,9.563768784157034,10.368044205179208
0.0,4.462744659200377,10.563237514098077
0.0,2.945918203383767,10.107988990117871
0.0,5.0277866937542095,8.520741396515245
0.0,1.562922616678637,8.409140958583352
0.0,8.150816816055713,8.65415950094044
0.0,0.09019070284966269,7.266632407485875
0.0,3.4120897097829896,8.228668991383588
0.0,6.317191022429428,8.79309037809309
3.091332320118912e-14,7.21037766179514,8.10504478671906
153.77793036630115,7.661800263238705,8.474163017378109
272.714718531988,10.024787858396172,9.678703805342483
337.59998452395047,12.029887743208397,10.780990752339576
395.6971768635806,15.367200147746583,11.55656716075211
461.5461342370308,21.501355965913937,11.017373950290297
439.6464079810244,19.024721360778635,11.15484325136488
433.56580832544086,22.033851126474303,11.181166717702734
382.57199202640726,20.954596229042988,10.864229096993576
353.14884675129747,21.895774943663696,10.785538562062712
283.47401920540403,13.268918162475044,12.443999318809803
116.05709643130383,16.98858174458263,11.370152079081928
2.7334458698308932e-14,18.554914383688136,12.04974091055128
0.0,12.867724252708205,11.446309143620383
0.0,15.465589867125932,9.806101103744696
0.0,12.837871484102067,10.17928501684702
0.0,7.002382105131784,9.63345362963167
0.0,5.277462249801614,9.224505650853487
0.0,3.099344038921505,9.193603741760413
0.0,3.068163879865811,11.1974163142571
0.0,1.5895808255681225,9.625906092881948
0.0,5.184974704459418,10.04518112872749
0.0,2.2144627369375764,7.38352490724464
0.0,7.605370736794017,7.964184458856101
3.3192564530617216e-14,9.310916347706453,8.020061440059152
123.12327709104535,6.661797782717942,8.840903932383227
217.0760519206233,15.154396166562632,9.624624328271377
360.89676219897746,15.152529903556562,10.512683711752121
511.0131435195375,17.554154996795692,10.54083260385141
513.1336467516713,16.194282800312788,12.291600931547656
579.3461477134445,20.2277204211277,12.899372735770477
587.7530926265752,22.03495246366263,10.629648099617603
395.7358731885921,19.8575421558966,12.703306904369466
391.46355556456547,23.78601048271522,11.60690904569281
275.20669141161113,19.071091454007338,11.488617804402718
156.93526455354908,19.993184804303283,12.263918692073457
3.719156934801417e-14,16.640776568423263,10.171514337693862
0.0,15.296354380439855,12.162105349680711
0.0,8.712094418636408,10.98207349694961
0.0,10.726314069516514,11.371003706241824
0.0,6.584808751391423,12.657505140379705
0.0,4.705108092858198,9.444087977758166
0.0,8.731824498639485,8.0461904889515
0.0,4.016874253545794,8.035607976900042
0.0,2.1652176980320452,8.282772234535008
0.0,3.7261514934527433,7.642324435553809
0.0,2.6427176718637013,9.631598309751713
0.0,9.382736046883199,8.36897317685595
3.5033521761609434e-14,6.78045987165001,11.280441256375106
156.40701126618075,11.15986886705021,9.93347125683249
302.57788140537406,14.884034788403689,8.965696276703794
327.80057566230073,13.242068358373746,10.088976575060846
513.5145380448781,17.23586622452861,10.455504880533153
548.2361368191135,15.768503499666558,10.878221897894422
478.0072934164448,23.991563728485918,11.293530279422132
428.5920952496465,21.771988239528827,10.136020430524473
416.3930879949864,19.786608482461425,12.083389737378395
424.17933666029757,18.353560508517656,11.615510785503968
274.15327945784895,18.872031484579296,12.432157060743108
146.11599670957438,17.14870816477238,12.379557434710701
2.93183404078931e-14,20.07771046798205,10.565560940544387
0.0,11.791304276373399,9.676641449272257
0.0,12.441424206563445,11.07366262852948
0.0,10.064592865895452,12.382853313714884
0.0,7.937000759293301,9.631379803036895
0.0,6.297733800613974,8.827572084983716
0.0,5.131451216984155,8.240973882965577
0.0,6.310521589852286,8.341307900244136
0.0,5.509764960485502,8.287913872901086
0.0,5.40221267993366,8.461212234556697
0.0,-0.7043858870654152,9.091512787967613
0.0,7.234531566334581,8.3067029595936
2.686454414864445e-14,4.980517347160469,7.872865193609531
156.6804319371859,11.513884032952118,9.09316375148004
242.9535945939186,15.240790802641662,10.870170566922535
416.1938604483267,12.509870203143697,10.137196288200363
538.778172927679,15.768234622815221,12.522824363367793
458.8562632585704,16.74993890688702,10.899863243844834
485.07475711226846,21.690862849289744,10.673057808914745
540.2550727761651,20.209258448357325,10.702058686791505
533.297461403724,23.7484548286333,12.10290164578414
428.88388320571374,20.846711083707955,11.729547884682558
264.7241030280151,19.70489965904778,11.849863537701902
151.15058604752906,18.085063882198686,12.14743645447584
2.8222868180436483e-14,17.927780266015308,11.812029580633874
0.0,10.886976031830113,9.64714666642313
0.0,12.462483978541652,11.411728187777287
0.0,10.081150819224538,10.220511904507596
0.0,9.742633721816166,9.497924733694937
0.0,6.259538606260179,9.482349092814651
0.0,3.4089754267627708,9.35699769133774
0.0,4.701942264890473,7.976233235937631
0.0,2.2489664676269348,8.491627472133597
0.0,0.836716489876105,8.249268030182826
0.0,6.9406892580590975,8.33519108974436
0.0,7.915916421260583,7.790364858898963
3.420600005132631e-14,9.348829413350773,8.24444663550889
134.16411007948776,12.94995200843508,8.560765869199564
235.6541287644703,11.084583744755772,9.449204322861029
442.53365408054594,11.622971600641277,11.46974959129256
514.9970379024571,16.274587971747533,9.819306677110662
476.18019018873355,17.376501175444183,10.687660697182384
453.1205165142068,17.658259322098992,10.753227861154118
435.2326946921089,19.982355828700577,12.25806371971012
400.62812110255067,19.19143723295445,10.37287670080853
388.48749331284796,16.470043568962506,10.906030088184432
307.5063906219284,18.46049737405161,10.892025703975369
138.09620661502294,15.798751441448289,14.222138180310068
3.666796240260841e-14,16.87794366858547,11.370419894106444
0.0,13.173130369702477,9.99403520394844
0.0,14.637910473645725,9.986015775072334
0.0,13.55182729907919,9.327666045693936
0.0,9.773410271387435,8.811813110426197
0.0,3.655740911904602,10.246659834901607
0.0,8.622528097516263,9.058508941450423
0.0,7.9643736204686775,9.162739850521039
0.0,4.577920352649576,8.283978797965265
0.0,7.458785040392213,8.760639696476822
0.0,4.508785823664828,8.106830081942626
0.0,3.1509932108421355,8.378838658122236
3.671886392116649e-14,7.0197704527905085,9.45905865706945
136.28128164219208,13.928388701303042,8.521545277621113
297.9600066790289,9.558179482810747,10.03592031936741
394.3201317075666,14.60993425471685,11.229847612261732
530.9563508770989,16.60862711671412,9.568899840638341
504.7234355069909,17.171245091590453,12.232538673987836
559.3455198618366,18.58149936063497,10.100339116486541
545.0156148298507,20.412244208818645,11.073413296544718
453.5846529145047,19.416014646164243,11.855216499449146
333.5846601937391,17.42362894601038,11.774943173630245
231.04815765385024,19.898606446196116,10.549877305205596
115.81022847716639,20.34392674441602,12.296286327393721
3.7388996455484295e-14,18.279484367340537,13.328915650221864
0.0,12.991420756074238,10.108566537237671
0.0,10.037883499278342,11.85583992360557
0.0,9.901411204903972,10.268419106561508
0.0,11.675922349625024,11.3913433865699
0.0,8.174681238460405,8.59445362705002
0.0,7.148560359629433,9.9030682251765
0.0,6.721141529574918,7.655002480241733
0.0,5.510367361353649,9.939299040063252
0.0,5.182644721231088,9.07535366170817
0.0,7.065244799336902,8.368650184407786
0.0,5.9196477783880574,8.077784259882273
2.91683103275693e-14,5.839908213583836,10.00121704038705
116.55796689055018,12.044275744744958,9.630422744176714
226.2643521602129,15.144310447814927,9.406318657242517
397.03233461407484,12.502922718424578,9.989396279289839
464.4131484895837,18.31267720114828,11.492838166166527
529.616842883552,21.68721991258524,10.494167843855049
450.12313555963533,19.592545063077743,10.131025673315193
511.91023936062896,18.760236477145533,12.869262662471922
508.1567130769908,20.91487158336999,11.30629925502788
377.4647271518692,19.29517291022762,11.266380822242581
294.7450017209629,18.36357724667918,10.862733375835772
127.72625708889971,19.19205662035194,12.774555616556539
3.704869108132637e-14,13.461375286256686,10.508631468080946
0.0,11.851528752152188,11.219893298895542
0.0,12.707415997064361,11.762322545455026
0.0,10.55366479767145,8.834508875571291
0.0,9.35594339039635,10.726223075829582
0.0,10.762430763790874,9.16164552535055
0.0,6.080919010274223,9.461057851338973
0.0,6.269031858755135,8.516169021167615
0.0,2.849028297168828,9.182192025854564
0.0,6.60856288511862,8.033503579197756
0.0,4.819109207901226,7.299063033848359
0.0,7.286081584067898,10.587620389752118
3.017487288837776e-14,8.58239691825977,7.646398421848928
148.7822297116011,12.795490277405989,10.336668909674284
261.39692148027734,10.180141059648093,8.922809489575833
457.1294139653963,10.304169259988178,9.861430139024332
473.1766715654809,16.373228774222245,11.467990094492365
528.8295996669622,19.39401093170072,10.160517253485452
563.0139040011038,20.0328361502886,12.344681124084241
609.6523468193828,22.991909253538463,11.408896152353833
527.100928533961,21.674839516757427,11.249496842813835
382.3575669998871,19.399804114990918,12.034360655834856
296.34823533328074,15.07745709039424,11.191493418112035
146.74324625946258,17.982323949500035,11.05549000677948
3.3600840374543595e-14,18.85601217291369,11.810771904220998
0.0,14.086550963884028,10.418029812696801
0.0,12.85673469575362,9.785162423986767
0.0,11.572262316191345,11.017944104580328
0.0,6.769509419898462,10.620540971788488
0.0,8.389711712183347,9.359442426403021
0.0,9.280120580855737,9.111201252814935
0.0,4.861046917028477,9.325802296254897
0.0,2.675951387463233,8.680759077669686
0.0,5.073471566771343,8.411399389413166
0.0,1.5571087836345896,11.587819746157164
0.0,7.951032509588689,7.9425287678434335
2.9210371245266365e-14,9.838628986424997,9.27708625018958
150.05480991350024,14.214800457998795,10.638625752710606
272.61783263316414,12.546090645994587,10.210115647329648
431.4559749578406,15.821603268240944,11.359724703849912
433.73573470699205,15.211504026356035,10.111018150565842
473.17932645689694,17.87808023957006,10.319044516873257
537.2848469857076,16.81191258807895,12.263757771697945
617.5293319214402,20.271907598873913,11.156956232781537
516.9486270349587,20.323461924090708,12.115300629718325
381.66384562167116,21.259886373618173,10.741884291247256
279.52082208545244,18.615089700738068,12.26589313245594
122.70946997287956,18.7576251825704,11.5258944429966
3.984303363088288e-14,16.267320119912505,10.621449901736202
0.0,14.341633815348974,10.844126351770832
0.0,13.094804883053897,11.015685120850028
0.0,10.94457375494169,8.66090188282279
0.0,10.456428309231116,10.068558279421183
0.0,7.035939913375787,9.458544347200975
0.0,5.442778793022155,8.370689319940157
0.0,4.981731221056672,9.499644051484076
0.0,3.641424487861687,8.187522932421322
0.0,4.623523924097783,8.07238562215251
0.0,10.204866917414623,8.58127760829096
0.0,5.588540950659558,9.258308943373578
3.574717078486141e-14,8.513440053785054,10.624440319630695
165.34534329141945,10.225223034184127,8.464470437450313
238.83506381885843,12.576409497054872,9.466672767255552
373.09346315439404,14.478826464607048,8.96034132721694
442.77292717628995,17.629232923985672,11.206118786276212
635.3543989142551,15.307256768252465,10.724764677240353
539.2143621823426,22.073298896883188,11.710064118947997
586.4976244212846,22.063324931140613,10.97996232972505
517.6262092753003,18.5850095494174,12.610173002095372
356.4523655673841,16.260004785951416,11.683379275772351
254.71518204839924,18.04481165953638,13.273999891119054
134.01778425108867,18.24227404818181,10.305774752525645
3.328095895001572e-14,22.231336518925225,11.193904462827112
0.0,16.227819012312384,11.595650481079932
0.0,9.455573423180756,10.736784424639561
0.0,9.620889350921619,8.740076811095049
0.0,8.964327848997707,11.833722685393113
0.0,7.921265580647486,8.873985636721905
0.0,3.652370189740697,8.434882239730644
0.0,5.212684074370384,8.756371895860449
0.0,3.774792865415972,8.743475287935699
0.0,3.2751474051198746,9.335979827979456
0.0,6.8010592037594515,8.389486715609198
0.0,9.100971238030318,8.648403402662462
3.824771266856944e-14,10.892153694560294,9.113965611474304
152.67136944061397,12.288291482084642,9.090971607222023
237.80006214435772,12.215332074356528,11.173140383778827
417.9906325141488,16.709723024384232,11.185416195848198
457.6141154557192,17.828180016845632,10.37094969678619
521.9551943325037,19.134809156033462,9.202538135241323
620.5625147556281,18.914888127508966,12.526313667705049
607.3766709066764,19.943725496266545,10.452418164448815
473.4505111201571,21.357845012886163,10.932547838757468
463.89311489935983,25.817226684920605,10.737762119667337
273.9573395318279,20.740759331095344,10.763958576031724
160.72233163095552,17.644548385628863,12.272326587090301
3.44980756173189e-14,15.54529225069817,11.346798380871183
0.0,14.297090276144814,12.71056543143451
0.0,17.564658035735185,9.839012842421777
0.0,10.341005487924965,10.055350469180484
0.0,11.023812209857624,11.930519236020704
0.0,6.801360400201961,10.32131584557168
0.0,6.9461600576374165,9.638358632185803
0.0,7.208078143058568,8.031260949690488
0.0,4.208188505733822,9.388554830142846
0.0,4.3423642867355845,8.221942372601061
0.0,9.741530363988819,8.705237261573544
0.0,9.664325745652883,9.054447283700355
2.946837281803823e-14,10.933338842735127,9.293359828236598
129.78705435277067,12.855994430779331,9.94228412876765
289.87199292972144,14.2711451819758,10.108883388270753
415.397140283116,19.458098192523966,8.94721273755635
520.8849574806821,17.439810809107982,10.366893612128695
458.4410846229519,20.16337318924789,11.253710118086067
665.1200681330947,17.378371578441154,10.660479828962636
463.8283348799041,19.429479442483732,10.939575297060639
433.0784741251519,18.95035620568359,10.593344643289829
335.1802740889601,23.627527982698513,11.387847923365069
292.8280781785672,15.17511713158768,14.025515873110164
170.67709581883386,18.204228409340605,10.873179729811632
3.7086336755385195e-14,11.364581000032423,11.21699149395555
0.0,13.759970775210055,11.497010499030823
0.0,12.370096305889938,9.036344281527734
0.0,14.051184032121592,11.452726376136106
0.0,10.145250083796586,9.42482166209714
0.0,6.028856909203357,10.51694775580322
0.0,8.700204070014626,7.742724663723403
0.0,5.804737759573453,7.89926652856537
0.0,5.5716135782409895,8.203887569567378
0.0,3.363730234969955,8.206792461244712
0.0,4.588249202744697,9.699966904227104
0.0,6.189431011443056,7.31798405029901
3.722626836981835e-14,9.589402407134866,9.368688068717539
132.2359075063838,11.58169895396767,8.405146392529979
326.82656064973656,16.584665187874574,10.649262540805532
424.8197486800225,16.33714255752232,10.860494157163988
439.7889877033637,12.08134847348227,10.45790323411147
649.0951481869142,19.678618086062247,10.132772908418106
581.4660131866294,17.52465037876693,11.471881260807915
473.9165990707802,19.29194462191596,10.528193390103489
522.7179518957547,19.872140917373823,10.771795088286725
372.9267884264653,19.897209824114427,11.89004691178381
319.8224265807763,17.674384307021388,14.206225333402251
166.29788865992256,19.560298117223443,12.681688952088962
4.135506154970106e-14,14.674875290644568,11.36194468650149
0.0,16.280367436146346,10.913564863186705
0.0,17.970422014949744,13.863820347002601
0.0,8.767209382138192,10.185474381012494
0.0,8.927459252148042,9.492911486946898
0.0,2.792710886309165,10.755090147306039
0.0,6.113411476621757,8.366395647453198
0.0,7.201512987787955,7.735610132227305
0.0,7.084763755552068,8.950447553576375
0.0,6.070806143093182,7.528828554015593
0.0,8.493808912079976,8.311901556594783
0.0,13.078740115230737,8.579409268486893
3.05584132746571e-14,13.068094667712735,9.114384277963909
138.32903697532916,10.527891073198095,12.019652641144427
330.2367752906074,10.741277319904057,9.005188325841072
358.4447959958359,14.901734820510093,9.766876912294578
544.3923464324542,15.749519761602839,9.535437752341558
484.1288739639073,20.20303463805918,11.078408779127338
608.6691156221059,18.209301444254045,11.735646329655825
534.8190839232968,21.225247037969396,11.315269270011521
556.6799055745935,23.319513401910154,10.90519969901065
373.6994936324782,21.169500157515728,11.86367021658436
305.9881585446232,18.67906087761745,11.603204471391578
136.88965606522942,21.6499676575013,10.559637364105079
3.841138929933307e-14,13.88552340332988,10.897328412951493
0.0,15.058447541902774,10.655634784488706
0.0,13.560165246074865,12.808272093770787
0.0,11.604750248816632,11.145244423726107
0.0,10.004477404993699,10.308487812776656
0.0,9.207510682964141,10.607904191742442
0.0,6.793948832138461,9.62836131046155
0.0,5.329443765904765,10.141174487241987
0.0,4.977788251185282,7.40744440291619
0.0,4.842528726115418,8.443311088035072
0.0,8.439850358882893,9.278070134242263
0.0,6.843055732059264,8.954829976330599
4.006688069703108e-14,11.486509158521164,8.199638007037585
175.8947124850116,11.760412744204249,8.923000951539224
295.8764954461195,12.750457326792414,9.231167721764084
482.6280994492952,17.10033373281311,9.483410550872126
516.4642323388974,16.338059091058437,10.06743962344902
547.6310008643857,20.726189271453478,10.83358017885671
661.321433626113,21.146622413163755,12.221869021696554
567.4664572933846,20.327724172633378,12.009695335524135
504.9817754064534,22.85023657117379,12.517281598155584
415.02180702356463,22.613553002194497,12.815725096629784
330.5133292878153,23.0362093824001,11.29864567290673
170.28772943588746,21.382115214815645,10.985034728756181
3.483437902473719e-14,18.77551498195724,9.930533053161477
0.0,13.608337398907313,12.398401304667766
0.0,18.690140916852787,9.292742002459683
0.0,8.915182157540887,10.707672767686205
0.0,11.691493289069292,9.372795452617089
0.0,8.99868032478489,11.080323901392756
0.0,4.6683925339518835,8.785258752705975
0.0,5.968872021120078,9.676409874145438
0.0,5.787374736700342,8.07457982306853
0.0,8.828639330498124,8.063000899503477
0.0,5.59005547835369,8.82463619479411
0.0,7.764136246848536,12.054051627777973
3.215329266333723e-14,5.272741299147099,9.017617185837903
151.7565492078682,15.343853734616612,10.939594922307926
277.05567686698083,11.80394402314948,10.466815981402947
351.46403406333343,16.669254598488138,10.891823266929418
482.7928208201042,17.742064849745894,10.272410981673646
583.2761360525218,19.405732825115322,10.518797248696414
605.4475914801939,22.492807709206883,10.354643497650478
545.2585956226749,25.014812040109437,13.315377491933257
505.35741802083027,22.447867849073607,13.399473738667021
489.52130003569937,22.98244315476322,12.215631248654018
284.4280370376235,21.530866812919214,11.005095988493737
140.76068817253645,21.636797606543254,10.730481993884057
3.3112005813576576e-14,17.01904775021697,13.662254509272177
0.0,18.166213978842617,9.645560372873389
0.0,16.16588024048439,11.483013045738964
0.0,14.039402165735277,9.69620229605589
0.0,8.624584774516673,9.455979845433998
0.0,7.951350991222862,10.291809289805695
0.0,7.649911730908774,7.913978243440573
0.0,3.6300902836528564,8.381694670736792
0.0,9.289021399795445,10.394826722450626
0.0,6.347221306306517,9.049961647378261
0.0,7.738833528557348,9.281101310115318
0.0,7.288317854676629,9.439812236402132
3.094794613106807e-14,7.445425864889371,7.797550882464967
174.69327307142152,10.820568851853707,8.561511237094283
268.1662510671518,14.53758935889059,9.61422529095643
480.54501772048883,17.516590969950965,9.713426538735582
492.7941066281076,18.422764064828858,10.201406848316305
625.3895452959349,20.449483265599696,11.574639215019726
561.9738123493012,20.35333146453617,9.66215517474966
662.885717462232,22.81908472642682,11.736029711530755
451.34809057258786,25.064846716395227,9.828170407712408
376.2966302192998,23.236166478813935,10.368711894423953
299.39814133028534,22.646467990404805,11.255939413162716
132.43821610086843,20.34406803172906,12.369167055646725
3.2812143877077125e-14,15.092870844424212,10.210520805041854
0.0,14.080400283181092,10.906983011841799
0.0,15.0089325849511,10.877026814541892
0.0,12.006750518883079,9.379572799524409
0.0,10.978866756569072,9.664889769096035
0.0,11.795173569819182,10.721933816230354
0.0,8.779691409428555,8.979208283231497
0.0,9.046188442418496,7.873698841380368
0.0,6.445185420186858,8.884718647857765
0.0,4.913984675963973,8.739458457990445
0.0,7.211887092541207,7.226994062367089
0.0,6.989464764314743,7.662565860962274
3.1238534446923984e-14,13.372412554790296,8.110522042289727
135.45122322351767,13.76605243349617,8.360830262983601
249.93776546348136,15.296847634501958,9.053195450330758
504.0224340452824,18.79826140652177,9.901337221972756
580.7759899593045,14.215709812198948,10.096978911216468
644.5588979138765,21.088952793423097,12.070644983591885
608.0542486306437,18.562734302912162,11.352250613649666
544.0227613544454,21.96871785462662,12.53474174247156
460.1962641041596,21.63240745631097,11.524766615927446
395.9244991414755,23.30670247575184,10.45901633689261
289.72383423750966,21.64040044944282,11.371878348827758
171.02554551299517,22.602911237961354,12.271981255581736
3.7624621290319603e-14,17.05202831938017,10.335025461688748
0.0,17.74460378133213,9.713812662798745
0.0,14.580269075043063,9.997840292720593
0.0,8.914689740282128,9.748833324864854
0.0,8.418589724199334,9.166438274420702
0.0,8.299212324708682,8.357654794263267
0.0,9.711140735259761,8.345875388120735
0.0,7.614798570553499,9.174271527508932
0.0,4.079757417990388,8.279469973731741
0.0,6.4067199993449515,8.832894749105693
0.0,11.522168733062367,8.63615171952804
0.0,8.980351485941153,8.817521364411524
4.1198925728803815e-14,9.760107915607026,8.340180218058828
139.77423854251242,13.327685986444092,9.298922805238117
307.17209140394436,15.941545224915757,8.25254710285213
430.60789061890296,15.572974731611865,9.835301393691696
553.1335591316857,19.41990861449469,10.563961848729988
683.9005004383666,19.413834321902577,9.978138280912834
628.9193177722709,22.781617499686202,10.48136111985159
599.2409124595475,22.48155199200693,10.626478052708155
445.669680693225,23.378694719857602,10.321619440830164
365.8089205467336,20.623798583729354,11.139385883918466
272.0987651862309,19.700389527881608,13.710810186343164
132.19463837343022,21.962607924562985,10.952539223945331
4.0672689685879715e-14,18.25596630298083,10.963605318564895
0.0,17.055380910770705,11.139574026835305
0.0,13.801968211578778,10.764989339475223
0.0,14.141660252958939,11.792152872300553
0.0,9.199139105692502,10.73553402634298
0.0,8.486702336457672,10.095402983338602
0.0,9.219725555980716,10.737675112731617
0.0,9.19447194886595,8.043017523364966
0.0,5.528424578796597,8.828197274745227
0.0,10.767904514449183,9.772028800611736
0.0,8.274223317961686,8.84716372617827
0.0,6.833232387740108,10.912547214591676
3.188171647954024e-14,11.314047258029902,7.9073672824733965
139.62372692589327,11.739392371062882,9.088981623942441
259.99614539271556,15.444080135216318,11.82204872760231
455.98763559894746,16.560783026349455,9.699430216676305
450.6442291801667,18.724490541230253,11.025664568549374
667.2205809660575,18.409610657170052,9.419058983088805
620.0422291960685,23.484268852558195,11.55720305765896
602.0867466306705,19.991095036860443,12.919788188124894
546.3435988572204,20.358413370039973,11.155639317285388
385.8711532121962,23.038070469457484,10.111097046976651
275.78058574695694,24.709834885481413,10.103015826761728
149.586329474998,19.52761121621353,12.600523154567433
3.9054924373586114e-14,19.977887806257893,11.642797503044667
0.0,18.79317587539722,9.7394018004433
0.0,16.2053120354381,9.179728279463886
0.0,11.882974221682435,10.874086369458908
0.0,8.393849726461816,10.506224872250723
0.0,4.5039937800148735,8.284368271456682
0.0,7.285442935013516,8.440423847724295
0.0,9.368095291025616,9.465059502948007
0.0,4.490995194689946,8.580739509059496
0.0,8.412340248938799,10.345289109131627
0.0,5.910818873834559,8.473956728596388
0.0,9.29461806749511,9.129968780912087
4.1968243768163364e-14,12.15491039252385,8.931020637380412
186.2016927717655,11.349783929716793,10.937733109576893
332.7088005759096,15.080296525607642,9.341089311182063
387.1449814205364,15.97969685158332,9.32496316227371
490.8386684369032,20.149624482090168,9.9489537749375
674.6694975486423,20.86681575067547,11.821248037297911
559.2632126361477,21.780545743347858,11.02382351225914
511.14583183685227,25.583433694810317,10.924684909165467
578.4310706408096,24.063939448950414,11.524836388122763
425.510520015248,21.086030042273784,10.55926068495353
357.7959275569209,21.4958025928938,9.898503392610955
169.85041813433944,20.244383843546874,10.749763491778072
3.264378970473762e-14,18.89996630946424,11.291236101220493
0.0,21.858898078248966,11.283417656269494
0.0,15.481030949635807,11.338658958312351
0.0,8.596969663184097,11.535771624914377
0.0,9.653729220779885,9.372470812274432
0.0,5.217728739729816,9.875987067432419
0.0,7.3170629172698725,7.784341323749418
0.0,3.2028355918716596,7.475630430241161
0.0,5.161681719500207,7.569155418700455
0.0,4.136012992056278,8.330871526883007
0.0,8.744979787296508,7.813311270129824
0.0,9.24908713740244,8.151844388859555
3.380277005048576e-14,11.510787276634527,9.270491725511803
155.12485508458633,12.625207523679846,8.870474681438537
300.43320411745646,12.116267161228228,9.705182873770973
390.0376966723164,18.0024577609667,9.74621331470245
602.0919151907608,22.74931178217597,9.536503992858519
651.9849375585475,21.380142068342536,9.592463670294414
560.2479794011414,20.98121669327744,10.386746930314066
578.970448290902,19.77613491973872,10.074449219301629
468.9289409796858,21.088728720117132,11.700332760910783
464.8818214713447,23.53834858509373,12.308354549351032
272.464124428423,23.97930194551132,11.025326329305601
190.71219019854848,21.083449260573396,10.986263059742448
4.232934832894898e-14,20.504637241049032,11.951463707612149
0.0,18.390771510511712,10.04146435566948
0.0,15.917931444408898,9.388468967913086
0.0,11.517363110294387,9.955633246911681
0.0,11.25270968558737,9.938231407818389
0.0,7.551252804380407,9.451396355927868
0.0,8.179155277019966,9.44872908526721
0.0,8.00682105320055,7.456529133532368
0.0,10.430068216152982,8.318536850629231
0.0,4.725630042331463,7.816282464962035
0.0,9.107312633086375,9.209430723096078
0.0,12.378119535134083,9.844652035389515
4.4627634863117674e-14,12.590196133056867,8.361021824012136
140.79904306122975,14.667839126209191,8.15479070578166
322.33045569265994,16.247890405114898,8.965140062493832
486.95497397801466,19.739721941750275,8.934936356050274
599.5809421826265,16.89754426515454,9.908137175035705
636.2394130190124,17.95750151893116,10.780117697413768
560.1226224013378,21.98803555072427,13.14722794291887
677.5086581462384,18.4775830045484,10.999152174963685
592.4378934215033,25.533792209735296,10.718050634319018
383.28976813632585,25.241337602682705,10.626503363896928
313.3335083831335,21.13400272148573,10.592806719804571
145.38732075443897,19.987813657550635,10.496237619744152
3.6639206062506094e-14,18.927805651077932,11.729972396313538
0.0,17.24709426307868,9.524014979587616
0.0,15.326848439767844,13.540240918956467
0.0,14.118412454315715,9.99211978160779
0.0,10.72724789536232,9.656886343276186
0.0,11.302032958842481,8.852536506523492
0.0,9.205883632676072,9.360445496374705
0.0,6.300857806643158,8.553916650184346
0.0,9.912416644309172,8.070483019794885
0.0,4.798270726143457,7.866006836046282
0.0,8.129656456782515,10.031306752789302
0.0,11.519171861359531,8.129716176801434
4.396641012772469e-14,9.79604509887669,8.70972166987575
165.84617799755685,13.790750241415115,8.819401479663172
374.7128850513062,16.328870502699072,8.468092735363964
388.59336515280273,15.591695933558661,9.16303497970571
516.2011950831544,19.097235869512907,9.560895975894041
648.9409390407401,20.586037897774936,11.181259641450124
606.6706118085692,21.0669188353119,10.76138065159825
712.3046763094891,27.572947623115073,12.023246292314516
469.7110247532316,21.715978601810022,11.926757046060722
460.85942622602624,24.97945850714929,10.679510586052393
330.56299749654727,21.3847925052142,11.524294537043861
174.73189726494994,18.725773180422795,11.885901922906612
3.5841819821869145e-14,19.447819795011114,11.319089163101909
0.0,18.61093043829614,10.920424808148567
0.0,17.083210458832333,10.964129926476373
0.0,16.29616916919095,8.739475789084423
0.0,17.13268388857118,10.160823702991042
0.0,10.08636546671979,8.634378804631226
0.0,7.159496922657086,9.020619209118767
0.0,8.592226543860608,7.9936573401554405
0.0,6.881458599770388,9.492302965637858
0.0,9.538410149975286,8.357823554689086
0.0,5.891352677576418,8.819925315421868
0.0,14.493699335891867,9.454322415713257
4.6098761621525297e-14,13.1259806901344,10.183049767949115
164.4793556636737,9.975324104170877,9.784391214004394
282.4528511920693,13.995826695953427,8.653623853329092
439.23819019071186,19.116598949631417,11.016084746493352
649.0455578037871,21.766572612926282,10.590923258861986
584.6478392983988,18.526263495611826,10.928455611185932
730.3796498518735,23.76813943172478,12.488962735321271
708.3909597082409,19.246611365572072,10.60803062326159
530.2002111679657,23.23521276964128,10.734765919033501
389.8455719541472,25.36538479510233,11.43610385400607
348.81607489027186,21.23905627065292,12.045822891426248
156.17122295084724,18.056894151799725,11.07812941345234
4.353299702365384e-14,19.70631409333849,11.304658384411335
0.0,16.27499912813258,10.541516340834669
0.0,16.673001232715045,10.56916099030997
0.0,11.572679275327085,10.867825902755923
0.0,9.868610721277173,8.743211259078143
0.0,5.715025609338505,9.669715747673715
0.0,8.999215492455711,9.650007640287754
0.0,7.538312813762513,8.46249265294031
0.0,5.210759959148115,8.022719786514331
0.0,8.247720117849894,6.955476179802246
0.0,10.713466671641026,9.298952360891306
0.0,9.499539164297977,8.183686307806594
4.234407699470701e-14,12.123863200272206,8.491061785558903
155.07279104290754,14.063599438978422,8.751738286283453
300.50801750244307,13.178869646270336,9.495775309793027
531.7451631441749,21.771253302863613,10.424047931393865
609.4111849926485,18.645829640383692,11.041454387532225
647.1686695989498,22.55661595384118,10.384040330972681
686.2350096610326,24.054163085361864,11.368703167538575
525.3432052200048,23.0357456567093,11.779643309229591
588.3925466385514,24.801119350747523,10.857875723864183
462.7440823044409,23.80657435457358,10.359459862201785
331.3807742314462,19.680453016448954,12.671221658327028
160.43404621961196,20.57983814762046,11.64742393069947
3.403818861649209e-14,18.362427495920134,11.326537011440308
0.0,16.734591578756167,9.464704124597297
0.0,12.979522944954981,11.220170790000159
0.0,15.769844373300153,10.049308730072877
0.0,14.791514609855085,10.578225945053115
0.0,11.886681003132693,11.304142835503093
0.0,11.375929472152588,10.692517796695357
0.0,7.346397969804954,9.689762431388711
0.0,6.4905605841617415,6.9651018315054944
0.0,6.478493550197845,9.649773333044813
0.0,10.123000869772751,7.313939409474825
0.0,10.560346110929734,9.66563256546095
3.557672990222112e-14,11.608630830936965,8.290222140808844
151.6813375275246,16.282818981704335,9.395065944043427
324.4710879699226,16.5729569617645,8.209940470153306
430.22406293324326,16.156311339912808,10.633004171475998
519.1070025009548,18.401256595862428,9.280722617347118
668.2273661273522,22.783915102134486,10.408527505526253
693.1316716563185,24.774743189718517,11.873040106167295
708.4478003633558,24.5938413289583,11.68364118291845
553.3505711249543,27.556851749877975,9.808748988147988
395.21067974669955,26.7604951959092,11.140667943319967
302.7495556182098,23.573349154110847,10.066960889689492
199.17489739662594,19.74276718466319,11.619156194798895
4.16639565164302e-14,17.14309923067028,12.991533822630057
0.0,17.05886312492455,11.01810119543903
0.0,17.269501146966128,9.600516162674145
0.0,17.345816051937526,9.529094765349258
0.0,12.597968322955415,11.69261686305649
0.0,12.443665593103908,8.46146890065734
0.0,8.52164914069064,8.941220447551762
0.0,9.45859898348431,8.317344542949943
0.0,9.5871810022961,9.155570672252832
0.0,4.253872181324153,9.528654468525087
0.0,8.185386508313224,8.028171854927088
0.0,12.183013862405115,8.965282956564197
3.4409960648082646e-14,12.489404014614887,8.910040769867651
169.7541049089149,11.476884886219723,8.578417042462986
301.52228418189935,11.080222591887043,8.924371719623368
464.452647581397,17.27945821355791,9.944926594154488
565.9262598806965,19.797295957553995,9.392009719123442
659.8809369320034,19.829475693177443,11.516582926084943
630.3489839636431,23.154840447673255,9.781337410895778
565.3004575261156,24.68064744812009,10.115318720982216
575.7183348576496,25.28184168479422,10.929212761202228
524.167184409984,18.956036103789657,10.394874647647905
351.1711541732581,20.240100378001024,11.241870168251413
162.03026091438878,20.988076296124664,10.913606711936406
4.690171335910467e-14,21.08481360541668,11.508798945370119
0.0,18.989487731261992,12.433136905873562
0.0,16.884207239095108,10.94107677098775
0.0,13.103079098583725,9.075329649423084
0.0,11.285200468721836,11.109101391331489
0.0,8.826954557005894,8.8469817708143
0.0,10.727841028787475,8.70996517953704
0.0,6.551271817059588,8.347868728704407
0.0,9.81972879323043,7.865853599051832
0.0,8.807955868814036,9.669921431998336
0.0,9.101363815665472,7.989166946322721
0.0,9.149380953805977,8.727282302058075
4.0426362776776714e-14,9.408572280523039,8.154270128447113
181.20841790320787,12.753798129275033,9.944086136745486
341.6463016138793,15.459642265601516,10.218636808477637
514.1477644001733,13.452159740508954,9.352725982896414
534.9431802408578,19.72494569218196,10.694781713968368
661.7682972635317,23.62522498839568,11.1234375965053
572.4018685077574,24.182295043994547,11.0462377365623
627.2247780728649,22.85465086168082,11.382174500562368
631.2402926721724,24.213528599681744,11.46465788108686
505.9181195058531,22.734733474319835,10.251611984062917
392.86997810781435,23.34538069979819,11.722625093420803
159.75754768868856,24.856725899831734,11.05920188048298
4.09847077947669e-14,22.05665360810104,10.747070799559173
0.0,19.231796975056962,11.721470490929367
0.0,15.133886178083854,8.861938901235714
0.0,15.548980427920801,9.243098225922981
0.0,8.745902100105186,8.498409294874028
0.0,9.95809478937713,7.796482887940123
0.0,10.53980674456779,8.222998941048541
0.0,10.054022952978357,11.074134938821429
0.0,9.640356115626883,7.8214985497700855
0.0,9.162841903302244,8.735686010897416
0.0,8.980933946752124,7.408611153926801
0.0,11.719684825355998,8.768099971038085
4.1545715852661595e-14,10.394865054022802,11.169205600505268
202.0583232801809,12.540680247788734,8.572719153566942
283.88931001737325,16.424056488115994,10.50506630193414
452.813407686752,18.71753478143306,13.055159832784174
658.7295470500238,16.649356778066107,10.420832081157027
628.6482991986242,22.867734146586816,10.114720840682278
603.8742315806907,24.774247121309696,11.324560130874023
635.2677931021192,23.873423270575355,12.176976662789723
561.4619412348943,29.049519701763383,10.463816527057048
547.7721546157114,22.662123532877573,11.200162487122414
369.03447573583634,22.50661603869717,10.83684547145135
175.17657388679174,21.167307572433362,10.60131948893792
4.8499860738334946e-14,20.148211912613366,12.017061881834245
0.0,17.713689870082984,10.37782301848146
0.0,13.486966045985657,9.823112947219794
0.0,13.136938181902284,10.071494445564207
0.0,12.10534574364725,8.754995659128609
0.0,13.100877049827016,8.420052350299448
0.0,13.95949044304507,8.781574224875591
0.0,11.426748311963518,8.280123807957334
0.0,6.932449067229541,7.861628902548728
0.0,7.364181295009878,7.099095601224485
0.0,9.236346741280542,8.394526711022449
0.0,14.395470654789547,9.433769739170115
4.7348076651168075e-14,12.15235902221097,9.828840179201228
177.32137507008258,11.757639784679727,8.41434456459075
373.76083456957036,15.480852852668685,9.65338826649748
492.43625966230053,20.067871491033756,10.91169997480879
601.1423145182333,21.863087680366927,9.966114707933839
568.7393638867567,21.739628043083822,12.158495588956029
591.5431692358494,24.778239703970325,12.243468696391616
665.1041872117236,19.664269331793637,10.393283414838555
542.019846211393,24.69086559664015,10.67189132614146
400.4096172978964,25.93198457962456,10.520258330260631
367.5298458012605,21.745683806541194,10.511269133375633
147.2728379652665,20.467384303074557,12.515475332955694
4.313076509113865e-14,16.750310821047805,12.460234871890346
0.0,21.733550677016307,9.339795066483891
0.0,15.042899172531621,10.414135961500836
0.0,14.894741321478811,9.950885959435166
0.0,13.691041209541506,9.147264779767864
0.0,13.850488775365282,9.376942776369336
0.0,9.43146308449786,10.479062686332206
0.0,7.861195664875258,7.6728472456581915
0.0,9.013597159885748,7.3753481538878765
0.0,11.50821580551667,6.976424856871481
0.0,9.398913569667563,8.00402429140903
0.0,9.100869450084108,8.092451204268515
4.380049957263016e-14,9.585946246113918,8.548605759232343
171.97063116328758,12.154314732714024,9.030924065878597
287.9951733657755,18.39624485755797,10.101299474321364
459.8106209238525,18.096765270951185,9.518907888508622
545.9113715280095,19.45242004290322,9.76319628456445
707.4999295672492,20.892381665869138,11.506450621814531
796.1839389835907,23.765756813420516,11.922252011476816
609.5454756152009,23.91595828552602,10.43638592898709
660.6660834980427,24.121197575306137,10.786146899171612
409.73571038369516,27.093516328678664,12.248790987526716
348.2814706909185,26.67169765674342,10.13203103697532
150.9273958069409,19.10427276641903,10.662756864381192
4.8532999694227875e-14,21.322647325030555,10.711035704155156
0.0,17.184290026322024,9.768047685640761
0.0,16.170959635022456,9.386806234443291
0.0,15.215466272177864,9.595330787788152
0.0,12.242022028882804,10.08989892480297
0.0,11.471527374507527,10.066389583856804
0.0,11.271033926838522,10.963228330372623
0.0,9.715043735818291,7.342591613276369
0.0,7.559624136714951,7.6266203863385975
0.0,7.867490920797005,8.964681198496624
0.0,7.045682921538616,8.402149228318098
0.0,9.488601900516382,8.048296407420882
4.382972914933048e-14,16.777433468847256,7.985972810099302
178.29592662441203,13.198737236039543,8.484605728316586
361.57661943072463,14.466539120162558,9.196742731129572
405.38445847150234,19.56370482955991,8.970280437125158
535.6447808579768,20.632567226466477,12.125321195083139
667.4978209528938,22.118964520844127,9.51191093446972
803.3797733393052,26.59959190814989,13.265550953380096
642.0421206961079,25.678956706479475,12.102417741037641
584.2756808489245,23.793310881643247,11.019508705599804
527.2826391831745,23.731751520179184,11.907804753893409
359.27906416413634,22.776326947514338,11.64625928734815
166.67261331790516,24.259630237703092,10.365756065525405
4.110815406047848e-14,20.237001486143924,10.434827049434332
0.0,15.337542100962063,10.533896419260994
0.0,16.75665738758151,10.490991509088266
0.0,11.708692381974174,9.856710525912678
0.0,17.221757948560004,9.299578184622721
0.0,9.265106667863357,8.867454895775802
0.0,9.788723945614176,8.66624216481565
0.0,9.829655565694877,8.276600813874222
0.0,8.463340385246688,8.382771839793378
0.0,8.733189293360217,9.525098702111533
0.0,10.95610804865139,8.618998991086503
0.0,14.436234374705325,9.031757659712422
3.6529341440330736e-14,14.575674870239745,8.91319760014845
200.56047414912518,17.927132102932067,9.345806535528366
382.993488040481,14.947418490418144,9.536310974679864
566.6970763481219,19.745934333936038,8.396014896727422
681.1067176699577,21.351148810721707,14.047044813887942
718.8449237340106,23.399693539450997,9.185754816973436
588.5677984839621,26.721323878151804,10.544748007508034
742.5973713131389,24.326485017333585,10.031514084957397
679.1828150417725,24.229649973496972,10.153452089003636
546.4509498330804,25.836024911755022,12.07799953163433
350.55181988206874,20.412454481748963,11.004810807732396
163.86247309307262,22.22380685785317,11.906767558198885
4.8018899936452454e-14,20.772261328034244,10.255398712763023
0.0,17.270491834811462,9.904696115990998
0.0,19.1547747293183,9.529968053803373
0.0,12.845623711098414,10.022990645297945
0.0,12.768910609877558,10.27572791050395
0.0,11.970116907758705,8.867677193478482
0.0,13.008186121286055,8.364703419858794
0.0,9.480966748535076,10.557684855834601
0.0,11.10179341686575,7.300127380471525
0.0,10.903270412851038,8.17742513163322
0.0,10.548198110672104,8.044662699963974
0.0,9.393605162570038,7.3880226646486085
4.110891085687822e-14,10.360324506800632,8.10123703645382
204.42473018616494,15.371944670627535,7.634039529365929
359.22018054202124,16.1440924808041,10.551045297702089
569.0560005085091,21.13856077279208,9.97936837051449
702.2400611741696,22.721199264806483,11.030617522606658
562.8739604316304,22.51711848922761,10.51153519621554
599.2270301457418,21.842263611002302,11.018155042186613
620.847599987242,25.97836393813642,11.54046313136254
646.8977498039327,23.19358733633903,12.582598675052244
566.7060403380937,23.439964993060144,10.164757159747074
347.443523341531,22.19885798245453,10.76110424523106
189.31686518334908,22.6093384342218,11.565532201842354
3.841472150530636e-14,23.56987089675045,12.670624713473494
0.0,19.28995684898244,12.770860402634483
0.0,16.343048843753937,10.448870740835503
0.0,12.107704007698674,8.97204910979622
0.0,14.333735398069017,8.368642840463211
0.0,10.011822767259694,10.711668747000138
0.0,10.726561364840776,8.470234465058738
0.0,8.983885514654267,7.654158054020741
0.0,11.096083795998968,9.869665216569487
0.0,9.377849962430444,7.186738913234639
0.0,10.37367341747848,8.860454273455904
0.0,12.734369402218633,8.704615243977877
4.4832497098368716e-14,17.633609721326465,7.567599145535472
152.03066903408538,17.126070856697037,8.558476723368903
388.07686427055967,17.242517144102877,8.440050395979965
540.3115793283571,19.496677698850835,9.948449346582793
586.4257557021809,20.370010436151226,10.020890387656353
578.1533402205267,21.176592199253083,8.903117480112678
774.6303256187543,23.24243101294296,12.939143497617156
796.7508926246969,23.602838039688756,10.632954090379856
559.0260856231322,26.726466124391866,10.564132545857817
471.2302370090689,23.004746251374666,10.5253999623938
315.68813669537514,27.014353709835692,10.302829743441952
188.93361949383956,24.58067637353013,14.63356596074562
3.821567575163447e-14,21.46073281553543,10.265599024920977
0.0,19.490918940550397,10.2145084398039
0.0,16.305166737570985,11.27449415698164
0.0,15.889345818675455,10.048938006947093
0.0,15.595914283217274,8.990394696960243
0.0,10.356562182796086,10.296118318200037
0.0,7.6163423099197995,9.292876041541993
0.0,11.290359617433714,7.717751582347918
0.0,10.260061666520372,8.582602300164051
0.0,7.643525504837866,9.697257218266838
0.0,9.216343745929024,8.207379734321433
0.0,10.236266920440109,9.000878071718613
5.0377764424626926e-14,12.162265179964274,10.704118520717959
170.43720867840446,14.89341184913023,9.415311882722404
341.87939314646417,17.078235109471276,8.268915979842784
518.9731732184819,18.380294768716016,9.058811569697475
704.1119271525533,20.095002079032913,10.289571520561003
800.0389698208328,22.810615279686388,9.885171291981058
777.0917923157313,24.874916018027402,12.615159237035732
591.119251885889,24.706143255615626,10.740614210278357
657.5612551300459,27.928663764715374,11.011961343491027
490.60959724828405,26.35491175718689,11.699041286808988
354.55017890400137,21.35784123459089,11.172330633468071
155.9373630955952,24.31563949835286,10.686499312439807
3.908972600799775e-14,22.822417683203938,9.625056409075846
0.0,18.812412142604554,10.654849856824335
0.0,14.62093454342646,11.231665343597955
0.0,15.556910876034877,10.15149482654846
0.0,13.595912415068284,8.997714275622458
0.0,9.711182995474001,7.9889815745594195
0.0,7.973588874189877,9.51957405776354
0.0,9.901716833765834,10.049844173832117
0.0,9.338076152883614,7.929861196839282
0.0,9.242293196027926,8.760786674186129
0.0,10.709205837216626,7.982312071449498
0.0,9.94182353985224,8.348173032867184
4.4752164549347305e-14,12.934589311253031,9.607310308632028
193.31124446613364,16.80032823739379,7.816943024140985
344.08426457864545,17.10429037628268,9.327086093698018
566.1210375847288,16.53083795422032,8.959684653823272
630.6912173058737,20.858845981538114,9.653634883145209
603.3342846399046,21.320767859463917,10.760397861954328
627.7577356551375,25.26670636018423,9.3696137973743
706.7869836657425,26.169311954058657,11.174081101729652
721.9370278931631,22.486681286813198,10.580178048460978
476.2114679309082,27.049663088462182,11.58103033668022
408.266427884388,22.50806116470365,10.20698463452995
204.37667156072465,26.57944936744234,11.583150723136942
4.029277063496182e-14,21.706678007984024,11.074409973802755
0.0,17.381995900727098,12.494322268014448
0.0,15.520258395599896,11.477286739727708
0.0,16.429868759739783,9.130952376145828
0.0,13.021630757188506,7.921270093375003
0.0,11.954068468256597,9.29090048970308
0.0,14.295731888100327,8.81456984504276
0.0,8.872479914211063,6.987715311593368
0.0,10.118300368373173,7.227874944520411
0.0,13.11065701741532,8.328057157771829
0.0,11.611198373639048,9.621028079535437
0.0,9.128314932773367,9.733005812150823
4.959437185950019e-14,15.009152676446035,7.703153620836313
166.61475390749658,13.601816576594706,8.59668622750569
403.61585768020996,20.81198971044769,7.985290607341868
549.9102483981726,18.42319180380597,9.545076024059073
643.007972792658,27.93739366847309,10.706780711870476
752.841948902351,26.589980879129495,11.201628794959504
705.5135934978747,23.333352744001314,10.676557576261455
613.5535382090453,25.765808873297527,9.88717602875035
667.4655702893693,27.505663216248685,10.788088181927899
519.3445520452556,27.29310221174772,12.733305359535281
381.9704552769089,25.811250403209666,10.42359626047045
177.67716347718272,26.15954697640636,10.493706244016565
5.098708204462805e-14,21.75243675971302,11.357959624682486
0.0,19.33549167664986,11.003375243197091
0.0,17.30464667713254,11.460879359879067
0.0,17.644568756105848,9.354952477679802
0.0,14.728736733587054,9.265315105031625
0.0,12.924087734869893,8.790628607534163
0.0,12.85596980516958,10.110694003872442
0.0,6.364193110910472,9.052514036681787
0.0,10.813842184681029,9.14914615125607
0.0,10.903435704365613,7.18520298101102
0.0,14.603117469256627,8.986036143390763
0.0,9.479674322911015,8.136772773278805
4.788459827402244e-14,17.308077801684245,7.17603228812448
214.0164047582934,16.273970433959892,7.677219849951069
313.6956560265175,19.17168359825082,9.669890501184593
585.8052933065845,23.616094472969646,9.293509406748173
595.345596524939,23.315227072941873,11.164207943108828
628.4210332633755,24.65129536534823,10.981768381455078
666.3999086384848,25.606490138810877,9.28610473870069
688.3784470195161,24.95415487725452,11.383560342448657
579.7712468799592,26.13672628790994,10.302637035243027
486.0880610125369,24.490085614997778,10.91149362434978
319.6798585882563,25.032773968355276,11.358259122015593
176.28539006955478,19.178697392312912,12.099864590257488
4.608552011334575e-14,23.051783672065824,10.550758032559424
0.0,20.020782390183644,11.250585869515726
0.0,17.5212970635972,10.789578334897985
0.0,16.562668343990847,9.392705751723277
0.0,11.326576690999849,9.208582664480703
0.0,16.395390280680914,9.37533476181805
0.0,11.256424155121282,7.2001692115889515
0.0,10.371066832115066,9.582376191332614
0.0,8.459369888106146,8.880110913341557
0.0,10.710648462957968,7.476322516747892
0.0,14.23587885864304,10.442559394492884
0.0,14.805140477743679,7.495303618703869
4.123761871903008e-14,16.099037810653105,9.977710161071636
161.93323913751283,17.412407850886368,8.407672735943297
321.76670314481174,17.67307725324677,9.917088332850376
589.2575534863936,17.560388335118752,9.4664626963062
670.8290598822269,21.98808476463872,10.60289660208772
652.2418680291221,23.575273628797017,9.478087791459158
754.1164438581218,27.415954417989983,10.086491438354246
721.4314028717176,26.736349803604178,9.852791921981785
675.7244711598732,29.614785364179088,12.184878232306328
473.7796746425669,28.512545998760885,10.590623479058035
417.4065638023459,24.40537431963931,11.531766173296399
178.56281621610464,20.456758164624635,11.824038137501603
4.839568099099543e-14,25.161312776254952,12.00996805810924
0.0,23.179485115653645,9.3255231513015
0.0,15.657739126567538,11.28331095385874
0.0,19.33808998720683,8.842531148115622
0.0,15.154396649557029,9.827868341959
0.0,13.054679055130917,9.439856461925553
0.0,14.889053030847103,7.004505431690774
0.0,13.549653488776643,7.579830702262179
0.0,11.890351656618368,8.077172177935124
0.0,11.80671727393938,7.856540552799507
0.0,12.892275103413168,9.598825561727397
0.0,12.130720635370528,7.916797035674389
4.825218885943206e-14,14.477486853163319,10.144960783673824
183.09487324044466,14.712503082618708,8.69895109838615
413.34621248560165,17.92161020115012,11.144014914710647
488.90823812023575,19.92497435611026,10.19287893426388
661.7899770311063,21.317079013384628,10.927936406863312
782.3963040629283,24.518037007417266,9.296061475887345
713.5875410277077,24.867931281502315,10.819549989788781
669.9109421332913,27.31956580364445,9.964159456219317
636.3015214179812,23.343048526040427,10.517986351919275
586.2536662583121,26.088386774725905,11.357224080107326
429.2717279189853,25.77899626325846,11.60559335405732
196.00229677078931,23.62328552244658,9.579245501313506
4.824583984751403e-14,22.242904353009497,10.68115928796583
0.0,17.48775009198841,10.455867322615088
0.0,19.300643961966944,8.841666972057066
0.0,17.812349356941933,9.547109143007399
0.0,15.574764341035495,9.729270105157335
0.0,15.008289622019944,7.598091235567179
0.0,12.261084319343404,9.18474321858632
0.0,12.016184089043238,8.409866997213582
0.0,11.098409814967614,9.082997650055887
0.0,12.433923166926352,7.3471581200272045
0.0,8.703565835514155,9.083205899536626
0.0,11.342212152605509,7.186541669397515
5.041564365899403e-14,17.960027652120093,8.232941970725909
165.29003966123415,11.794804333041334,8.048627157072362
419.0072887050697,18.505872478403223,10.35673575939967
517.5956371354449,23.20133061809021,10.064761791417457
672.5858417880784,22.59970700697038,8.564013478504894
620.488050943732,23.633060444644894,8.800872035058982
708.0479832012536,25.97327492196002,10.089348521305778
620.5005191093048,25.80739458836156,9.940773297270098
756.4995316094315,26.847927323567788,11.299187764385348
588.7565507929163,25.146872875326196,11.443329133314066
370.23245299267074,27.93178040824087,12.67841299221562
175.45061137363209,27.28961242967761,12.639887499843702
5.303232696454805e-14,22.519447693830664,10.990083502526355
0.0,18.08380185749159,8.756110690126665
0.0,17.73854199742712,9.577208604844117
0.0,16.347698657027816,9.552028658412706
0.0,15.797306091860328,9.130140256210476
0.0,11.113347642220173,9.028432505937374
0.0,10.519191365822355,10.365025495771793
0.0,12.279664898787235,9.473120744641717
0.0,12.863536897461282,7.059961628631872
0.0,10.015124532728253,7.44186103038713
0.0,9.391081895204664,9.056951257732022
0.0,19.897101386465554,9.168108267658408
4.597107259106089e-14,16.552327707559595,7.904119077633901
230.08863071915442,16.381159349027936,9.370137469252484
402.37108238085136,20.723781784443847,9.553216715938934
454.7405898190002,20.80735833477349,9.431646457502856
769.4908456171131,24.72003301158254,9.16654654885796
707.3231054878875,24.96135987842699,11.542827835039423
700.0873465801114,26.096466259992823,11.018977722995276
746.0239486801905,26.485962107233135,9.989253335476025
610.2043230497754,24.090956566455986,11.487771443127812
457.07956610544835,30.58931564248099,11.655740214437294
311.846975387131,24.030854623122192,12.231095833314432
192.40901272510024,21.92252633025336,10.132956193553325
5.1855646012452467e-14,22.55999946786943,13.12723402547621
0.0,19.13332796718132,9.395846033851186
0.0,18.882293652261623,10.134200771914267
0.0,18.290694569685538,9.899048426088015
0.0,16.976325034440613,8.915149015771535
0.0,14.95832642713315,8.685237307948164
0.0,11.64663598530821,9.72010468979651
0.0,11.557880370165707,8.540844624938575
0.0,12.001861426950063,8.012820002543327
0.0,7.94312186695839,7.045058566171395
0.0,13.399069495119289,6.526544656734596
0.0,10.614650500495038,7.235500683623431
5.297773537617683e-14,19.26679652296806,10.280237865460116
185.4037657400711,16.306520795051526,9.457371386620425
329.184024128082,18.816352970765898,11.111393565647276
609.6378684351367,19.717241487499535,8.185173720732067
692.1280601589737,21.9261632614437,10.327557671385152
649.4246967606913,29.39114471293394,8.979494827840448
743.6835521622041,27.995045932677186,11.33307662839233
681.2781327997669,23.81510504517195,10.487855249862204
715.5970175500916,30.19452912652554,9.887246089690564
530.352188781316,29.29999448575049,11.1362146077786
447.1273360908474,25.551881630854016,10.399283470471534
166.35130692327195,25.456351458707136,11.178945279264305
4.4304502154302955e-14,23.156215166312933,10.936612274843828
0.0,25.201815494869113,10.763599122145255
0.0,17.5935229471709,12.613884495559741
0.0,17.40757218388637,9.202221865084582
0.0,14.329812663169474,8.998071718504217
0.0,10.663168266426993,9.609392970300698
0.0,16.84239451507608,8.575469546266103
0.0,9.296781466724248,6.868173432566495
0.0,11.82757961021717,9.050381386598737
0.0,8.178513412168401,6.7373775236708004
0.0,11.660976926479922,7.194215518135312
0.0,14.574404628616154,7.134735878067524
4.5355247254931824e-14,13.737853276236894,7.286508846954397
185.9851778537723,18.490372575892764,7.350116208906351
379.69568348450855,18.849239051465453,7.865084016786074
502.11353044532024,23.77803862085901,9.30613706669234
773.7036237898274,26.110843061922065,9.245528039628393
693.040612806127,23.870685963273974,9.26313292478081
659.2472380395354,26.468990184303042,10.91181247125473
749.08055458509,27.48163629849863,10.08911386681651
561.3102329121017,28.626019826111015,9.503017237375966
468.55450365698806,27.143491838042696,10.749920481335437
346.07442637222346,26.695946384202813,10.445717568361184
196.33181623364416,24.55736253514376,10.315265777365951
4.593255649945643e-14,23.617800969185655,10.373442469708177
0.0,24.053753983132047,10.630236962692344
0.0,20.679487717665328,10.123645912474295
0.0,18.71928015330819,11.105430174310277
0.0,16.833461883512776,9.097161969019492
0.0,13.422849429987167,8.627172501696162
0.0,13.298764195315929,7.67006662385294
0.0,9.691559371448346,8.825012537593665
0.0,14.126928651066294,7.080971204558748
0.0,6.295985863433393,7.894680479023533
0.0,12.486813323486018,7.781134123946755
0.0,16.214251043240548,8.524293296532015
4.2963528154613534e-14,12.861577471173698,9.850180235995394
230.86748982056687,18.318320812845915,10.424189066723681
436.03230350493163,18.227780445274327,8.21975441095243
587.7272903509092,20.92225916887481,8.852753654470995
665.9892269569172,25.481195259711257,10.723135941046706
752.8657675009882,25.64228143969506,10.210080346278644
903.6772886420513,22.448804832939164,10.365018796950462
870.3857304958025,25.363868869281728,11.27699500632895
602.8436950987444,29.539984808209898,11.119204329453495
607.2954560088435,28.21460538513092,13.008824632462831
345.59018235935105,30.013787713756457,11.072685153343098
180.04254943320473,28.611462775951352,10.633917870375788
5.0331118889502895e-14,22.904823078138797,10.580856713285927
0.0,26.666341309391523,11.072260752158783
0.0,19.6382726781362,10.08686006548968
0.0,15.593423908794163,9.791824298886072
0.0,14.322033606611226,11.133910081722956
0.0,9.419008878361161,8.963849934563667
0.0,16.077854566330892,8.046580714625517
0.0,15.254137147883021,8.593116270937935
0.0,9.761004902481197,8.350669134066141
0.0,11.608844593031481,6.4599456920375875
0.0,13.055031638057484,7.862148204138574
0.0,12.214459426331231,8.755660846144295
5.471640142056139e-14,12.281815717565518,8.325919812921104
178.03077618252385,17.30075221173385,9.433372041743175
337.62971005771374,19.149860921189347,8.88402092336588
470.52652699992007,21.085749658950455,11.770322279930621
772.6046418569576,24.23745190530977,9.289407477983579
671.5080946427312,28.307913346652203,9.09553140680836
756.4530900053246,26.114037570999898,10.283952393527285
739.3317101716206,27.86031238786311,10.789447237204435
698.6428235593575,29.24576082759771,10.483218108043479
467.86664218189225,28.62771224344588,10.277229751420357
352.15605993027947,25.491375961487666,11.284457577349503
232.46927724015725,25.641628275828293,10.398906228598063
5.4609612455458715e-14,24.887099420445946,10.78238978851376
0.0,19.60586946590645,10.931345529081353
0.0,22.319097801700856,10.504742661616515
0.0,20.584645229715896,9.095630883775868
0.0,14.346459269218855,9.167585869071111
0.0,14.522505567311796,8.519367553624324
0.0,14.351733777041122,9.49677442374566
0.0,11.176745571004517,9.302471353191214
0.0,12.958608185350757,7.545472533265915
0.0,12.594485136246353,6.816754568483464
0.0,10.131340908421457,7.104026978177025
0.0,15.256848876439305,7.749784604674067
4.862045070697778e-14,13.795095661432498,8.458541738627627
189.08841976149125,19.803233836478498,9.014601723257602
377.6867054314998,18.652958343706793,8.577031997775334
492.36049122231026,21.743361987472444,9.795040242616409
698.6210956996343,26.73993832086772,11.417118476912563
880.8892240650111,26.64499803652464,10.501203326684358
785.9171404367701,24.76463588510099,9.58803772615967
646.6862779189523,25.692953962688946,10.8573479206768
708.6824376454497,26.796774916727117,10.912347613181858
523.8207716730698,28.512075271000448,12.056865875925041
441.8431277332871,27.640183354115617,10.458642000537797
198.50547664645381,23.96603013414121,10.478395219151576
4.2860014197047663e-14,21.66096152274585,10.667984038128411
0.0,22.629099664966404,10.170579142532631
0.0,19.631660362394246,10.337996404354136
0.0,22.239259908049878,8.102451845939473
0.0,16.068587807100727,9.12912596140704
0.0,17.967031899882738,7.666736889406046
0.0,10.930364793379976,7.838613364411342
0.0,9.325502730428207,8.451486225398417
0.0,9.959164954813097,7.047426842542579
0.0,14.850188172458555,7.384139993906655
0.0,16.783335168975725,8.423381783508813
0.0,12.97812206246652,8.421021590599825
4.242080658942881e-14,15.278203160345052,7.225848228286031
205.34769187915327,15.790821038619002,8.774417500121158
389.8086111765351,16.576055525627392,8.078601053990347
638.1248698269206,23.70671097623759,8.746956533104923
788.6074620488307,24.645375825788495,9.624914976018525
732.2942859700922,25.8771654347043,9.09918485443868
788.3108557455653,24.32742537581292,13.2276220386012
870.4754392402392,31.206655193834035,9.817966717853226
758.8117857804393,27.192621743765223,11.583341608164682
461.11567731144214,28.993994679809663,11.830181830024845
370.20277031231683,24.218415639650228,13.676641860840812
198.9770048067517,25.47513909011647,10.463975228854638
4.37931280836007e-14,24.782084132341335,11.608300675264369
0.0,22.92403801679095,11.973412579219195
0.0,20.508632306337418,8.928197609528453
0.0,19.117827843141548,9.284569875350732
0.0,13.938294307798245,7.7779093887400865
0.0,14.937226181251107,8.88785116920861
0.0,13.703135658274695,8.446215773729566
0.0,13.139762279667227,7.297092344655262
0.0,12.548513956228014,8.720632267830421
0.0,10.12999136345031,6.530258641199833
0.0,10.840020787096194,8.753680607105194
0.0,10.318432900328169,6.6701208565363155
4.3597191938408125e-14,18.038892541280244,8.64818208706228
185.35411210364404,19.98858618023988,7.463354614971827
368.82556669717826,22.090924104033892,8.32802074047861
497.9323155287646,23.08795580733272,9.903069408752472
660.1167640458702,20.13758508615343,9.175999423816965
880.5126291837731,24.007256787511498,10.082522849217165
828.5454773453712,27.672857587051386,11.843137191456208
745.1075080895332,28.402266137485785,9.39078083426025
795.18322301238,27.958327095285608,11.671179314543775
473.2366629675287,28.86906453771869,9.660098671317142
357.36250078114017,27.355330167235653,9.825810015894062
210.84641779745144,26.302218702184753,9.652432012408283
5.0737301742339866e-14,23.125692855925617,13.232453613481741
0.0,24.438397854652997,9.281951204475753
0.0,19.542280304228882,11.04249269868451
0.0,15.671972994728232,11.97777476055155
0.0,14.861825495952193,8.643886683952392
0.0,14.05003688937331,8.88757266343513
0.0,15.66858715131618,9.009020384454356
0.0,12.796842197671864,7.725288451570087
0.0,12.236488366922698,7.0034208834941865
0.0,10.384051345016196,7.620334721530053
0.0,15.251546754237639,8.594538316422483
0.0,13.648026247314846,8.776815641145216
4.5919091518472375e-14,16.408729086971324,7.575219883486822
226.9742494899792,21.49859859779756,7.739144318930675
400.5185046222759,21.626311466952608,10.406737091841809
528.8250144521476,19.422829070243814,8.03628174423198
770.6591165785824,21.069764332149052,10.304207065052758
874.6395366891223,26.137018154107885,8.798078031436367
850.5655270787701,25.111506805379896,11.370503165775283
650.4958502245482,29.633284910432536,11.982394781968887
710.4714118227699,28.693310934783955,10.249190853309607
619.5031772784645,28.666960953214268,9.666332797931963
349.38772810773037,26.1235016718448,10.679866169722711
187.60547717092695,29.748406364919788,10.101840276306778
5.571128717154078e-14,30.293972260874916,10.142118933585612
0.0,22.122167718160732,10.45352364993035
0.0,21.314863301684,8.970834716255505
0.0,18.733067130162457,8.940997232460738
0.0,16.08941107797186,9.69430729244478
0.0,13.287789619896024,8.89393653598293
0.0,11.71601912996908,7.779470948181483
0.0,10.81555719384195,8.37375541941924
0.0,13.624638386303834,8.54227241411241
0.0,12.047402768485728,7.978174069912293
0.0,8.729369404648974,7.180837163796545
0.0,16.047020526909808,6.315542963046985
4.9965085757689586e-14,16.737635770277237,9.071152621383588
201.4906736049358,21.43695197718767,9.463493180087756
468.1502660868978,21.560403129387563,9.382280621238724
599.3043127043583,19.927363503405115,8.147780640457409
649.1454196715698,20.354805053745583,9.847663874992756
676.7898403375398,25.03206781602205,10.956600804857334
904.6401078509341,26.49214672409375,10.049266633433621
741.6452227690796,30.427883347518424,9.82175654370309
738.5238783843325,28.796416470626397,10.914512803990334
564.8028610364246,30.80894194171511,11.729357498898931
360.6529724801703,25.092695454075784,9.479824999723348
216.38042518082395,28.40154135345882,10.788806453615438
4.175597803987684e-14,26.256136642067382,10.67419307240143
0.0,18.848242473163317,10.25390751878712
0.0,23.45939401772709,10.020794697698372
0.0,18.930522957918082,9.581230862690518
0.0,17.59824734294256,7.942626995364482
0.0,13.427511860856319,7.868237388125401
0.0,16.642174051603366,8.458122609489896
0.0,10.920771987244645,6.52233674378536
0.0,14.684067292782823,8.112412135007698
0.0,14.933691597539728,8.146789656223929
0.0,12.143345169414975,7.1509274115784764
0.0,19.3297762053877,8.164707495114563
5.576417319503578e-14,17.48294021646997,8.241365866449136
195.6783764276857,20.257116115756812,7.90331883417133
396.12156921508426,17.965641665363417,8.742897097448207
568.5662611360668,27.325895622872224,10.65498265623844
618.5358830496173,22.57076937558475,9.433928921734074
654.9030111029049,28.72651037105917,10.297977092792376
940.6262860246015,25.95854305044705,8.99424035821697
712.9713160121772,27.50931226065211,9.422379896979209
639.0429432939305,30.597391343805825,9.585468192934199
490.0292002534623,30.802395293697792,11.50867207558468
467.6756867345244,25.405517988082238,10.316327396523228
216.20175137770292,28.8576818436413,9.86959474506183
5.2682659131427625e-14,27.109844246301318,10.960577293163674
0.0,21.21452879916531,9.167362140953877
0.0,24.21717844321715,9.006369587635227
0.0,16.03561563871869,9.055826973610262
0.0,15.770338090479699,8.434983578099395
0.0,16.321034254726527,8.680771832498966
0.0,12.590562806927482,7.748215037144352
0.0,14.02613016765434,7.638711178245178
0.0,13.708050764214795,8.895036248840814
0.0,13.124343456450218,8.963284633145145
0.0,15.962496453513813,8.728085663808804
0.0,15.112322771800546,9.05500069726056
4.550509779422425e-14,17.688980744235817,8.300752756502629
189.87626222449364,21.448290000763844,8.813484967524925
372.9106894480382,22.807271026659887,8.941592072670073
640.7411340421099,24.86848554905679,10.006561732411523
653.1973803440374,22.927539402174645,9.702645633904975
703.968714437907,27.932338007103226,8.961021547557648
819.0754002364085,26.397104254944704,11.161076696418702
891.9248819471608,26.3904752573647,11.215063049695907
643.6171402856322,29.08248591403827,11.593913836915902
492.2798043707597,27.14471484361757,9.943984628436878
388.1979092497277,29.73533727456367,10.099559345741246
230.1754679024186,28.511823775491234,10.008051646042658
5.0974491922239187e-14,21.420646133745322,10.269968539223433
0.0,21.63984588827459,9.032973515657352
0.0,18.306325262772205,9.30832645918909
0.0,18.230087692602257,8.421595793313546
0.0,18.136249946345853,8.245679695046741
0.0,15.084468160759048,8.988784257023674
0.0,13.324421628521037,9.212653658054668
0.0,16.30508978344455,6.50043736532491
0.0,8.82242899493824,7.87312810812495
0.0,16.178480516854723,6.378307050230137
0.0,13.415363523544336,6.643142527587359
0.0,15.61907107041286,8.406024513764347
5.1930880400593556e-14,16.377416664690603,8.74115883836781
219.57771907776433,22.44736719038889,9.338791951161642
403.703533363116,18.9701863465203,8.710435524734706
651.1234012350428,23.526168440394855,10.298409300555074
653.7536415269842,26.487020643850812,8.737719955684481
780.7099497746906,23.86699205385286,9.317041556750702
834.1250695131216,26.520550229514022,9.315819332007264
841.0437205246911,28.863192883446906,11.321671782895207
784.3394934991255,27.658813270762067,9.963023981214038
560.4616273497325,27.528366408005063,9.817276797005013
432.802811047098,27.660621244253452,10.919570890137807
186.78079137569563,28.388160252915544,9.360509447699853
5.810168099958773e-14,24.74670778637453,8.984356889417322
0.0,25.659548089896877,8.916897294690749
0.0,19.43662777481211,7.914297890474033
0.0,16.857746458363746,9.680423548328578
0.0,21.28483415157309,8.924570027958321
0.0,14.459372835307416,7.7157258230809544
0.0,12.088529097417272,7.434452256140943
0.0,10.427041847980895,8.747327514547107
0.0,15.78876324945498,7.685610561377658
0.0,13.228540702204437,8.155065090793737
0.0,14.202933641428794,7.569007298212417
0.0,15.663298669171443,7.207973053754214
5.61474560659338e-14,19.664442111176665,10.156728182231063
195.27238883105457,19.208944313065096,8.541376902818834
472.6536853045759,26.326663899502353,7.826163536082907
670.7513527048624,23.976629850765725,8.908660256003577
829.7254938828085,27.762125875753746,9.117347081598771
805.9460771888821,28.905890307138296,9.196666696401772
880.2433135288413,28.493864931596537,11.817879367598593
878.8948915807484,28.192020980108722,11.68155917082656
624.0325979164842,30.30248419897021,9.85640730486085
606.6842650364631,30.386160414564195,10.282729917727352
346.14549388170235,27.421587475859557,11.311244965711758
214.2373988839346,27.628088323230795,9.731179312267273
4.4548857715251405e-14,28.110966298356296,10.418210632177738
0.0,27.849004180796626,10.40890352125096
0.0,23.347294982535946,9.91357074723976
0.0,23.293523353777502,9.67912154367952
0.0,16.37980791942419,9.291788407337389
0.0,17.38546659646331,10.373910064156258
0.0,17.59391223398693,7.678529107958184
0.0,12.325003170843358,9.039874211166342
0.0,12.873896223009877,6.2828034365638485
0.0,17.59347936045785,7.100844446469126
0.0,12.966675505250505,6.432503303650018
0.0,13.505962132296094,8.188257187220934
4.8087764315920584e-14,20.901039594378922,7.025945035508635
235.96838003865514,22.168050536240607,9.418873516323812
406.96067646053643,22.709316935067434,9.086226307843539
586.2274844113936,23.824207298628405,7.77670508060294
759.7497128739204,24.968027435889933,10.063023098674911
668.4034271903927,28.06582844421038,10.999504299626771
879.017143326278,31.932893592178505,10.575871038267406
839.0013095187717,30.049615309696595,9.085891641156909
673.5532647172919,34.178994981593824,11.677430233055613
503.3363346180719,27.77659908613198,11.231238250756029
356.66892589555346,28.733918168718866,10.262796837830972
248.0101332784436,26.755813361264444,9.996191113261025
5.446002704294513e-14,23.67479336077523,10.112265395203506
0.0,23.60946134190075,11.025965687338543
0.0,22.679735050420774,8.900781222200386
0.0,20.82298444618379,8.087196758435757
0.0,22.18598080498901,9.874768910874586
0.0,17.117157137054637,7.011163564449548
0.0,17.42371283663865,9.454166123953001
0.0,14.456424341840336,7.313272235617631
0.0,17.40775366046012,7.640164343312446
0.0,19.121134420418525,6.657547589694916
0.0,16.185609491231318,9.005103480386275
0.0,14.409470179159388,8.459370067483656
4.704707555796332e-14,16.954032414000597,9.555381637477977
183.94153380328126,20.54495870514509,8.79851035145596
349.60378022390995,22.964638530056224,7.919666917118941
539.7526119710699,25.51904508914384,8.61831942043323
824.3294331109295,26.97203782201501,9.425999985738425
786.2690196335284,27.722466541559186,10.08764164772188
904.1391221448235,27.707448807426182,11.69585280089608
929.9443805861025,30.581325592395935,10.095201951981672
702.930708954729,33.761617174516246,11.056907615221183
528.5584856685053,31.818906280722985,12.506599433952438
421.9852319855701,30.049253589102836,9.666214192397527
248.39609660234441,29.76763055669281,11.521449219733796
5.688620659366645e-14,25.309514401753226,9.942566779426938
0.0,23.105664528208454,10.450527066710443
0.0,20.556072250822968,8.97133242190889
0.0,19.730516853195887,8.679200347696591
0.0,17.207630666136772,7.347627328864657
0.0,18.81133769136683,10.424817444514218
0.0,14.379343103594778,8.904220794834682
0.0,12.925343126472287,6.702358054664973
0.0,18.14334752689593,11.444794274168785
0.0,13.628036096759432,7.80092461300651
0.0,15.637046853459857,8.697348443029147
0.0,17.50398456922911,6.599570160402278
4.8482113502060164e-14,15.984806931393035,7.717486794443628
252.7769205001674,22.65860834742064,8.728159682660069
389.6545184997688,23.532431250057122,7.655997932162345
588.5924263697973,27.445513553816394,9.01183298511987
775.1658108505909,24.899749294798465,9.290729362765378
718.0854336947714,28.113299003679366,9.110009242391873
840.0138067332024,29.265107909498568,9.629053423947727
883.9318927454467,30.513376768247255,12.36819806915414
825.6159145039876,27.348963672080345,9.98939054802287
623.4315741800606,30.207272536931654,9.85323846896191
447.2069157321835,26.333468576662685,10.575270355138779
189.6424423989841,28.63171556112089,10.780960952999713
5.981480301241157e-14,22.000894920197627,10.70669035748896
0.0,20.62557186147366,10.492630692117698
0.0,23.895290602114663,8.148973609925413
0.0,19.093963898024935,8.788194674849564
0.0,16.282477021970184,9.423954630714316
0.0,19.143030161893382,9.690759244255052
0.0,16.191716575087412,8.201756373004413
0.0,16.481441151461112,6.506734619741107
0.0,14.13218322606443,7.314933018980775
0.0,20.096518148193553,6.397634329527576
0.0,14.327436419310992,8.24317499659941
0.0,20.296804219933488,6.555458852543443
6.04807828437208e-14,18.34193529050627,7.188105594464632
250.04618604567486,17.085094220060434,8.061210633628287
390.16381229100824,23.43036486220231,8.530174416071828
668.8426012360635,25.164744854436584,8.786760126570986
740.1453439899279,24.36202374222763,9.30839873944167
809.1636567111391,26.27708306592904,10.327470578126654
793.5401238239663,29.343475314811617,9.76061820090973
843.6598361743848,30.8915696115146,10.422835951851091
795.0569198571732,25.52334080494729,9.993587532750515
581.5677276020049,32.298316886066246,10.163381984256416
443.9408582174251,28.403874653351647,10.741882334203105
235.23776199995606,25.45802665140212,10.283573466356955
5.587010536826065e-14,28.346800473609953,10.66902061015616
0.0,24.487983772689347,9.905712552810858
0.0,24.8969989242706,10.281876913522739
0.0,21.27001953584544,8.87311413052772
0.0,18.461638364810003,8.597595168719351
0.0,16.5023532312534,8.69798027389616
0.0,16.708226172044007,7.25030614409349
0.0,14.116534753276035,7.408445867808183
0.0,12.965858703714243,7.842271777303687
0.0,16.163415516203983,6.15320444834079
0.0,15.453824968042872,7.377779213542723
0.0,17.081284927852874,7.9232732098991425
6.138187327901866e-14,20.849763553516457,9.950295456077718
242.18710153396,20.372698304915595,9.456161858023192
383.46754304578775,22.70107173229082,8.070725826071849
604.3223491413459,23.542257219125542,8.993316755355863
670.2155502282175,27.532483749170943,8.18102675709126
798.7629879496465,29.027513956059796,9.11047994296107
938.6472914307391,31.40075737506387,10.81365371732392
904.0837551351423,29.240152817506036,9.335441499866747
668.773170145386,29.75536994202687,9.8515076445334
694.0253732007978,31.982685289810725,12.206827213977757
441.05707942489397,30.103633118208478,11.395230514114076
211.71535236430594,26.515421878314232,11.077657962690958
5.234078133174749e-14,29.284112016676243,11.199378677261823
0.0,21.344655105226906,10.41433258050875
0.0,24.239573387734744,8.41601725501343
0.0,18.070027448390682,9.015938915801508
0.0,22.442580914178293,8.455497035851126
0.0,13.924950177903614,7.781890407222627
0.0,18.25343963224692,8.89890739056176
0.0,14.9864662284419,7.559945373539846
0.0,14.143936419099447,6.3291388426950785
0.0,15.52052826139991,6.9133440609566765
0.0,17.21273900681705,6.849343272147363
0.0,15.411486304622816,8.936311008836524
5.017905371278067e-14,17.24556610843979,8.260686985128622
193.77190734577312,22.10579892818254,8.342364390482777
432.39304764790904,19.462455651477732,8.572144916090108
524.4826177231072,23.77923573321293,9.328792662647047
858.0690661733463,32.958515467095815,10.038977796919339
737.2449699398475,26.59796987909075,9.827370204212777
784.2328348424729,32.10095037257195,11.677725734233732
802.5819838760616,29.432646631661854,12.459060249089527
713.4110511846407,31.89523184837122,13.362472493372564
670.7351487846172,31.913259550281914,10.883370405454022
422.9797631275061,32.06325825941834,12.012910797693625
196.5386723639536,28.13348815464376,10.018187603051393
4.828861801691408e-14,30.854910836286642,11.1422098464419
0.0,23.76902079042674,11.126881263082472
0.0,23.345582385976055,10.730084061222653
0.0,21.29714306239198,9.945304716313238
0.0,16.633205318878105,8.335864720747086
0.0,16.648542799326314,7.361255167129334
0.0,16.4778430885738,7.461769578665499
0.0,14.491370623801108,8.363318372439565
0.0,19.96486725128556,6.828345272781366
0.0,13.678365362860886,7.360646203623844
0.0,18.513665026377836,7.624286817915361
0.0,19.139084697177687,7.872962537204778
6.029258243809656e-14,19.05529505136395,9.500141934976924
260.92261456786576,19.282048851847833,8.57898747628302
486.8729470493113,21.546508679588953,9.343704030810347
526.9435265683213,24.11763708275964,9.115039874052307
866.5596658858502,23.511536756479966,10.313908077226921
812.1291985102658,26.73294271826629,9.103908077502018
714.4953850660742,27.04626951992072,9.278805529064094
817.7371743921474,33.50217593704047,11.776353414475508
628.480413459308,32.31994410514893,10.87116161729374
620.511670788094,32.38237412841596,10.857696574324699
407.4565949875858,31.1888864537319,10.283511746189376
221.5623638751984,29.073808816533198,9.921574532689457
5.502766030600156e-14,30.004379984630766,10.109471800960243
0.0,23.932046369729186,8.714313637748408
0.0,23.296358631106582,9.193155990760747
0.0,22.506584615200573,8.806470409536473
0.0,16.440600856660236,8.617527143255884
0.0,23.619342863165212,8.504424198462933
0.0,16.417504455249617,9.706629642138244
0.0,15.845148450808596,7.971633453075118
0.0,17.8023322233198,8.700309715679598
0.0,17.39108021567786,7.518300050814955
0.0,16.436528968487362,7.752441809509607
0.0,17.89198078667366,6.454486196820961
4.6882585500334234e-14,16.280279098073997,6.911097402499364
249.72675772907172,20.10509224344984,8.32734835384623
488.7201036493355,24.322996592287875,8.246612608675743
704.3726085697974,26.246914198875896,9.747990505723111
690.2687349478616,29.73090765997813,9.373891902914394
959.1134004996127,28.704428293015688,10.890829869805588
814.0392333511088,27.442206363383733,12.06417868920482
854.9401311559874,33.12944363183386,9.313785963704163
633.2175443736348,34.16075485233399,10.081666116457114
515.5827952050221,32.81247191599496,10.806872614446789
468.3196306906363,29.889512048530484,9.871839648155593
220.518151588312,31.034202513215494,9.629160908527295
4.86365669331567e-14,34.14639711598638,10.868818886263075
0.0,25.589433149671073,11.930810856145921
0.0,20.665102775479706,10.041944501346185
0.0,20.045453700045485,8.937788177085373
0.0,20.539528160578058,8.355975187386473
0.0,14.422113288681452,8.226944952911019
0.0,16.9043540861901,7.69913443283177
0.0,16.52701785696069,7.556156111723857
0.0,18.563994646266774,6.688127437725436
0.0,18.386734268437525,8.743025631416831
0.0,18.2947175198695,8.104570004938614
0.0,13.511538896120031,8.02185309381714
5.618371330022735e-14,21.335857422737323,9.583251695710569
188.13433364176555,22.834225577941798,7.590078886044896
426.1732997676913,24.005639920798163,7.376781110135832
699.7146628121959,22.103859275170663,9.828512738038274
703.7718159022346,25.94020334826735,12.65011425593335
723.3159441791254,26.816959877065717,9.791931709377785
953.5757556425573,26.3919375179028,8.73618203704397
875.6891588970922,31.215327474124425,10.944907768777444
775.5853327398156,29.89810692375591,9.185600780904323
520.5666458510921,36.47176893749184,10.445593460939804
381.5009108003156,30.08441051804116,9.772350946721494
235.96019270667773,31.73811172786577,11.622510287704758
4.799187252191055e-14,24.35555311725502,9.793331086892346
0.0,24.504124355451896,10.957929429707459
0.0,23.687546918710098,8.763616841312075
0.0,19.606890908605962,8.583115836359616
0.0,18.649349797031984,10.224032235278639
0.0,17.400995104662012,7.381377724711767
0.0,16.30246434143922,7.948989552798288
0.0,19.681314078362664,7.254296718086035
0.0,16.45493611346754,8.141433913037265
0.0,16.93009805817458,6.3948713110548265
0.0,17.849589861019147,7.218182651611809
0.0,19.266882047786364,8.042920768754268
4.7318093750084286e-14,19.532709574854792,7.535829320790904
226.40841906146733,20.98643843882666,6.891864962391146
418.26158723847976,24.032115661641072,8.972578260780882
651.8727669488474,28.082643801251628,8.823483478600036
661.3140722933305,29.950959919477285,7.7522023625086245
827.8480852955826,28.874540840720076,9.84844372481471
808.793854364346,32.16237416221625,11.38891733374516
964.8722387118448,31.036720826837726,9.135833729556387
637.5590328022867,31.766224641475006,10.489796831519945
712.0316412471783,30.478843389808667,10.934904268648523
490.96405816231106,30.26339649506756,9.141432456840809
211.1665413361075,32.03799793119626,8.75221267076846
5.929586575483928e-14,27.88332583728299,9.791200799923477
0.0,26.03960092052932,10.403734042319044
0.0,20.8040479840886,8.376075074247764
0.0,21.00944336651889,9.8427333715794
0.0,19.215853735115065,8.830104604124235
0.0,16.383342322225328,7.671473769563717
0.0,17.017840214369237,7.76067709771745
0.0,15.316941430469765,9.489947610054447
0.0,16.062704331724785,6.656877550125097
0.0,16.41831203056294,7.2820272669710455
0.0,15.06300067531682,7.648499695367859
0.0,17.44845480677886,6.589753827357328
4.924236662430524e-14,20.057461186759287,6.4792628239136905
231.22520679393483,24.200759122730904,6.600854599873692
438.9402497219229,24.4161509668291,7.982941749424173
669.3695937140203,24.64939462222293,7.672377306749628
648.3888917915496,28.700722139725322,10.058491070065863
761.0631609500359,32.97466464937352,12.734968164527237
794.3880424898384,32.664328796691166,8.681738536118866
925.0020222008865,32.725172292421405,9.922945041590372
681.094895178754,33.35389297220226,8.88984058407981
640.8472686219524,34.510027314407424,9.37661121413694
397.29987119899187,32.98216943954845,9.815873691120132
257.81730051227726,30.693087632965316,9.831819306642357
6.253333417198008e-14,30.03999706041779,11.531185583258686
0.0,23.809962789529663,9.287767672738788
0.0,20.898182116557056,9.162438964333791
0.0,22.146357561705113,8.179750526455386
0.0,20.040074040538695,6.7521792081768
0.0,17.158038264718723,9.398513627314276
0.0,18.829879994437047,6.608483011873537
0.0,12.653244101842121,9.436462603559834
0.0,15.036833372941532,6.385265262592127
0.0,15.409060184989363,7.512439024687315
0.0,13.905571084582709,11.090259084107128
0.0,21.43898565010337,6.558274288532337
5.4618212054988034e-14,17.387975347730496,7.509867146792925
211.00370781008874,20.8591454096216,8.797764666258342
436.9608810144372,25.922337400667406,7.058743560734783
621.465277616703,27.469020932734768,9.24897739188876
825.1564452081467,25.890028492087644,8.052350626862584
991.1843723019022,31.12821055307079,8.874178122742517
834.5461643118424,31.614150072649092,8.981190863793937
719.1848378681683,36.49985561959262,11.468897519532204
768.0607582615361,32.91425871719375,9.426295811876983
637.7938624605929,31.551300853232622,8.991522118468435
392.060951273041,29.321577201093803,10.416453663075641
250.97109571394967,28.274745400638377,9.687963610112364
6.368352843337622e-14,26.45483969412082,9.588610306866297
0.0,28.91912787370115,8.547293012555436
0.0,24.14231771509008,9.822264819573116
0.0,23.166319772186434,9.003723455893018
0.0,23.134873085018917,8.042926098686689
0.0,13.732595351149829,7.20290777248081
0.0,19.938963282775198,7.888955851037625
0.0,16.69280619690408,8.208983172479442
0.0,17.17951572693085,6.827305297148895
0.0,14.92520592984091,5.875926194960816
0.0,15.870966956477412,6.585621290269987
0.0,19.630256513783554,7.895076177194538
4.8660344742407536e-14,25.078614584312902,10.242961864626352
263.7224449184014,24.245493248459596,6.5342845075278175
473.75853283549037,26.84046482648704,7.87310493052531
660.880290386997,25.995968803947285,7.558267380269098
663.7748474717907,27.109010534478703,8.673805092633387
893.9252494859296,28.404663329984352,9.245428877211543
773.2235286226171,30.261074764532093,11.298172486277943
734.015347632305,27.931260727621453,8.930857307945537
780.5000886041382,30.85958029786676,10.951539641463576
609.5347063120554,30.916119281842818,9.97122250202826
460.3096027429614,30.886905865135788,11.083639535632791
197.53699468092464,30.229773452636923,10.048662273887356
5.3326991320023745e-14,29.03432072090118,8.513225934343131
0.0,26.350120599584205,11.221311492646757
0.0,23.146532810964445,8.028156608860684
0.0,18.312149336298752,8.960613389605466
0.0,19.158801766846377,9.562940839593026
0.0,16.707663458783568,6.878844344277059
0.0,18.515706017838276,7.755246630697442
0.0,18.602943934631423,8.357347550674259
0.0,18.38891788567646,9.713642849288352
0.0,18.298274613499675,7.789302301463295
0.0,17.316521050376092,6.712401673404134
0.0,17.811010371112406,7.913194639589153
6.095179392881776e-14,19.01757024422245,8.170495899826909
235.20369269049985,19.426225557532913,8.463434237349746
413.4736455821732,26.495483152572294,9.406355557891185
536.2400860956179,26.2329060365168,7.623790537111674
684.4241635790727,26.019095164314834,8.084776879934287
987.4295061066952,28.51564724962849,9.792255614914488
956.0793611053292,29.706032068966987,11.587693087506999
790.1091674639903,32.32523133189938,9.901800707808263
657.8522228029968,34.646711453697954,12.064045396311958
677.078168687675,31.54320326267796,11.85488749652811
460.05135245173,26.93491195226479,11.522164582153863
224.3808204377872,29.79026933073112,11.420506634503383
5.2291645469976434e-14,28.19938795136219,11.103530841961907
0.0,26.132487650505702,10.387560652077372
0.0,23.25685341860518,9.586586479033446
0.0,22.8761015521881,7.333418223971379
0.0,20.644057981854587,7.384069913548248
0.0,18.805260873810905,7.028334775883931
0.0,18.61046771870988,6.233725412424211
0.0,16.12631596949121,6.391196326426039
0.0,15.740216886698155,8.713327083704312
0.0,19.746228194957716,7.573819947574803
0.0,18.903895815254824,6.760040164711648
0.0,20.710426098492682,8.198057117289986
5.140547632212719e-14,23.1655973967676,7.5622962084719525
207.15572033784787,23.694724226528894,7.018768412112072
384.9353997556564,26.570165584371804,9.53583965425108
685.7410822376057,23.625250262779105,8.27176342717815
697.132209987289,29.121695970091515,9.564980225646023
929.3490507309843,30.004805551963187,8.907582552819637
866.7603874804336,34.99695963817459,9.711640003248053
845.033304803981,34.29608590001861,10.887961625991199
772.3535660519459,31.4524978445131,9.260479787556447
607.7913835172333,33.18638315347042,12.37581587672442
387.27590041673534,31.97695412327345,8.974228415301027
217.68369016540203,31.278905341896298,10.03240887440766
5.840037466709244e-14,26.675703287350157,11.194211155104277
0.0,27.503973517396076,11.149271439107677
0.0,24.257085527522992,8.40175569127429
0.0,23.207735393390497,7.774286427813866
0.0,19.26461789585512,8.86799119258586
0.0,17.88640763381388,6.649848745125916
0.0,20.33367747560912,7.521359533398517
0.0,15.08369493815836,8.17618998415376
0.0,14.95868786306713,7.316141174239917
0.0,17.083627540407527,6.364966329510041
0.0,16.442212684503808,7.137436620657881
0.0,17.48728515113325,8.841792274440392
5.82065248244431e-14,21.12434860756782,7.851445198161215
199.33956184716953,19.83351259052365,8.463473124503352
394.53755932794087,22.89827219532395,7.844425573581965
673.4071500624192,31.09294019181868,7.866235525482723
740.2586693045781,29.833146783089244,8.427167785225151
939.4101403358607,29.077924210103784,9.447861778708965
924.4142722051712,32.67883005195913,9.159730472433221
799.8161801666718,33.77626422943703,10.018537667403633
826.4333175165424,34.9030255053317,10.619488116888965
553.9063106309676,32.38729121655031,10.755054277827393
458.8471220074947,33.795395300972515,9.249521684061603
229.3012221565653,26.494157864879263,10.607554046272645
5.093433615278053e-14,26.801580404199722,10.126506324176251
0.0,27.312491829444305,7.9220292505794285
0.0,25.57346373076681,7.833111171024705
0.0,21.020079728993778,8.991018679057458
0.0,21.43303664767755,7.955444858804573
0.0,18.009661918284326,6.997079462092808
0.0,17.632020146107756,6.284172183652164
0.0,19.436282555855076,6.452987568370435
0.0,18.932016558614798,9.024219321210515
0.0,15.39261429979853,7.699293739314728
0.0,16.071435410521882,7.201967304255724
0.0,18.634940524238587,8.989707548113584
5.3255298838037294e-14,21.06064896249175,7.8229076011732195
225.94050161160803,21.72779222686795,8.443125347772167
509.27486935228416,27.195426450436933,7.683126099153742
678.0018367358415,27.879473609074875,8.804490251042262
820.1893227248978,29.926311784586456,8.09393954104762
827.8920281934651,28.237918156440035,9.108525936790825
1012.5360193222245,34.37692622988067,8.347014038750913
736.0924480411876,27.201210530668764,9.205893509037436
891.6002315263843,34.782252468536335,8.925441070167595
646.63907279392,34.71017165049169,9.819574195521245
438.84771358323195,31.177542420557188,11.089086312560735
235.39044401699056,33.31681624882483,9.595650348879039
5.903911659613514e-14,28.987946458928906,10.64885760377663
0.0,27.30955733231265,9.736055957999358
0.0,25.79319913964603,8.994921881688866
0.0,29.416739027639544,7.958543344582274
0.0,23.803009381003612,9.726053801600308
0.0,20.859549716771056,6.64075217409238
0.0,16.559351473691727,7.98543036955585
0.0,17.872936717816064,7.556501744072695
0.0,15.686915489476853,6.9613735141844115
0.0,19.229978761422707,6.4334435675410715
0.0,18.66589439836383,6.937134814009266
0.0,17.407266068449456,8.457645153823389
5.796913387331862e-14,21.475412844006634,8.51687828143405
262.4216061945054,21.54377637691685,9.503404710514058
394.27545477755996,25.61559611984472,7.7097212296041455
623.3163560307606,25.66556140525928,8.284274841883278
746.5052338130912,29.368138943891253,7.548113237584751
905.1587685649405,32.4709576505322,11.019472330097852
1031.2339098190896,32.13526292359492,9.209790641166446
752.0097246363127,32.2587937531374,9.623093128240559
672.6221888153116,33.71971611928455,11.421733072095183
726.7281437945741,34.43493552906788,10.114424792399447
410.98049258275313,30.027000367681612,10.16148224445304
250.83085764512302,31.49133023607241,9.06454869537568
5.685428308260584e-14,31.948245315204424,9.607454796536604
0.0,28.531029964543222,10.799446218782695
0.0,25.428671970504084,9.082077669738723
0.0,24.52208632974725,7.970310491997777
0.0,22.218156589374992,6.8526371494115335
0.0,21.163511645996874,7.415415109853371
0.0,14.53513757535878,7.634326536010419
0.0,14.676885149961103,5.969387459803111
0.0,19.520862326566654,7.3423565298992575
0.0,14.773239064964752,7.072814097277599
0.0,19.38607806876308,7.875929857516928
0.0,19.150250466043218,5.894449463851046
4.678314622562764e-14,19.518825536408187,8.254534896735176
205.32320898477408,24.13995118107496,7.816636383609455
477.18004889080544,25.913271035033322,7.823534267724099
723.2453178328384,31.8024416926131,10.518983211800066
735.4403545975389,28.2615816185284,8.074745234612447
805.8570776172021,34.048278517230905,9.36675110773161
1011.9265390874357,33.14425308664431,9.156081408036213
748.5852843154719,31.916566874827303,9.88179240372068
759.071009377393,35.10969694263467,10.092800944471819
651.0638249795861,34.37008764682063,8.963286935934258
469.215307636443,32.51109384759179,10.380484262261856
257.00730927283934,31.700648989973807,10.15652913089412
5.3381455743364916e-14,28.317229965509117,10.334417892838653
0.0,25.93018213791133,8.217616501036574
0.0,27.030088375245345,8.427174087053805
0.0,22.992772818153465,8.900587973283885
0.0,21.351038031101993,7.229720927480674
0.0,20.413992969996354,8.228932073340252
0.0,19.310577391791476,6.24977604335873
0.0,15.122144380238694,6.795367344555258
0.0,20.280708105409087,8.107157593494971
0.0,18.22316162598818,7.757208937836902
0.0,18.37469417657956,7.402893319827546
0.0,20.913041693346482,8.377278693519091
6.22822940465422e-14,22.1812883197291,7.979392434324867
226.32241175860653,25.171776950658607,7.779039513262319
445.96443862697606,26.784171276801253,10.377559270841559
628.1616159989668,29.21444875131207,8.996083427218341
712.4040251253736,32.4101917439544,9.123382299391862
753.4709585421206,33.13230727993369,9.017250169159778
952.6058509619369,32.31543472211776,10.928684284978528
1045.4761666444244,31.18980823065825,9.30032543095324
705.3388304804909,37.0437997985084,8.458489796762398
548.2316485245378,32.96016379611769,9.253233041072322
507.024708659499,31.690192336053837,8.947158944426187
218.0268780400114,27.891604546462872,9.35580816667557
6.309221001557769e-14,30.385150143123592,10.522020206887413
0.0,28.076529501227075,9.620605787742061
0.0,22.67797406000041,8.065817270110193
0.0,24.544199655945555,9.311153716649642
0.0,20.711820091096495,8.104148664952067
0.0,25.431979697584378,7.762884485258181
0.0,17.837179402086512,7.063454114511416
0.0,17.30631174183563,8.312217011621255
0.0,16.154552568035022,6.572263987853804
0.0,20.732451448315157,5.911953379043885
0.0,18.230350197338744,6.535160003718774
0.0,18.797422459520387,7.725923286234247
6.148383721187201e-14,23.318015036384846,7.792901266595177
253.8077947218531,21.072846784897223,6.9458260404026495
400.274779944317,27.154326109041655,7.083446704936941
706.5627636393173,31.53745681056564,8.862849093966137
802.9323383845976,31.037320682213938,9.295621294373975
1020.0110363609501,32.83675589855599,8.883550691160606
1064.4253482331455,34.57242868063423,10.5642151326878
754.8680890375441,37.050927684207345,11.994194382546377
893.7020180277262,36.32389293658197,9.191604876683275
548.5624280397076,34.51085107140236,10.138392490476395
441.7927013247896,34.64009104809127,8.378402546924931
243.5194257759841,29.789089415105916,10.316811171042218
4.971500445320799e-14,31.456692198038404,9.30650120437677
0.0,25.96354543499643,8.459936093467755
0.0,25.170060179280505,9.533699286119042
0.0,17.668428305437118,9.36312072522061
0.0,22.706964335278684,7.081424237251295
0.0,18.959506744834673,6.442273868741151
0.0,21.39293643014768,6.9635762012688165
0.0,19.151827840912528,7.433325564043451
0.0,20.347041019417517,7.81169495436259
0.0,16.204249530356645,7.026367595144204
0.0,21.24741807405802,7.164778837512191
0.0,24.65370766924854,7.986634258810289
5.770447266412724e-14,23.627165829878056,7.423308098249773
255.8629418712137,25.608994886578678,7.94274160348836
451.95226779405823,26.438044582804135,8.064982902211186
711.9376571821231,27.120064029703705,9.6638097809995
812.5179309381774,31.621233975417283,8.173632929415174
764.1493447243965,28.74353765870251,8.60623707201497
829.8277583715588,32.19154221044814,8.549677239505465
1007.223107703285,30.284142235652453,10.664742945896577
870.3010582670609,32.6915364753841,9.654761328155226
750.0631070829776,35.11034602411394,9.556701718043485
402.6802963627531,34.0378392127307,12.188757111523753
282.66085369627075,31.85753087057759,11.281945209842249
5.116220709722823e-14,30.439651218138287,11.591211454692171
0.0,24.397672355106014,8.282539337386858
0.0,25.353724668872438,10.116260966132247
0.0,22.66559365632368,8.011580320454106
0.0,20.780729848985185,6.586451465117764
0.0,21.641152236149395,7.408110059388855
0.0,17.643160982711375,7.341361998604638
0.0,17.35561055543014,6.092588794304338
0.0,14.118240374578473,7.022567247871144
0.0,17.97672589493262,7.831495596659913
0.0,17.188500540294754,6.643196242042254
0.0,20.793930473884412,6.7346031261906605
5.3944038201827646e-14,20.390162772512575,6.940515632075568
217.31630290836458,24.430910996275774,9.167996796480384
436.64747245313436,26.00300734451282,6.773689059371484
586.1669279726997,31.707014772902312,8.249590849738798
924.5383403356135,31.286814826903893,8.211756281833214
870.3134561883071,28.26995737036528,10.45975673324699
850.8884533557939,30.690804408067596,8.410981623871285
886.6393877058136,34.130201494294724,9.469934177691227
758.3971955616302,32.4326829692122,9.608990005875043
718.1335729500337,28.08304861583835,11.17637320675233
545.2168654733382,35.9196747239405,9.148943980700144
236.68830180962752,33.3896811493007,10.04883683213033
6.454344674083485e-14,31.33433261298105,8.535263503959502
0.0,27.14828513587584,10.973942692724947
0.0,27.147732408017365,8.999281164117999
0.0,22.813105856735575,8.698885836670314
0.0,22.70209346643289,7.834858932172944
0.0,18.794358164832172,7.259336128082575
0.0,22.589010248322147,6.597832763639839
0.0,15.616756659009397,7.3063652609278895
0.0,20.949204236507292,8.748090509416016
0.0,18.835061623207746,6.516108733274941
0.0,18.57749935652614,8.162091010320767
0.0,21.16178817138473,6.184161402728501
5.394476117559224e-14,23.951332591841993,8.93697627628498
284.44393080914426,27.14757769005426,7.244324098499668
497.11216451174874,27.110922623752696,7.674440946897262
556.9435204978624,26.773796767781242,8.25716231963878
763.2538648106863,30.595896825017206,9.319700280525037
946.2533258916459,35.77507730030276,9.685922209387796
791.7742388133131,36.108195978786384,9.357499491786115
754.4100948981176,36.0295701440469,9.700656525966748
798.6632231338043,36.076010617730404,8.478505234416303
624.6158915195454,35.61094336901127,9.385213981829953
459.1658854048364,35.73034947678088,9.432732337527447
222.62269084504462,31.228233255534203,9.788510265688615
5.068112218748571e-14,27.774464445935617,9.5490614351099
0.0,28.69319593977992,9.655388736762085
0.0,24.849473403930247,9.315867599417702
0.0,22.304042705911097,7.716176797183929
0.0,21.044079424309768,8.717549895962
0.0,25.798410177060624,6.211915847446816
0.0,20.019611432245636,7.829946466109122
0.0,19.671974456778887,6.003363269548983
0.0,16.23083978036095,7.484685385208612
0.0,15.260652866471652,6.876981506130038
0.0,18.109256877856335,6.7137813875380425
0.0,23.895102315294572,7.513563878327667
6.211994961475804e-14,23.3441163265225,5.9704910766435955
258.52937193754525,25.802203216438077,6.902014144257402
467.43969856799174,28.15269747277358,8.21577638013697
699.9390663488603,27.563418995593068,9.387522954723202
683.2638643875737,33.451496562316194,8.419805285964832
949.446597164451,31.066804445417475,8.490599335424749
1034.9717000604649,36.41623334317007,9.41721905664348
910.5323471155567,35.28757631695269,9.918748502039227
775.2086062154933,31.097475085876813,9.571432387245412
614.1167845638287,32.90695303148094,11.039784227263977
495.01879798306595,30.033891558900756,9.816890761733214
260.5454334084143,34.65898390945026,8.327228368973753
6.526993136454953e-14,30.626094552764656,8.711607856633089
0.0,24.28943287529006,8.944110300536261
0.0,27.427059157808774,9.222038352832623
0.0,23.53068450877265,7.642470890082298
0.0,19.70795368430281,10.12602893500915
0.0,24.374642818814472,7.13480967952968
0.0,20.151477242237615,7.295093064446174
0.0,18.550839325380796,5.589552472817253
0.0,18.066259178347934,8.103607311384577
0.0,16.111143191691877,7.605918036365877
0.0,17.32780771087624,6.095644791345901
0.0,23.778088060577755,8.603146384364571
6.688631999260313e-14,21.91734300074853,6.783347700923411
247.48029346414208,24.83869178137353,8.032788158802354
492.29298582863873,22.776447787917817,8.838277412311667
664.92323947561,26.299477029549124,8.936137752357276
701.924023892239,32.08473378006947,10.159784644630722
1000.4516124165914,33.27738651004002,10.18822583797395
1028.7757874606207,37.30006236804411,12.243485659764644
853.2313819056747,37.27842801389497,8.80896043341416
763.4060320428647,34.403686795350325,9.266543203933603
748.8529062217191,35.53842248005906,10.123024790508891
401.6993430338336,33.16010508478933,10.359142491900535
277.83867339187645,36.63158262708965,9.66000774538823
5.29628239159398e-14,33.16313813242477,8.22676371670343
0.0,29.275031282855636,10.076683269734499
0.0,27.26589831007267,10.600605379560825
0.0,27.684256954019418,8.054141708827311
0.0,24.024264434547664,7.232863198839727
0.0,24.32551052496776,6.141138132261257
0.0,15.73771136675982,6.557724822507123
0.0,20.248260362238128,7.472673614348597
0.0,18.022340720190307,8.243528225177343
0.0,22.838559814496517,5.7041140537700405
0.0,23.217804593657224,6.923857122512231
0.0,21.462027818263312,7.459403310272108
4.890505544775709e-14,26.12447240717514,6.654308053026938
205.14287479252752,28.548887128717922,7.664540808763937
483.98872653941413,27.20202379340537,8.430767375682692
733.7330337264287,34.06763035523696,9.274426116568923
833.4151483268856,30.990528144213634,8.51795215695425
1027.7984439177446,32.28102279837364,9.675004793456115
793.4055801667922,35.71315885699727,8.836812864526193
874.3037367433634,34.073035597581,8.85543400644141
746.2305555074367,35.22389000114286,8.937179403406436
659.1216228883441,37.59948590796745,9.41090216587299
403.23134348442824,34.01985138426313,8.40863779105574
285.23211315096825,29.320029113094847,9.030030333468613
5.2478665333848265e-14,31.78784922525147,9.693530046643243
0.0,27.731175652268455,9.370867327798866
0.0,28.783752764142168,7.518481631353391
0.0,26.3750375203854,7.741672961514086
0.0,25.996011145886122,8.025453355949228
0.0,23.211420801646092,7.06604947831246
0.0,22.492100120513385,6.9537852953820085
0.0,18.174214652884793,7.477926852416724
0.0,20.84778777525377,5.2871204865942065
0.0,23.4493107518808,6.180586771262732
0.0,18.93431173592372,5.877942215835535
0.0,25.18243711743458,5.982960314607764
6.731001932022165e-14,22.141114601070107,9.057376684695997
250.43262744598582,23.465319932552653,7.167809676902584
481.2869102933245,27.832215670182443,7.885522773859084
588.7263054000231,30.74218797655055,8.843979475275214
680.1464544938991,33.0633150314173,7.372214406338356
1021.6488930590352,30.973144191418747,8.34333373034323
814.5661612214783,35.03709820825686,10.275524227604516
964.3534313329626,33.59611225081831,10.656627868400989
946.4289927388606,32.26197027133161,9.358274424326417
604.7921219970069,33.10974876271975,9.41384540345034
504.4725411229452,32.66621728183664,10.370382245006946
210.05226902503068,33.939859353670165,9.024706497429067
6.051262366126741e-14,33.5442421096101,8.309487326147288
0.0,26.3639538845424,8.384416918747295
0.0,27.94373693188888,8.331193431362305
0.0,22.81586605111079,7.006137964374922
0.0,24.497985601500766,7.768980457591905
0.0,20.337499371972893,8.114327129743067
0.0,18.394005180865584,7.146207660356458
0.0,21.296788867570257,5.755868423366924
0.0,18.251021236297465,6.582985522900086
0.0,19.065531934169712,7.230411980822209
0.0,16.05668504179939,5.549014218012846
0.0,23.66111492054222,5.7064104056205895
5.08975556397598e-14,25.066683489525868,6.8088150450069325
241.1079648223271,25.365229774930114,6.689989355792139
435.70541025693404,24.369704564476137,9.424921588763834
735.8495403564465,31.914157164677345,8.374838307869577
759.0005432125696,30.09233967446607,8.06084654349871
1048.6825677271165,32.17501379647886,9.467700427676954
1089.0876880247552,38.977157790182225,8.94023787951409
825.159809751126,33.745000169281745,8.560497901063997
861.8856293312051,36.909286372040654,8.998267948958341
578.0978958030059,36.27645758166544,10.037707232787517
460.0746598270007,35.133414063223334,8.41910212183095
266.2759668858162,33.64572178178906,8.936186120944164
6.188205155394691e-14,32.177643570966055,8.535884534321086
0.0,30.0392999898889,8.20636959375625
0.0,27.321029729635534,9.039828221738514
0.0,28.37688033458897,9.152580094899292
0.0,20.799545325589097,8.363868166749619
0.0,23.810928405726028,7.795948264874098
0.0,22.32479197299562,8.564602371020813
0.0,21.277702238242284,5.665719046923727
0.0,21.842269461176283,5.881565718124759
0.0,19.695705205046696,6.43723104534091
0.0,16.94215922396676,6.3904786390637955
0.0,21.806871036974673,6.646703057678788
5.5493007855091136e-14,21.62592217064692,6.375277854823302
275.10261258625917,24.074039825359733,6.5290017871195225
547.3833327168178,25.123471258231202,7.773202816641147
683.2825692988885,28.724173249828524,9.718755760557281
818.4413327576146,30.415063217929127,8.273124349377847
773.8456836526818,28.5100251955342,7.645230665642312
1088.6350842924182,35.93695765873611,9.74820341524053
768.0146009131032,39.77636093221834,8.946329146849413
962.0213925897526,36.8207849928886,8.983564965084067
676.3331574492875,34.929869303140116,9.226287923317047
453.2850217781214,34.42702104481911,10.19171201082944
285.70750869990985,32.423193119362054,10.387226605060357
4.8922425219676614e-14,31.78839377362994,9.418312992946067
0.0,29.604846778569726,8.472080632941857
0.0,25.92621374509944,8.081845572372227
0.0,28.903535022971525,7.202852853559161
0.0,20.63400213447649,9.376887510418912
0.0,23.38811944279214,7.740608153274012
0.0,20.659494416224046,5.709826373218879
0.0,23.864349920953565,7.224752046538594
0.0,20.471822099631062,6.530578098051554
0.0,19.342875216455578,8.732214661444182
0.0,20.366475273990115,7.605933608109329
0.0,22.213052040681763,6.007707055226587
4.9368909157730084e-14,21.504511511141818,7.635966611799128
216.17514512682803,24.18580149007863,7.320327413143979
564.3904590900574,24.220204962750906,6.96165108469895
636.8046133517951,28.0146914652066,8.630449959144512
721.0536730908478,31.977905864455522,8.60868344211763
801.501586236278,34.04729724919605,7.541012710968801
1038.0312093945645,30.759636741417324,9.540145645494325
1047.0363300869876,35.24307610535877,9.746604813217509
762.7659530792126,36.91691280277889,8.67753188543318
566.0428026833418,35.1916751246947,9.25006742189514
434.62608862172453,33.450718839854524,9.766567513446626
210.31958081593012,32.62262486053058,8.511866160899318
5.073421780991273e-14,30.708566191180175,10.268409935698422
0.0,28.58718414373867,7.52365072174318
0.0,28.13773995162432,7.486829909062459
0.0,30.334916995785356,7.142380692919841
0.0,22.302693067324252,7.784739732123929
0.0,21.496953386319387,7.657381410210429
0.0,20.938560357860194,6.782862273323907
0.0,18.868043987857032,6.273562643471108
0.0,22.16663107393302,7.53107127697608
0.0,15.500982109960745,5.437257066845811
0.0,19.979837895853304,6.103481146167478
0.0,23.94993269003371,5.505824544684016
5.817694549332569e-14,23.3819708501089,5.581234622403318
281.67266548470235,24.257929188365416,6.975957553940627
559.05219215696,28.851672975763694,6.94813665285006
643.9145313964693,31.853398298500636,7.523345938244365
855.0322731721886,32.39143035731628,9.416617858642422
800.2236189440658,32.02457299675278,7.998938704673663
864.4142444012123,35.81076933546516,9.927877712386547
905.1485279828422,34.893467476649136,9.824853649595601
750.2986909607653,37.460533230673825,9.111523025598691
774.3277869106746,38.66408384691189,9.683990205427222
425.01172955823677,29.687209185784607,9.387570145892536
246.25950920563096,33.849148662769814,8.445797517658177
6.139520169636566e-14,28.498691592990912,10.549619497047432
0.0,34.924288998365874,8.991747178953243
0.0,27.033910399293784,9.707185572217321
0.0,27.392353589716745,9.040721366028063
0.0,23.899525747696373,6.59380214789103
0.0,20.70713605595567,6.619252310332516
0.0,19.37614762091072,6.102684598303942
0.0,23.592408681430058,7.737692826341448
0.0,22.060333065897705,7.739002784715686
0.0,24.308218509983664,6.60386040159637
0.0,21.331160385580972,5.585460406615329
0.0,23.067441938540707,5.835460234456127
5.138159595276154e-14,23.614073814230508,7.902299629098582
207.89638080138621,25.5037401784909,8.875369048359836
451.1791921434608,26.06468308058635,6.926127995824244
733.6009818854183,30.387029688209953,6.582643807713839
925.8223853883936,30.56996375576869,8.027124639653954
869.1428667108539,34.68912903936187,7.472972730187954
968.2189146279869,35.41668061377701,10.085029770205871
910.5873148367239,36.45122764320508,9.31478765640801
813.2695978857927,39.49871682492154,9.846527689011701
620.6705019643003,35.800427656322455,9.327214749718705
422.62731074511925,36.59011418152345,9.122016570827856
224.11095246974,37.90833012320463,8.672590682362198
5.00586121568603e-14,34.76169108413118,9.858158532835857
0.0,32.52534870327094,9.302029157196717
0.0,27.535080514500084,8.097011041008956
0.0,26.537190695856513,7.615660092632029
0.0,21.5119043614812,6.053285424918534
0.0,23.489431497977534,6.1334728020902265
0.0,21.94564962866064,7.252031678953072
0.0,20.644296143708285,6.73795853367113
0.0,22.379322080194186,6.398495108550144
0.0,18.18197624854713,7.487964642427571
0.0,24.666454975753652,6.562242438483162
0.0,24.471607630096656,6.430892858185166
6.881579546743123e-14,24.183664544404518,6.114676869532776
286.5985791356019,25.956920967253513,8.20857628502701
492.46098172902646,29.286154934205655,7.801640151153125
698.4049654984597,33.437187328656194,6.959600174274674
888.1272922618729,32.52814794108849,8.771023018036171
902.1257337538489,34.2698485571593,8.574609952671539
1023.2704110188291,35.28937268923572,9.980370574916359
788.6192821507302,39.61638733942396,10.80570255262236
709.8156065478368,35.58716629783442,9.70121435958198
677.438909253919,35.99332391678288,10.130399277020015
494.8814208401134,38.18000704250596,8.268258256838738
286.2203425297714,34.27580842042658,9.448485690368248
5.1251510407028443e-14,34.59905022379951,9.770394567798467
0.0,28.572924750722716,8.743985263915413
0.0,27.914347460451438,8.622552861219372
0.0,29.22324821976876,9.364598252297762
0.0,22.972253072181378,6.888143779107627
0.0,22.365480174676673,6.229808421598981
0.0,22.084701079379222,7.408043301088002
0.0,18.793818201573256,7.63448278215062
0.0,19.67191361062798,7.610566019616122
0.0,20.997400601210508,6.8284197023173085
0.0,21.664694085920186,7.5300660118358
0.0,25.403383640053665,7.199854592223501
6.408678675666794e-14,27.58244823753628,5.8464550912644535
251.66874478093993,24.716811743049785,7.948746526254563
446.11135637199374,28.722070886206755,6.80333389225672
783.6229455534843,31.91858282554147,7.341562064485447
867.915438126541,35.53222877947017,8.107556196092972
849.664452748231,35.593368691998414,8.281513285599283
896.1566114130854,36.00956388133194,8.608964455841367
1043.2428682156963,37.56002552214959,8.46264770228515
709.0033806968826,37.8470715165443,8.931006751362002
809.7169515710946,34.37151187361559,8.084199894481332
424.18586232811015,35.81333466315982,9.35173059320267
278.9064581691756,37.07471008574154,10.020958443792278
5.752326421297103e-14,32.084820310483764,10.178900383926662
0.0,30.82897949378683,9.67318566105739
0.0,28.01450094881973,8.158428021032227
0.0,21.801262495837857,8.592262889630902
0.0,24.54071420234113,7.079504866899402
0.0,23.44626345968514,6.03054687384938
0.0,20.719019227847223,7.330604051550312
0.0,18.635528731802538,7.014955346266457
0.0,18.91099632032124,7.362954511888488
0.0,22.47317786184312,6.725056292088742
0.0,25.689055555702836,5.645461815420159
0.0,25.780221672203023,7.739239269353515
6.30425344991004e-14,21.983517230223434,7.194281948666109
272.212049731512,28.310911500165776,8.0857983437795
433.72884688670985,27.34588448826596,8.319323784294374
589.2426909555043,29.57822747568715,7.4574648252863796
979.1281820991746,31.74825804394197,7.213058165936041
865.3259236524165,35.74119738908778,7.8994867640031865
1100.5364827407138,37.51891922305812,7.953166049067981
1066.420841082641,36.20355370763751,8.62345863648926
928.919221997131,36.51006775786849,9.28586670075489
611.0367008321311,37.328143336668674,10.849118532766193
544.8211196950764,36.73640154920853,10.58468169358573
277.32292767978083,36.68151490289398,9.819259026543111
6.196163043658687e-14,30.10346528886614,7.641251028811521
0.0,30.782816280312762,8.310605191670948
0.0,26.536160488102183,8.798134499206329
0.0,26.499772320937566,7.011492030100628
0.0,24.219858664523017,8.42147026025582
0.0,22.921856082586753,8.655072642032025
0.0,20.31521850580487,6.49560761377756
0.0,18.14092131557404,7.147299404603293
0.0,16.65403245887164,5.58610212987248
0.0,20.85314059345922,6.900830215635326
0.0,21.052702070360056,5.0796250583981895
0.0,21.83417793320141,5.743454581727032
5.75701871133427e-14,27.488004437964765,7.398139068996252
221.77856710920346,25.053478777890657,7.714911979772732
512.2677983678686,31.67657567657905,7.870475298357681
749.9068132047025,34.16114736166013,7.84502004438079
979.3428266196196,28.94110657872268,8.74224381471663
873.8548031671069,34.684524679791764,9.422280857946761
1137.1849714896482,34.97171776090497,10.980095450458938
801.7275528647365,30.746706233179463,10.496112704030637
880.6964331280791,33.953625006164614,10.19878913042789
585.4041310276758,38.12018633683094,9.912638795792635
558.8196125498966,39.80950924799948,9.530756649824422
256.641791118421,36.30511804719232,8.25001763442969
6.367637781949166e-14,33.4901724573274,8.145490684567717
0.0,30.870795109859436,9.604163518960359
0.0,32.20823334159767,9.172603985122393
0.0,31.06883355539656,8.186515125982446
0.0,23.669222153253074,7.365938645553291
0.0,19.186080142188484,5.808793598930007
0.0,17.886999926722506,6.398233241207497
0.0,23.92793345754748,6.378458138640753
0.0,20.917461001991647,6.382165271602147
0.0,21.650655294145313,7.955443039665319
0.0,18.502072867351483,5.429483342274933
0.0,21.848346008471108,6.611536776640035
5.855447674805221e-14,24.420616455738855,6.493840333036843
290.172074007948,27.356702489448395,9.746413641369232
575.7715687648401,28.214394005712904,8.625566596948381
729.3982223792352,29.0074780477579,7.719958576460892
750.3496686634666,31.442444098335375,12.279233185099265
1086.542659586327,37.08507890492727,8.648920457081848
989.5747081419408,36.42935055302293,8.115799184887985
834.2602511176074,37.96329830776407,9.300758078790736
978.9425079580218,35.21383046178576,8.66159438816291
758.9685803078656,30.83133772305172,9.711317781852706
532.1983332669795,34.89357270004694,10.978421754450384
273.4616172146909,32.93529122418181,9.98304294549761
5.387645383573152e-14,33.70960262079658,8.390246654119537
0.0,37.65357787172427,8.136813472037728
0.0,30.401910118776932,7.124049156730346
0.0,32.41294604148723,7.36038432115539
0.0,26.149117474219317,6.4351964970347515
0.0,22.094951358902613,7.113674317543408
0.0,22.94579989883725,7.325318388421628
0.0,25.012041561513865,7.225697513217954
0.0,24.83729616551347,5.212486414046907
0.0,20.30008962647229,5.955002835154493
0.0,22.75633513399408,5.883058852064909
0.0,20.662782964036325,5.530636027985753
5.558830710852201e-14,26.827508222253854,6.44710989538355
238.6420115242081,30.214328010162617,6.608715499117649
426.54467469667884,29.257769881103027,7.7841445866691465
641.7200821203352,29.913955224970906,9.097225161461221
766.7537062585426,33.89843287542612,8.111917480022592
937.8723726655442,35.66994328508971,9.259435302051095
1128.7204405665293,36.26866186684574,8.021129069145028
819.8763435503164,37.26300783185545,10.46725047877793
920.7612428867446,36.830541271932255,8.428606676358335
743.6775002819938,38.89748743963636,8.58962495970767
422.8800938995297,37.578829093476756,8.285809882588559
293.40811869073093,32.86881892807508,8.682472203065851
6.186617046868907e-14,31.156989766553806,9.019742513196988
0.0,30.739974499638038,11.121777409887837
0.0,30.651845221081352,9.065552013443847
0.0,27.403733439832457,7.549716037759825
0.0,23.891870152625685,7.629865599180969
0.0,24.044353916830275,7.392082452518877
0.0,21.75281254590464,7.701982294249923
0.0,23.376203125360412,7.142527011098627
0.0,22.008753685358787,6.518677561585813
0.0,20.98467383000786,6.735514654696029
0.0,22.877471129042107,7.024137152845684
0.0,26.315878684780717,5.588961154429506
5.998612970981287e-14,24.203376662131937,6.017309382387357
266.60730747436327,28.07739841769885,7.5422130714649755
486.8766029629207,29.201716134292703,8.500556256060374
796.5973582373863,32.26715654376906,7.583048650677872
855.853257197162,32.033506932033234,10.473232805745813
1070.544384037438,35.220161931035825,7.868791538557382
1094.1873785528383,38.4864866103338,8.661067247226
925.1241324047494,35.19602946304503,8.810398420528998
774.90376775106,34.68382660857453,10.844936596900096
676.1462541614278,34.48713229656332,8.791317355382448
551.4334097234098,33.92951498509982,9.176349864666635
231.36505369471075,36.19013764050241,8.341671593843252
6.108095533845892e-14,30.530917443493763,8.909183969630494
0.0,30.8173984865578,9.673233140538075
0.0,30.579215421846108,7.724328734816445
0.0,28.105402575501714,8.712630136314438
0.0,24.571518855299722,8.856732149327083
0.0,24.067630029242526,5.932480500697299
0.0,22.79101430502258,7.414387253655859
0.0,21.329038354414035,5.885149761541138
0.0,21.083257438513794,5.527439797786828
0.0,26.24837513502433,6.51561363895304
0.0,24.195345453410045,6.860958309660402
0.0,28.80937446135486,6.216406008320253
7.098387689350652e-14,24.51100060998195,5.437366886657117
235.60628363794626,27.264441321226492,8.442506559426512
415.39021644872844,26.84067534526966,8.000932060427342
751.7579318761426,29.956345632463975,7.224268004764713
843.7199263714228,37.308753173147956,8.144029408286103
822.674964601858,34.117712545631825,7.183994518365383
1064.0068632339137,40.27169270638738,8.446402792955002
799.1589421940054,34.74560896477572,9.116867315907093
970.7513055438162,35.3979888076764,9.253802333903113
611.6169853708276,36.54987104408866,8.5645052784375
430.49445000000776,36.3056302627401,9.996149288014882
227.21992890949105,37.0079557102156,8.588979741351023
7.056676726273885e-14,34.406467710195486,9.022721640927793
0.0,30.742848721955063,7.9739154073555785
0.0,29.23829526278674,7.974637275704458
0.0,26.796248675433386,7.062752410100593
0.0,23.675619405171492,7.712403530401671
0.0,22.07214675312733,6.837382458259838
0.0,24.792557617209635,5.2588333675368935
0.0,18.2812565984515,5.103564162923945
0.0,24.899710459508434,6.211936442719352
0.0,21.251598003101318,5.464315021433015
0.0,21.191772621558496,6.491381286575585
0.0,25.487657396520483,6.214063192189405
7.084641818890733e-14,28.635426232912565,7.06547590344247
213.1502601450317,29.829705587006075,8.804436710702966
493.53895532969756,30.66869716333811,7.411072351972106
661.3263950494553,33.90927240488217,8.553121140467804
845.1145067175526,30.2319979103306,8.817973797288758
983.7768095756878,34.278186231134406,10.007277694188847
971.1074857058251,34.77085617484415,8.106684482158824
930.9910044119385,39.84167713736122,10.01414289119731
931.2522249746858,36.89803702677055,10.585491180132523
748.746439088013,39.08321278849498,8.977120122331767
555.2906330651274,37.664910179871114,8.740813044534566
234.49105757298904,33.597233441783345,10.849163429456134
6.319856728593948e-14,32.49107664466576,9.11305160603641
0.0,34.32318080706794,8.198934269872932
0.0,28.1140277672495,8.958287466943593
0.0,27.844175924189116,7.269687131281685
0.0,24.09991049196544,6.557414103792752
0.0,23.380234441294224,7.086779127016476
0.0,22.802260832329097,6.798141989405214
0.0,20.529648319637023,7.375646296728964
0.0,19.90189404257679,6.145069731616443
0.0,22.66792801378689,7.127296886868605
0.0,21.20510990268669,5.803574260226702
0.0,22.544618589654828,6.582960307553918
5.1340472798829724e-14,23.94468166314061,5.937395845541246
292.7163409514927,27.59641949706175,6.676522000709686
561.6936502588429,31.710191219344235,8.434699754488943
690.1258553666935,34.90639758398925,7.017589467279991
888.618865076997,32.37095177855699,8.99761142026929
1123.6114506781641,39.78026378669936,7.934274270406715
1007.2629658670832,34.74158145940647,7.4663694235404625
1099.5882023666413,39.71729160751284,8.0125809368044
735.556482978207,36.379395042513664,9.820800569928231
627.4255682764181,35.80834802111708,8.633573460461772
487.54181102332217,35.261478867251284,9.54071878954683
265.47065344591533,35.3747468007387,9.522137477518822
6.778794845230895e-14,34.98273229261177,8.39290899606198
0.0,33.233076387174364,8.386262022403255
0.0,27.934817919848776,7.857472335936755
0.0,25.772917014701846,9.462675699199876
0.0,23.989510563817458,6.884702146513865
0.0,23.943224896281148,6.181043137894195
0.0,22.629750336914178,6.286128818097635
0.0,20.350507241119303,6.803049535471562
0.0,22.517472163697928,6.735253658031358
0.0,26.77599578192953,7.708710884757629
0.0,22.040630621625628,7.471053619722182
0.0,23.454386883671994,5.864991022436198
7.132944001114186e-14,27.097587916220178,6.49550911394998
273.20126419539156,26.790079831277684,7.593194045218829
482.85115270361473,31.316193739007804,8.761124301580224
651.0293646015463,30.611731722833525,7.280162983309828
934.8136089011323,37.64250399072604,7.919186297546819
876.2982727317718,36.32466897024841,9.779042878319757
882.3868655929148,35.66642210769352,8.390827913278121
974.1689559036272,36.52828798694544,8.915192458524572
800.2502457246501,36.95066527015537,10.51158439929191
737.8172676585009,40.45117071838173,10.043767846754278
431.72311727645814,34.36896599064438,8.50284462123056
272.43349654904915,34.29923568414481,8.55003585770495
5.6437392881617474e-14,32.85494366172059,8.377893920689353
0.0,32.01744120287773,9.870980637145388
0.0,29.43604539027785,11.617901713700327
0.0,24.92525675197035,8.436668306334987
0.0,25.178619408380506,7.237004382311895
0.0,24.122309159709122,5.449866504577312
0.0,21.94697856812519,7.090612697130636
0.0,23.777521836343052,6.06996789628178
0.0,23.97019432606756,6.517837829269972
0.0,22.247197458788936,6.396383036878666
0.0,23.664257411986213,6.13477614772161
0.0,20.152411224369345,8.06494822914234
5.899292332031412e-14,25.2891719242366,5.209772837160882
301.2022369015289,30.070468491255927,7.44619120338429
506.9032512415001,29.28450430220171,7.0285358394183675
654.1998109345041,30.72740647659651,8.201361372541218
749.994849847775,38.686755320622126,8.473548955978602
1035.3612688350017,39.42638609844426,6.917258268484806
1051.1759986447178,37.99473052380009,8.184249001302529
922.9938413211092,40.13660530183291,8.179051521891544
1003.9064175656519,33.67950663264411,8.268140831727523
587.8924748176732,36.2836811976154,9.747971411823642
465.3853179245822,36.11966495248947,8.459867390191324
297.2970939701624,35.31627152031876,8.868223952244893
5.736524853664578e-14,33.15148942661234,8.090255362906763
0.0,27.10187724634774,8.577763399100707
0.0,30.903426705977385,8.610932926473254
0.0,29.148133364301316,7.232571598053421
0.0,29.33517505174023,7.498507526495004
0.0,22.89790468951796,7.8541742525497265
0.0,21.613551113080348,5.499790934657503
0.0,17.194705076674182,6.859519384344548
0.0,21.694946985733893,5.731869779947072
0.0,24.35689761072746,5.1547433835767364
0.0,22.130341704254715,6.258790041617228
0.0,28.91211604651058,5.645204282316854
7.137452034154795e-14,25.768890987336622,7.4954206510021475
225.15884344344494,28.50551286667261,5.600056629342454
486.9538148299728,27.555874497752477,6.187614467730975
703.7381629034602,32.92707371008639,7.64714478302562
829.8557911082216,30.323441069210276,8.205267791443095
921.1013030751183,37.326330818434336,8.969436906035805
843.6407856421366,38.659140241662,8.087581474470817
1031.212213078702,40.72807011790123,9.945937517785628
848.2015585029359,36.24214322138028,10.87910779117753
632.183984611971,38.33061150582305,9.094083635616963
556.868729673689,38.33791700796418,9.771264533586113
287.0233262708399,36.823498185068665,8.955569014326866
6.105864777539989e-14,32.55148210864596,7.528589802274173
0.0,27.568669240623553,7.937769796619044
0.0,30.976001252684625,6.9246634197104715
0.0,27.90652894147566,10.173418252002634
0.0,25.148739472992787,6.563054066371286
0.0,26.153117136854217,7.191582971730071
0.0,23.41228738344551,5.994518632875974
0.0,20.06453297418174,6.657613128497678
0.0,18.567425111837444,5.421543519781322
0.0,20.44499654945101,6.878984629508269
0.0,28.288151049287947,5.134879977901038
0.0,26.219028988403053,7.602805814865914
5.688403865659618e-14,26.807554373979908,7.547106436739987
227.6440802367354,27.99645547483811,7.279758198656513
456.02357747878085,29.935543810135016,6.038505090407404
819.0568167927615,34.83527401756824,6.865650652442213
875.5091151276237,33.449138206223026,9.087705294868737
923.3433853728385,37.24102476089085,7.369691287060072
1136.0954838243904,36.661677019722205,7.782482354070773
933.6687055909149,42.03804956401256,8.969707445900228
818.7008705182494,39.914906705186496,8.47941466204902
636.4688458114562,40.648849929709684,8.40060997487456
480.25679286779445,36.189713370928914,9.19936348489085
242.99545332744353,38.20345616465711,8.562878345988775
6.531191789568898e-14,33.80517483924051,7.737414144638231
0.0,32.72095169871575,8.398107160048907
0.0,33.7004250312688,7.685746666128985
0.0,26.274227215696882,8.201578672459942
0.0,26.836825152640685,6.16869636069787
0.0,25.64948595757496,7.117318616583456
0.0,24.68788616384164,6.319653396693822
0.0,21.947105036016055,6.010158385710637
0.0,26.748608834131694,5.445009208873511
0.0,20.258810251522466,4.717176853336024
0.0,26.565648179504958,7.160326373957123
0.0,27.349357594206428,5.823772682535098
5.734326343994486e-14,30.377858211722902,6.9430401380523925
228.8088398877663,25.329074074279724,8.549919829008513
444.9259257273083,28.83841765673611,7.30209370240517
776.4654563711722,35.630519111658984,7.2884058559641405
722.0198902283474,30.822002323254917,7.371609041203808
991.0994711635491,33.02001707992709,9.913352574193313
962.7660222583621,36.52766828936806,9.067254466576024
973.5272253313866,38.68747482007261,9.256989230380789
890.1384119873768,41.760530779813074,8.805011779137496
664.1921103819598,37.93295541296736,10.096657142798184
466.41473134654734,36.287805566661966,9.551126760640035
281.6931786841255,36.85571475740076,8.318666066118713
6.964018361506864e-14,35.51527359910433,8.839638968018088
0.0,33.52911263767624,8.115563084889882
0.0,30.22010821661284,6.416474079451018
0.0,24.595356043859066,8.433340564844187
0.0,24.74084865430287,6.201418856006619
0.0,27.759768553558075,6.804708358555754
0.0,24.165224942900476,6.052736351437691
0.0,22.34683944869613,5.828142843869045
0.0,24.955627393970737,5.995225200648363
0.0,20.731650422172343,9.156701789664348
0.0,23.340390799521263,5.833159834162076
0.0,25.33795285807848,5.431343688412772
6.813586505407743e-14,25.836535290633535,6.722682844657753
268.9982672521514,28.85026358220582,6.121453778690827
431.94921550757,30.343902434379256,6.112801866514635
724.2581005051698,29.991156562471208,6.2868317677596615
934.6613004695058,35.0822460609809,6.525574518144598
1073.3700456701006,33.71944096368943,8.085279804694848
1053.0834273640733,37.97872377769174,8.385555188448661
853.6012306639882,41.19496855583555,8.038161455962653
936.9501714340223,38.15724390267067,9.757887438525195
756.7640970672829,36.10373064759336,8.07717012213233
419.0648694677177,37.39351790108834,10.424461439771335
252.55909344376312,34.71220233055811,9.014336748106608
5.803617875282584e-14,35.90830830248573,7.228415772499992
0.0,32.49386516299725,10.214094138580892
0.0,34.138816800551936,7.434690271260491
0.0,30.974717127757298,7.379401956955541
0.0,26.413129288259984,6.601467700745603
0.0,26.49365418367659,7.366483825339429
0.0,23.145240199436078,6.370885275689119
0.0,23.20042340805507,5.25530703952461
0.0,22.137047855336654,5.015269490290065
0.0,24.665421557424153,6.574336768841664
0.0,26.797689571180925,5.392208476128104
0.0,26.80035841292719,5.271758750942858
5.6356341100354595e-14,28.703789450607992,6.40377930679109
305.4026455960897,30.63543076168857,7.5989286476747395
524.605382762719,31.9624280927067,6.555830996619997
787.1752769499893,30.65189629043691,6.938352158006521
745.8147465270903,38.261859286870276,8.868525004125086
865.5008196641876,40.125592150926515,7.350639322745808
1100.7255813100862,37.32036027168605,8.819945659443151
809.9723372928952,37.84592702791746,10.621897340547536
971.2853423931347,40.08473955386803,9.963085673587774
590.9174992496457,39.688948528716836,7.805911464995092
532.3329893616055,37.384227340806746,8.491417367957753
248.64713561401638,34.01671918635446,7.883548566032307
6.41973842372743e-14,35.47131862953683,10.314282404217968
0.0,34.03334168520853,10.68085413978649
0.0,32.311558544114874,7.224057459834163
0.0,29.48794943192553,7.90570015339692
0.0,26.31768595131346,8.127495599677696
0.0,27.191066077557455,6.082510910475105
0.0,24.201410579311148,5.619731847063815
0.0,22.340664175412837,4.681878241625598
0.0,22.63661005036338,5.777012410441845
0.0,19.778572139192313,7.2997101653165934
0.0,23.705229935822235,7.374390108749061
0.0,26.71793560471178,5.208898534708717
5.826532060872179e-14,27.677482858733285,5.664135349165144
305.3781168527596,31.96869279959703,6.466765708658524
571.6792683346699,30.471966986423414,7.843633602437119
671.2860510125055,34.043095501381615,7.714183117065116
901.9445777757777,36.583397167066366,7.855297616159496
1095.356431974056,41.340485080522015,8.412039748907295
989.2364391047555,38.21565102696562,7.465286954740952
809.7458278094806,36.63694906703932,8.679354250814715
743.4597546557046,40.69377432116539,11.615741721998786
716.9209675315822,42.45677813670428,7.877175047344935
588.7720900256919,37.28102262427709,8.929052273559478
279.2811243838119,38.336934141160036,8.251618124321162
5.24878662296383e-14,37.455372924912666,8.591418656931761
0.0,35.102600263215294,8.365596454714671
0.0,31.249033859401976,8.013125825062637
0.0,27.530416937208365,8.534023964054715
0.0,26.835357718427655,6.785861633169271
0.0,26.258263472717704,6.723139807056604
0.0,26.021492921837243,4.885613982007069
0.0,24.07373458961483,6.93438944730234
0.0,22.373435170848143,5.383931789151968
0.0,24.51660380591629,6.841110388381481
0.0,25.925218009139428,5.3990457217163605
0.0,26.235616967265877,4.64588241267535
5.1889279834304706e-14,25.460876874852648,5.4962516975342055
234.1860388463741,28.69988667367475,9.107932434216078
448.39498065612685,33.02889265675423,6.589956905831712
674.2947067648403,30.437767847260517,6.415483048140293
850.7900943056968,30.94689505914698,6.835972943054499
979.999743599162,39.80627105370972,7.705736799007479
1003.2228945089332,39.084284844248565,7.1890567495657045
897.9739097856706,40.07411771928206,8.728459058706182
730.4337320139289,36.97961715667518,8.16626290135947
741.7861502043371,40.33571384117492,8.948385610521056
487.1510189421888,38.61195170934153,7.964514563821908
243.19836899587756,33.62145019772488,8.534817394149012
6.995934050641684e-14,37.981817932477014,8.706309119054232
0.0,33.52117011198692,6.9926067933946685
0.0,30.34108317177076,7.551375007671852
0.0,28.306719251138695,6.937099660601975
0.0,23.102807293064544,6.397030966634274
0.0,26.663070053699645,6.9129569879501025
0.0,24.86139019820591,6.528980487572945
0.0,23.150312139011234,6.402017977802405
0.0,25.822849428893313,5.087948986089236
0.0,20.770754365685733,5.3650267443598105
0.0,23.14413083097923,5.2262128428668095
0.0,23.90900825497682,6.169536304083866
6.998644730303076e-14,26.70828905444687,6.216719255386656
258.8479755067338,29.33026670368425,6.221273052135293
550.0603754601661,32.12590606161268,7.8001096231679785
746.3279625646164,32.642484468599896,6.33320409338604
970.9059773484861,33.51116754368019,9.932286343265899
954.7166836704782,40.29474716302324,7.158942434703091
1114.9335296543397,43.017362627842616,9.201240579277567
965.2997722254069,39.27985896806656,8.359282952732105
1013.5912162719782,37.75231827994824,9.985357332518745
712.6931728473294,41.944193886387104,7.760124570131362
499.70496521981505,35.30056803160855,8.524289834122587
288.4978831750303,36.253186614072696,8.282444146873708
6.90528848369767e-14,33.87364491129737,11.230788819419562
0.0,31.017360273909155,10.571705019029856
0.0,30.70583054814643,7.010702821083319
0.0,27.466982494821874,7.699014603773745
0.0,27.291187942287284,7.068068720000885
0.0,25.66337909984252,5.773883225212436
0.0,23.224894566805286,5.469889599888034
0.0,22.92732792062447,8.632578149217446
0.0,22.934063308317334,5.777374685284072
0.0,25.288046756051063,4.906784654169641
0.0,24.170699211720873,5.2080257128961875
0.0,27.38831047620457,5.49234990069514
6.980760763984545e-14,28.567387211234067,6.304200489054869
266.90538721117883,30.468270277106075,6.202180964215865
452.8024874645414,34.171453184816706,6.843406900679063
670.7095614326906,31.227531845453104,6.5269556155522315
810.5002628613678,34.44939503151053,7.319617131892078
990.0409063289796,40.57921309421628,6.9634841645850365
853.4911523854021,37.809331473221725,9.703712020231759
861.3432386863631,33.492920474625606,7.913937978632864
974.990017192388,38.98982455782899,9.500804104959174
623.9850924013386,39.39304691476381,8.48507321579379
459.2586043094291,33.089738239537844,8.72633864464134
258.10370567082407,39.720486773393034,8.145968001281458
6.246001791995614e-14,33.968336316393554,8.91784303396141
0.0,34.12343983531996,9.152111403496425
0.0,30.94379815343663,7.223137319315781
0.0,26.74850604489651,6.726740583564018
0.0,25.254744974853917,7.424321761520728
0.0,23.868741321777282,5.855329380524462
0.0,26.765999895517535,6.602650953654878
0.0,23.50037632091292,4.973062384847549
0.0,22.479128274322274,6.161011341766862
0.0,21.92623487193276,5.8396573604267665
0.0,26.98695652020251,4.888832721056614
0.0,28.794407602980563,6.38989671449684
5.4927397381335804e-14,29.892347104839132,6.119862549802236
237.3682964026257,30.437181624913936,5.881699887956744
521.0106476533941,32.10251939116719,6.57459788507901
698.3023075798208,31.16153603229413,7.2883933284372615
883.6250008859902,35.03122105400365,6.6501868372922015
866.4381662219249,35.81199315022528,9.947961109658193
1073.3321586988934,34.800038319731854,8.79601196757542
1102.375913216354,41.36435275606905,7.599072246462432
803.8987973739532,38.131199414641216,9.722323007177947
715.5461061756579,41.642149732608935,8.390297545241225
592.6606427828425,40.2145553392213,8.997222817147499
247.23368948469275,38.29314951018499,8.080628872760169
6.42341297437796e-14,36.748627450952135,9.002465972823913
0.0,32.36278390409852,8.658287768269371
0.0,35.2385596100071,7.8227159360544265
0.0,29.5385578085117,6.69227416591788
0.0,28.126722677663178,6.335898304614286
0.0,24.567852390800113,6.281696470423241
0.0,22.856601790164426,5.342209750047463
0.0,24.874320949300156,5.595902990828664
0.0,24.082162533871426,6.310038169024105
0.0,22.341024199876156,6.777283013544342
0.0,21.842078874167537,5.434108304896022
0.0,23.450435117846382,5.343783632802627
6.218646925053745e-14,30.03940297617607,7.224624237703519
302.9891259279326,28.350075551873545,7.836942372868851
522.9038905933129,30.969318450642188,6.6758319578364445
728.1013788693676,36.618368420332146,5.941532582996136
865.6849789432848,33.402834419021026,8.178754365877177
880.6240814276905,35.850000140052124,8.83723294453951
837.9800780857885,37.037805115147975,6.941634560248524
891.7827855263798,42.61067911463849,8.81180155832316
882.8384843507107,43.63390254315868,8.944411953464304
687.9341608638647,40.87766860311075,8.491031962842575
498.72821478215104,40.14210822057784,9.414162202366677
307.54696864328446,36.14327978578078,8.405513290459869
5.892026560271116e-14,39.54179251580242,8.797377455507917
0.0,34.25308041153134,8.067680307210676
0.0,33.353356070893334,7.068372527410035
0.0,29.365533303631782,7.5427471040945155
0.0,27.111070367338634,7.534078363002669
0.0,29.31636581169371,8.680163575576572
0.0,25.919797251299716,5.902931162368473
0.0,26.943897433926832,4.7978094421760265
0.0,24.2792094655887,8.336620582446542
0.0,22.344413438939885,6.058060312678953
0.0,23.673664026066128,7.553427795690343
0.0,26.317629357535456,4.943680378570472
5.413696089538724e-14,26.515552690011962,5.813863185981667
245.4469638477077,27.483077944023066,5.588946749639499
439.646326889243,34.171387185672664,7.879242082689753
842.261817733624,32.749365341271755,8.494723122706267
821.084055327107,36.044938617681254,7.637024492071312
853.9920673874736,38.017674551362205,7.239467807048285
908.792540655928,37.52045010173298,7.378638951200314
1012.5361479592485,42.39755866502864,8.763324557810776
745.0693633351718,37.53426959968938,8.709877773764035
810.9422703839765,40.0192102595727,9.25929772409087
591.198302906916,39.18899176512729,8.236306349301064
239.6399914143666,37.316898165862696,8.314536167421664
6.116327155992843e-14,33.17472789555465,6.935082586694559
0.0,35.58074058664571,8.271642853347705
0.0,33.255574462767804,7.4522209150233065
0.0,28.346863704096016,8.757193701061977
0.0,29.18352753650934,7.218756581402217
0.0,26.861514245207786,6.256931576491492
0.0,22.397648548092924,5.595723610626838
0.0,22.45181162963539,7.321487922580914
0.0,26.163638958869807,4.357324734745878
0.0,24.778501829062204,5.308477598673204
0.0,23.830266947193888,7.491556280850935
0.0,24.513270037252987,6.311556684790596
5.3894179419384934e-14,26.856288472859813,6.233942934014526
289.90993358702013,28.927564648515077,5.754187450569642
539.9248113421554,30.195150003832147,7.839187458076733
621.74025606432,30.474100205144207,6.50593508687706
941.8030635145307,38.16710264189223,7.006701179601375
962.5860918169699,39.48519766380591,7.223155835215303
1177.3418834538772,36.26876839575244,7.4405840024394925
858.540476198112,39.88710527053053,10.350152231118605
925.6341915995162,38.08259966366112,8.918760190428634
689.5352324435811,39.091348232950125,9.06569826940218
590.7951741264641,38.12574613961885,10.512511533167554
247.5535516845938,36.688261887147284,7.873073201778295
7.246965737627321e-14,39.892970237243226,6.764837443652301
0.0,33.076977060558434,8.21164565078353
0.0,30.2705484189568,7.62232318506458
0.0,28.291360849276387,7.1618275356815735
0.0,29.974629981894164,5.667349778712577
0.0,22.9260171562124,6.356931924747143
0.0,23.549220198916288,5.623857903760011
0.0,27.16890833197336,5.354012427671639
0.0,24.490641638058133,5.074088001058083
0.0,24.65910666182252,5.291568989823213
0.0,29.33875895207473,5.391076178914384
0.0,26.838510918467456,5.436290946667571
6.110497909829839e-14,26.586296939343672,8.384343610984986
232.93592452930932,29.367962787489976,8.05570409711871
576.1604752083227,29.731804644001702,6.980512700649411
772.0368935803913,36.5850957029144,9.503010181074837
752.6847756336828,37.151792697136266,10.25916076958552
1035.593590486519,39.908351811497,7.596536710961042
1073.4061467117974,41.356840349437086,8.11569259863663
1141.8556414946443,38.90165431052032,10.394279979486056
727.1092231322656,38.11316355804506,8.905934567133954
655.9157562792645,39.626649649759294,7.998588514977176
585.9597190024812,37.18535035076127,9.131410543128446
303.71895699453466,37.98943726237327,7.778881181926516
6.71999289605752e-14,38.26686302373221,7.8683028062790665
0.0,33.73694233078467,7.286212620004216
0.0,32.30265944187832,6.968381263073639
0.0,29.744425668795937,5.656565542828738
0.0,29.608124406938234,8.048004884813327
0.0,25.01025022399388,5.954785984862045
0.0,20.794202694695684,5.030531342126618
0.0,25.329629556695608,4.794382486991059
0.0,26.09096729087338,5.843378797744913
0.0,25.280640327461917,8.440048287460996
0.0,23.906634227045853,4.832845864351086
0.0,24.188420002392874,4.838929777228017
7.326238115535438e-14,29.104293511818035,5.948357201160003
268.8453970003129,30.327703993306574,6.560605714315483
450.0696474031166,31.863713192940732,6.282830167150249
673.6046479728197,37.83077749506514,6.690551863024916
858.7441574696774,34.22169825989473,7.364879995993766
917.8061081963909,41.32222674000471,7.468230879026176
939.8676340783766,39.10706948827418,9.693356482910094
1148.0359771360347,36.17156410482819,7.203169527897814
774.3191152702345,39.75689313961911,7.9730221805872645
779.6812357487693,41.76169721176882,9.561570225127467
419.5555054607128,38.313391612922956,9.618903391471015
272.6204190903952,34.82259561527299,7.476960816711955
7.15375034218759e-14,35.786269384665054,10.366810285287261
0.0,32.47150606129414,8.414533282403998
0.0,33.09892725043332,7.006613508836359
0.0,31.591545719572448,7.050687564994525
0.0,26.002757632761178,6.28944452245445
0.0,25.046836088533713,5.546415552184387
0.0,26.810011953154074,5.573139778454189
0.0,22.779835086305248,6.024503513423552
0.0,22.06061398155972,6.656260342739474
0.0,22.140141379310656,5.304858374830223
0.0,26.00080424885644,5.31938464963185
0.0,27.186391442758257,5.750326821337822
6.135751803875018e-14,26.856838192457626,6.433948014147804
256.7474189800235,30.16454868465201,7.070834726381847
447.86328449129206,35.27919502152597,6.3303968094365235
701.9600419450222,32.347362300199435,7.339598365565672
894.3043909402787,32.32144503519481,7.253374801964135
818.5561109097099,38.79193565414884,8.455676028246772
999.0908778811934,38.93233115568804,7.369545845373197
1082.2257444213446,38.53228668989806,7.849427750829923
938.7366244050679,41.52909072792553,8.399677799839864
755.057379245832,41.63078715286584,9.928318921446609
583.2588977412905,34.73657744373103,8.755190409363466
218.91507048462583,36.57658868404512,10.427677761077465
6.366419535615587e-14,40.85996271560942,7.181502876789666
0.0,35.46229244563226,7.780876705760323
0.0,33.57713752981001,7.322701180058719
0.0,32.5001664496585,7.3755124339390585
0.0,28.25906790361516,7.657723872947816
0.0,28.161444323906572,7.4246773118079865
0.0,26.839453048066822,6.477015867863072
0.0,25.6822085738609,6.157978914364765
0.0,23.68750824943312,7.432878610216841
0.0,24.948243425087902,5.3226584615456805
0.0,24.226605831778862,6.657036058433047
0.0,26.70030655030854,7.322642538818149
6.01829872382158e-14,25.994550406469394,6.01542569750592
265.14783194883915,28.67973184730186,6.966875191879616
564.2973122892586,31.766908106818068,6.418876065384281
688.7793073359,32.514673688627944,6.263167787286688
848.0885805314163,35.32149764917757,7.698959070977872
844.2769747633333,37.66053448664928,7.1166538621588415
1168.7307881519805,40.06426011027219,8.056203954183774
842.6594123122807,41.9574534046863,9.602656723051455
929.139872159505,39.403963447911714,7.479958949758657
698.8411393633536,42.729148035517724,7.282829026101424
492.7923986165164,41.13695757819442,8.811586520135874
280.60038983514306,38.99657410404819,7.998461577444246
5.2890641048987266e-14,36.638830449261164,7.963210816382093
0.0,35.04032623522518,7.6240145360397875
0.0,34.70563449200069,6.421491841101591
0.0,32.70813914936631,5.550800817073556
0.0,31.001425647435216,8.067553080987892
0.0,26.757331604929554,5.672502535352367
0.0,26.616803771881052,5.8319740230642525
0.0,27.394759075090892,7.8837014328000485
0.0,23.18764060232655,6.6015131573684025
0.0,24.070832354410182,4.57821831595095
0.0,25.538942767910783,5.639049337223352
0.0,28.57741589862577,6.392053864354816
6.13021519917794e-14,30.265416973596583,6.531292896248949
242.92835951887267,29.9027920889433,7.044493207543557
490.6737347746047,29.417853763399915,6.578033867354607
692.5415523323434,34.99799292157144,6.2820668238761534
816.7362153246218,34.598440397502536,7.371997851744376
904.5930431694507,35.11205451237127,8.19564845628811
1149.7554975087091,36.83553278096741,8.39998742609657
835.5059374555167,40.81524129816301,7.24221150023903
938.534170130262,43.15714739402495,7.369499565466516
637.8364804065623,40.24026831494437,10.568266123134602
481.9158476782345,39.78603721172677,7.662732867349093
223.09818326436263,40.45771679940757,7.88253008307905
5.737503216193137e-14,33.346162853992226,8.879122958563602
0.0,35.54597787618005,7.604327255132604
0.0,32.41189310352169,6.685503974640373
0.0,31.496635229003303,6.989348978083406
0.0,27.468104855351704,6.848785620425665
0.0,25.142343841813993,6.205220897736375
0.0,25.888335594706355,7.483300583905598
0.0,28.106497052767033,5.23233442130711
0.0,26.25734122549358,6.005901330443217
0.0,23.792728865737928,4.563960775705299
0.0,22.925373714172586,5.336262978088713
0.0,23.514532199522705,6.399225920838099
6.031335049064541e-14,31.16771992011162,5.322307564437121
301.92533766701723,28.554804079318835,6.511596694795817
553.2290219193386,31.88449419042078,5.801731438434946
732.1183914150502,37.24849562938597,6.0320811442490605
892.5440785292685,33.30771810545267,7.483236911577014
932.2628930057293,41.17690428485316,8.244041855102328
1027.3366526014256,38.95644333890116,7.128114332140137
1039.2249284708237,37.96576099624573,9.833945994118555
857.8516573686213,40.040819162112825,7.834297159234996
775.7250953664086,38.81773406392025,7.588695930448554
574.9934023452704,40.34536384449759,7.7744757093265875
231.80928746322144,36.89611039812748,7.534861005940178
6.138587484537677e-14,32.712236594572566,7.050969876956596
0.0,34.16494830841284,8.652486427633802
0.0,29.82243091183758,7.416330114265092
0.0,30.873608423567127,6.776370452727424
0.0,26.161260351844007,8.454400849760317
0.0,25.902641160574102,5.985516977433415
0.0,26.069819836562818,5.13959902623766
0.0,24.480523398028573,5.178216716228325
0.0,25.133708024411746,4.941665234149003
0.0,26.266015179532626,5.507503290676521
0.0,23.388776828671535,5.070602048969426
0.0,26.847198127667863,5.750252798670235
7.256019837229577e-14,21.973839863393398,6.388585273467502
226.5118592235786,31.05696170095454,7.046477151437376
422.69973006788473,32.03121919765997,7.182873331869121
634.9790669985136,32.73650029227388,6.304909299616371
1037.9873934240354,37.264286303002706,6.4355991307724345
873.9695543091191,40.63509686227218,7.863884418107734
1020.9171384199285,38.60901519348728,7.347956367565773
1106.4007877214638,38.47062508823876,7.240303112001768
733.821931907207,40.96289798328708,8.525038723207231
747.8474692594042,37.68904073542949,8.103517206470169
469.86458079653255,38.240287947614085,9.170182561155155
297.75592975345506,40.73450603120305,7.872717116726383
5.768368176850876e-14,36.75720591803423,10.330285438084678
0.0,30.94446589133749,8.479515624381893
0.0,29.038864163850853,6.221187702820216
0.0,30.88646648288304,7.031894753897514
0.0,30.357628610245033,6.775928469285946
0.0,23.740750291664977,6.7757254507861315
0.0,26.69824514294859,5.916636753303213
0.0,27.660303562897976,5.643949135969991
0.0,28.502741134148362,5.223237781027613
0.0,25.662062067638292,4.943025238188435
0.0,26.81242511706052,7.2876442357880205
0.0,22.803800053482416,5.25477941475013
6.966530325827574e-14,32.926528254223065,4.768761273624353
256.99484390908367,29.505490371218677,5.423195566617082
469.55721122769256,30.860080841381002,7.719837756451666
661.4039055074577,34.287163250172,7.19728621914299
894.585364833539,39.750369986601946,8.16220732124627
967.5136947775957,42.79996950281056,8.639899133982347
998.3941674961479,39.90604374745828,9.010962573754338
843.0275449276803,42.45059811375094,8.405226955745007
951.4528216131799,40.81343125560209,7.649418783285331
648.3461529147306,38.37883882250726,7.618581280402921
455.429160078509,42.608713730083174,8.613828283957378
255.85405856791843,37.13962244701069,7.96783743841059
5.6453441669891556e-14,39.79808470497485,8.185405436977053
0.0,37.39465817858942,7.728931284866535
0.0,33.9550956861455,7.625915130322486
0.0,34.314420309919626,5.678800703040992
0.0,33.19171522460256,5.294695693141562
0.0,26.719682182810082,6.829050902641501
0.0,24.272228742474233,5.155703372932174
0.0,21.362073924757116,6.046206906999263
0.0,29.307384720443117,5.619681118898737
0.0,24.21124958143316,7.79290170631968
0.0,28.159890693510576,6.527463494794617
0.0,25.67865522507126,5.450931469084147
6.363851153254184e-14,31.894551491406677,6.186969609609277
269.42468489212405,29.347232665131614,5.246309670239253
547.1575074128011,30.43458194234792,6.299356374733698
639.0229423446651,34.47155970849527,7.591050204606303
805.9374994032904,35.75446880765933,7.6525929069347605
1093.0797100431048,39.667474029997415,7.66784652142829
1180.7481391579095,39.64343358547307,7.231972043697104
858.4764255561654,41.800831608999,9.138665221005182
882.4387701838789,40.23597726341202,7.86848097689105
648.361970996849,39.215212077857544,9.410928525126435
430.72807044854767,38.579102344065966,8.683762848417299
247.68778842073417,42.56475205513704,7.954767077904426
5.459177837580007e-14,37.268362074036474,6.7577464257622735
0.0,30.921048151496684,7.068500644684653
0.0,31.777602182674443,8.643830002023591
0.0,30.94119991371419,7.900334285538019
0.0,32.50881957208336,6.7513306406878755
0.0,29.218563391870024,6.124770805931407
0.0,24.134172744834693,6.243262800071703
0.0,30.01511654490639,5.548326261874253
0.0,24.84349091847108,5.847170735061317
0.0,27.67106465991138,4.974776933869386
0.0,23.66759142299872,6.514311295703761
0.0,22.45263120807986,6.163970246266013
5.6324754279178394e-14,26.088948667337313,5.467605478964071
234.82592601981028,24.334592334862457,7.1779022937690655
496.8226000137893,37.129990302579856,6.509234251321019
761.2029651318492,35.40542984666703,6.138863216543463
809.3481038969268,35.05652361117797,6.219738081887217
815.2123754665677,39.46791395752666,8.205973853289436
1026.3611390351252,40.212682950709876,9.154130497301965
1021.5662584538152,41.87508504961457,9.128684050746065
1027.1979660416416,43.32487445034657,8.776588003941312
743.6938245484747,40.05337595233655,7.543485141766656
504.58672539356354,38.07433626614757,7.340082719750581
270.71425451409095,40.218216326310255,7.862718389402874
7.185752792489777e-14,38.51047720384297,9.102099239634626
0.0,35.17783562513689,9.625552341073039
0.0,37.26092002543558,6.702035701379897
0.0,29.959615041530565,7.659226961588816
0.0,27.106095704803497,6.721598328109734
0.0,28.085140253594858,4.872235894463161
0.0,24.712292515104938,5.944753149396963
0.0,26.25399789718469,6.497684564152287
0.0,23.324354947528565,4.923801075943178
0.0,24.462480283031127,6.753436881446969
0.0,29.843849069010265,4.8252269210680065
0.0,26.522342496219707,4.500866361670937
6.602272340023395e-14,27.392668371172853,5.010072857781046
256.95251015594454,33.26117667580028,7.179506360460538
579.583310288717,30.888287558634058,6.317384956596566
808.4898672041426,33.67503735973347,7.761090131561183
890.5708078308592,38.143493700225434,7.364883101958467
1051.0063534013238,40.52404855644641,7.604437407690925
1157.0911855619283,42.3595274716451,8.861304377458323
982.9779382683513,39.22333440507902,8.0190933231232
824.4714914258094,42.182388805179684,9.229994133953756
785.2010542398018,39.78556167043163,7.387242409092355
459.2488792139968,38.707263422461686,8.69610496053857
253.4090061825954,41.0536512732844,8.737224276285367
7.046324438998364e-14,35.89126266748827,9.32538025220744
0.0,35.61733301206957,6.993801643798777
0.0,33.30153039766872,7.549531002278159
0.0,28.778310345710274,6.742907733243972
0.0,30.922557169920086,6.236832381545087
0.0,28.454078997072973,5.157650253796741
0.0,22.170890132069495,4.907958665725795
0.0,25.89911019824799,6.603913226113857
0.0,23.525727717752606,6.114397681849228
0.0,27.538418588598557,5.097567386389312
0.0,23.25267168224882,6.4160458614708284
0.0,26.70186639933438,4.490661276078027
5.998215720686943e-14,29.79572368806278,6.1287714226495
224.58288965701843,31.109802813549432,7.306258623406159
435.6304288004769,34.59759109951379,7.523302423456323
743.4325568710967,32.10538297488743,6.5752647143969885
913.1961784699904,40.375503259820604,7.936257827781029
955.8132637227334,39.77881815315477,7.452872525340872
994.235385037477,42.71931424236315,8.978059485910151
829.1075146594803,42.54756153486488,8.248048831942159
887.4082403925595,41.048454357175764,9.064485635682352
721.563922451219,38.230684774576076,7.281423289291995
446.36740550613837,38.872771453863955,8.546749069371645
226.80301030958879,41.90765550130339,8.296233823590896
5.409232411840749e-14,39.84255014939861,8.210632751460636
0.0,33.903026986698634,8.140633047747503
0.0,27.435066013681492,8.761305922440801
0.0,30.575742756655444,7.691476021547574
0.0,28.496268809827615,5.817061859253288
0.0,26.915275112512703,7.103621457861609
0.0,27.278572110225383,4.844199844686005
0.0,27.17471548516887,5.857365840605333
0.0,27.13029603103714,6.662433328855848
0.0,26.31370860679628,4.3362145037914175
0.0,22.61995230271731,6.4875411748350675
0.0,26.81044322195912,6.416008052588893
5.17753161295388e-14,33.75787650393647,5.796725059647389
279.465291864949,31.827578045622882,5.648873232427254
513.2551015150806,33.885336073725824,6.237092616209949
821.264336323202,35.93922117720597,8.904917162681928
777.3306036618904,37.98045618185007,6.520672997189769
1089.055220562171,34.040326824158626,7.794979674478488
1123.107334438946,39.59885153329146,6.833468331229623
854.0829411990488,40.80131788356126,7.473726340629835
850.2068184529617,43.712687735344915,9.032944583384934
636.1514211400586,40.97244933639523,7.883854598191407
465.02215778482196,36.78487739390972,10.756222700373655
241.5061490141226,39.66672949867398,8.149307344213355
6.358349142384396e-14,35.5420476403526,7.94889108070107
0.0,32.78667801549542,6.317855280499004
0.0,31.48137884340493,9.112955837402286
0.0,32.164153035346956,6.058281195650932
0.0,31.66721941635823,6.553294611098482
0.0,28.458702577700883,5.852552319371641
0.0,27.560258608716314,5.562621291204612
0.0,26.44309932712124,5.889068140839603
0.0,25.42706974547872,5.791830915123535
0.0,26.89087005137075,4.476203798693085
0.0,21.458661227343427,5.3727077215622865
0.0,27.789737844875066,6.358781079458645
6.376714305340694e-14,27.13456532251328,5.62744658800933
260.7320836495575,33.479668176025896,5.2590373798293
508.01660674439887,32.93010478132406,5.9951990201213246
778.4808188891473,35.35686392911361,6.134698556867756
753.001740781824,34.21427164325017,6.2791009850466555
1041.2035757981466,40.91493141927587,7.284639457390422
1159.682504930901,41.407274862580906,7.9828681958579635
829.4628282518185,42.065717766751334,7.006186117785959
769.4483763655002,39.59836968742014,8.530837725000795
774.5177878330155,39.40454231219407,11.114089869027652
497.50526679238135,40.5998175309251,10.254772699964494
254.39220327896848,37.49227282075406,9.11516954193216
5.432278773017785e-14,38.09420131711246,7.331174110087002
0.0,30.973142547044503,6.208561211038253
0.0,32.249326278944594,8.223775469234686
0.0,34.7473699617906,5.636365425273557
0.0,30.10338704774931,5.728842088568383
0.0,27.901148471327385,6.180902603308952
0.0,30.33805765122137,4.958010751071145
0.0,20.89649396223875,6.512296946313131
0.0,23.66518558057795,6.133823286643448
0.0,24.76605485634684,6.0067287813686345
0.0,28.084307045889435,6.2859735731636395
0.0,29.39026628711826,4.8292738416174945
5.21629955772554e-14,27.563794392188914,6.3564424730281655
228.13798125632067,33.2211640936191,5.7072143565581985
455.11189519058195,32.48917827551075,6.840736547650142
694.0925654262098,37.789639422272664,5.853641394940992
988.0106133675808,35.23052241391005,7.731968625684226
928.8453537591053,38.70603886151423,9.666024586745822
1072.2689973644046,39.24367640967655,6.615098135238084
1054.6909098681701,43.135275163598145,7.0589799246344525
907.3424096604389,40.25024537702183,7.307616134958059
682.7471862636955,40.9383173624432,8.132972556967587
522.2163479988533,41.23763383575577,7.753380506798442
248.51179665217788,40.04317902569879,8.99607856828818
5.3115891836455806e-14,39.06971302510051,7.795381355258624
0.0,35.788609724663665,7.510277145117722
0.0,32.4593099795945,7.767559521336974
0.0,30.5258579586165,6.472860049275075
0.0,29.34715244056939,6.064128569067966
0.0,28.138138512810553,6.760724546649765
0.0,26.141306510940517,6.5077395498420705
0.0,25.67485326853145,4.049069907321652
0.0,22.32934531576869,4.446369371682281
0.0,26.97115699550971,4.5863324113796065
0.0,26.79787438441625,4.974790671743659
0.0,29.710739614502696,4.982146316729157
6.70470053058372e-14,29.36417405172707,6.1481943326466
264.01203067177175,27.816505519049162,7.011336736803001
587.486828516734,32.64696065829955,5.642709140646655
602.2167492731295,35.03454555149623,6.9268919723289475
880.7719912052484,38.8496596477801,6.849839708900629
1010.4816429525746,34.880160197378494,7.536259421544247
1166.5946805376777,40.37441530108628,8.137253132695786
825.164121889114,42.11861007881206,9.399977688049232
902.6426183822603,40.04087726634986,7.480377595980249
808.0294558991181,41.240515666859146,7.210659889255096
461.696305297286,39.037983248888715,8.542837240441758
297.8624452727617,37.561561419964505,7.822041619745838
5.164792363697569e-14,36.54701333665027,7.011269941058871
0.0,34.01302141279904,6.563020318264536
0.0,34.731089660785564,7.304902389668583
0.0,29.823396922421978,6.302818454969954
0.0,27.558033022817046,9.602641263836816
0.0,31.24285612109959,5.80045093396561
0.0,28.42180770213733,4.999063384401702
0.0,21.978097577133823,5.774835266713722
0.0,23.898994329059704,4.692255022944424
0.0,26.186050241897647,5.233672044651282
0.0,27.147837812952247,5.257302365175111
0.0,24.790690927798604,5.338477239933567
5.5881824506406024e-14,31.745661894409416,6.5440344910992385
222.3162150843193,33.00842738630786,5.320933779780974
520.7943722609372,34.392334172845445,7.758249993894669
748.6061844366386,38.21254025100918,7.586385241662705
880.7754438789264,38.33311089390661,6.744001062447671
1090.1141330714092,39.982546916760846,6.725351757844271
1144.297731347259,43.47209268268476,7.2885853622285754
1020.3987777790979,43.358376680532736,7.6536652856159595
727.8348887210358,39.745515990941705,8.336112769667501
767.1481057849069,42.42232787642115,7.018533762183461
492.7999949633839,39.028198409123114,9.66697756823657
268.7730336230221,40.09369426015771,7.02642175416986
6.541937341509297e-14,38.3817579228044,7.287951093093555
0.0,32.73214864467296,6.513139192157125
0.0,33.1848396861427,6.56022998396038
0.0,31.888492595105408,7.7795206441442195
0.0,28.555950526776456,6.648968077158392
0.0,28.40109654405391,5.348412851540071
0.0,28.173414583987096,6.864250673059303
0.0,25.70122952148641,6.299709925742748
0.0,25.939021213676988,5.977053098075883
0.0,28.529263807059873,6.301993034687349
0.0,27.50801219643541,5.576156945287552
0.0,28.234616590117035,5.428191098265102
6.395007148986223e-14,27.573663500977744,5.366656136403563
257.1352269915977,32.761321922218,5.315241495583179
423.6125387720231,34.150122159044344,6.47611173374046
671.3160634864431,38.12785348848345,8.02694499426586
974.289576785588,37.58357934686709,7.345691009313895
1044.946636477901,35.51414350948486,8.984087846827101
1094.393881651995,37.01778375287945,7.4482081930748585
1047.8555121757427,42.68859039809249,8.537516618410391
819.5011705349192,40.34943506486416,8.553053342297744
615.6498798263615,42.09076437279401,8.66577572976898
466.24946679735086,40.646490779540684,8.542996250695538
293.1523642624107,38.81299717436501,7.358873104406008
7.261308175218075e-14,37.29709968908402,6.906744679769303
0.0,33.82959561099018,9.73074964395413
0.0,33.458266882461125,5.877489306603265
0.0,30.250283033851503,6.646893124328434
0.0,28.74530922000906,6.158422254033823
0.0,27.185669921349767,5.644804503978578
0.0,26.166119159376834,6.4427002444747865
0.0,27.66464923215141,6.075090129426659
0.0,25.288127271040395,6.656138629170465
0.0,27.867706992317434,4.9539311275048625
0.0,29.695215601827236,5.4087858746656385
0.0,29.6007439820697,6.721586674361513
6.435019358998471e-14,30.616645999586805,8.486995373074798
273.853934451413,32.13082098759666,8.017736869382484
531.0503596686001,35.278426347549924,6.8964896817554955
748.6725922596332,35.79698276746243,5.82135255649494
893.7180552390558,39.51684862136418,5.729567281538234
1146.2059704650421,40.43277478952154,8.426388645511501
1095.8036139954527,39.75623123816452,8.807488038081463
1073.8832835902747,43.066817299967944,8.676563929171973
992.3854531735163,41.73066894140492,7.630020665261526
644.2643622719619,41.0628515245377,8.556046670841747
432.0014596492311,39.523513838927315,7.717043972084163
260.54207179159556,39.53660087469131,7.881972861252623
6.23225667730478e-14,39.54063416027575,7.484154783890549
0.0,37.396141301456026,8.915016124064397
0.0,34.254496524367696,6.456252569473376
0.0,32.676443850079686,6.891706083268488
0.0,32.0911025124949,5.985173245704324
0.0,27.59092209761568,6.371044824373073
0.0,24.44313052592741,5.774760725047006
0.0,28.47702685730793,6.923192187521922
0.0,24.542617259201894,4.217589264544185
0.0,24.494090906262976,4.5103576642649195
0.0,23.081575022318717,5.974477385711202
0.0,29.087885620099545,5.0693846353835665
5.3706611113273917e-14,26.359268514158888,4.802631005661687
306.15813602759573,30.031103787059692,5.934887286423322
486.7894307542777,34.77864735229345,6.678762915755003
646.443657191875,37.11656862890024,5.440102773001318
774.3845511429804,36.298765466826865,6.574375443986153
1034.8514443540203,38.990721358770905,8.336823413890773
1050.594759643534,38.78518794072653,7.786487085963627
1026.5581113844257,40.232786797953516,6.690410119854897
748.624317413281,42.134604283569146,7.611710788898694
814.5989158980082,40.32628701598296,8.530967224428405
485.9945935607767,40.0419469131875,7.403746517312648
244.55640073575748,36.32961464952058,8.961663084805478
6.111506080960794e-14,39.86808609287561,8.197343664131566
0.0,36.692859310425625,7.358643604039793
0.0,35.18798450693773,8.544838446241682
0.0,34.11247205167689,6.42211516309663
0.0,27.951748012171898,5.658890382704762
0.0,27.228530547714904,6.34308464872395
0.0,22.935328657155473,5.774064781407152
0.0,32.20663983248733,4.9680067073913765
0.0,25.354029991960655,4.837943234972805
0.0,28.003249812112685,4.914281409243733
0.0,24.248675103648978,4.7133172206751155
0.0,29.989123224389047,5.915919684528049
5.1055908301895936e-14,33.36838237589474,5.981361561502969
267.4336102482342,31.462086763719277,5.763753514440939
476.4224471986654,31.631437629416205,6.025223585540521
669.598361367069,35.4461601815245,6.336916962617967
919.5784748598069,33.199677572680955,6.5319415882495155
1096.7986079439863,39.2342814700441,6.337654781058764
1049.1056696042942,42.2233381314969,7.167268155564802
1097.380109539368,41.309091944160926,7.532930158371242
802.1520064135848,41.08492151321747,8.219333268784299
719.2174365361889,42.43574346513202,8.927279080721167
496.2693553394545,41.78945354677002,7.857321802440586
216.38819750823205,35.99024374707742,9.69158607508988
6.309560118047952e-14,37.83084654715298,8.70032526982936
0.0,40.59572323187406,9.83124084833701
0.0,30.983168131299358,8.267994425060248
0.0,31.411810596109106,6.947589393994037
0.0,33.536692866698814,6.511278101670345
0.0,30.204696686190378,4.983909428300481
0.0,25.745777795258707,6.170152348980077
0.0,26.385638536019002,5.582646093446321
0.0,25.696551027116694,5.199588369390195
0.0,24.477224168130462,5.640933870817974
0.0,26.624066941824665,5.050207452109481
0.0,27.483987871980904,5.390482195089662
5.80334465330106e-14,29.92627226323984,5.331621332309492
281.38999308618924,30.133455664884107,6.46489927102205
529.95685917125,31.14753798659702,7.4714889292365605
671.1913845944025,35.68876520112177,7.678048309702725
952.1675799907985,41.1310108234439,7.838374127591345
1025.4915008526782,39.522034489104314,5.952340060300301
1057.6617991865173,39.96579005949876,9.144431573433708
992.729958387163,42.93635260747589,7.399585042987006
722.9340677411632,41.384135161895585,9.374641078129283
762.7483671804539,45.16424684731711,7.403401836256859
482.2982198513238,40.621152598771694,7.937656654946528
301.8624471431514,40.75862276289505,8.618499611310789
6.869887355768243e-14,36.1915656222998,8.049644583689261
0.0,36.77750525457983,7.183271107202436
0.0,34.25096134097385,7.48577277910521
0.0,31.51720977694776,6.751256254102833
0.0,28.6972588647469,5.714411073846211
0.0,26.767859806289213,6.255691371833331
0.0,27.381383057286776,4.840109030030918
0.0,27.27535256868338,5.822124088663722
0.0,25.490555367014718,3.6075543521446547
0.0,26.59201020753202,5.228939851875346
0.0,26.74084837306193,4.927847953785721
0.0,28.285078759921376,4.84763076343458
7.067452561695606e-14,29.34399099424853,5.587163068815588
263.0119541628753,31.71027375751943,6.230994020685269
543.5677675595681,39.140961873237835,8.223384549598082
696.1124879826043,36.438701918038,7.62073373807577
912.2793005235899,39.03547487646507,7.580555703052692
918.1255230163397,40.27778241975156,7.309663879382304
936.5016734552757,40.14745054328437,7.416589492596023
999.727418250953,44.06026599649886,6.607549765944203
871.6720871803358,41.1625534187503,7.72767646681743
732.179686917559,43.58239666780063,9.191701420731796
465.67390536927076,40.00467019374559,7.78588440673523
248.43823860757408,37.48179017080728,7.817534555136046
5.261513385150073e-14,38.47567337607536,7.131923719244609
0.0,33.606096608218934,6.826862496603786
0.0,34.8161614096362,5.838479122739143
0.0,29.286011286600182,6.895610743745818
0.0,29.106864898657275,6.098437016292353
0.0,25.22456731706112,6.124888503507543
0.0,32.505638058945955,5.642183021201533
0.0,22.75018154087083,6.157079539180771
0.0,25.805134751208815,5.832763411055298
0.0,28.344709208763486,5.853218798698902
0.0,28.930075857314545,5.1377826662562835
0.0,29.8313372652699,4.946126537194098
6.195518717736053e-14,29.151050493973052,7.154902409366743
249.41150981271124,34.41713280226984,4.645821570857067
514.1826488017457,35.61228945202037,5.349059560218707
614.2943238928012,36.280658866557125,6.39856607285299
1023.5779501741855,38.266668785869186,7.262831624420826
945.7620061964785,38.83451622467764,5.854874684756965
951.6822878273242,38.89440644902543,8.238423669991716
1043.3429127615607,43.98721583168599,8.031395115144743
828.9968467966097,44.40992325761907,8.000788839220977
794.6631629304464,39.74469559866871,7.907669287420125
494.6578626976619,40.40614017039913,8.084471446169587
280.42159790585725,39.15551508699053,7.06262207732348
5.304133933338518e-14,37.720195462935386,6.662540675802078
0.0,35.984649388411334,6.842970746506377
0.0,35.679230193708364,7.535280479298235
0.0,30.220520292622354,6.8074609284472904
0.0,28.092813287390687,6.152768278803945
0.0,30.601892505209577,6.01459978481465
0.0,25.96914856703462,5.652080105629033
0.0,23.569163963606048,4.814659983684772
0.0,24.852381396872985,4.09398292646745
0.0,25.43512920027218,6.416352728865482
0.0,30.004363506248747,5.367782295188444
0.0,30.015439456333823,5.791090668663437
7.129549349958702e-14,32.11768251433721,5.421168228786032
261.33935006223004,33.39203620494613,6.5294634131058675
558.4317067176651,35.715128624303354,6.388529713993799
721.6060107993807,34.517029388732254,5.3727709330030144
728.427175998597,37.42543697036576,8.262643874558346
906.2978006251722,37.49966490451801,6.860108700758842
1030.5744564816973,40.32986845027417,6.733486545326899
1123.8036963049026,42.91825787325476,6.808637509011089
979.5119588695278,42.09180785069722,8.609240056531092
641.7480249820508,44.173009529305865,8.609057633631684
452.32370018304016,38.46801292689379,8.546336477885967
232.40354580026954,40.47997223196159,9.347269957167626
7.063110783373369e-14,35.32603567733409,7.273304641986081
0.0,36.08154658024018,7.467444286184826
0.0,35.303308126185684,7.256637770066308
0.0,31.323083786604123,8.845254652843177
0.0,30.92489448924664,5.738091248399123
0.0,26.24632236191448,7.691436246301093
0.0,23.600688801296094,4.623879243180081
0.0,27.24292462262743,5.986200377504217
0.0,29.344292456115834,5.435158768778846
0.0,24.13677549731204,5.9878832663531085
0.0,29.37245711790245,3.7742812932083893
0.0,28.28626455610481,4.153374027579625
5.968310870355217e-14,27.18488894457822,4.3588693337057185
260.900174093068,29.522709024439877,6.028112082161624
478.00121656520133,33.88784153468567,6.415879969433325
768.7133706926202,35.117899772936326,7.958052462526567
954.7716795964185,35.230446034447894,6.858107414996955
1057.7695541526843,36.125047675005945,6.162908945310886
1080.6999192592575,39.09103656238686,6.912423722164121
866.8963911593451,41.971296614939156,6.361069201874017
818.1132217663506,41.84347048275809,8.77977628462365
700.9634516063608,40.581202683276764,8.982462051679631
471.0688591030927,41.18824960682284,11.30488788136515
282.66469433726246,41.59317967718213,7.6388917414629045
5.76581266604674e-14,38.644525008832666,6.221818016828997
0.0,35.68420700600537,6.666425118974212
0.0,35.712416001285746,7.152927790081187
0.0,29.866019022711612,8.497858364403191
0.0,29.406432908853667,5.1550833740529
0.0,27.797241867271254,4.852028491720533
0.0,24.48427967842547,6.001176728231873
0.0,25.31923449070541,5.660773649075333
0.0,21.736470063796066,4.487059961646704
0.0,29.983338910600033,5.952276189703683
0.0,25.083358618438535,4.155669723884326
0.0,31.401763438936914,6.787964010860073
5.6673684279470023e-14,29.962558437025656,4.748799995481833
221.03436086957856,32.94556532907842,4.6945598275202425
577.068623605201,32.90878982888481,5.7618279831368024
676.7410036516166,36.372801170330185,5.774241020781485
889.421811470929,39.18736870556354,6.980557876408653
1065.52509468147,40.87234850386742,7.767021885126612
938.0379764071914,42.364139436010895,7.565984534972849
1039.669344538473,40.87713061582087,8.24004419416389
754.6251144015889,40.92567008060396,7.658456997781706
655.0519346779197,38.42544338536401,6.698540250413192
437.3228184575974,41.86103067821605,10.132967339066802
287.26305827183313,41.70800109772594,8.77752924130651
5.524104298205058e-14,41.11835278542253,6.474911563894242
0.0,36.56728705556785,7.156432151476703
0.0,32.353429879769536,7.258093386707186
0.0,28.421644778187595,5.781654885565784
0.0,31.96972289175337,6.331399300254285
0.0,24.63698204253922,5.858756865754643
0.0,26.303573283729843,4.748295959597375
0.0,25.736964403293047,4.323758102136916
0.0,25.774074393790848,5.779196273140847
0.0,26.25718325925202,4.590615793728915
0.0,27.261076551952524,4.451432174325744
0.0,23.425403895843445,5.857678905948933
6.950446530913341e-14,29.94229648923314,6.090103279263376
255.37679464689342,27.383281160448966,5.230034112430529
526.7419732911095,35.377420815674874,7.324893905950397
804.1112577225572,34.87328671870583,7.0016765576391755
831.6594680913863,33.59891121904619,6.533435443639807
1121.1290844172595,37.941429564214516,7.086078874052667
968.3612354519623,39.70103722139908,8.181031872222908
998.4107625312174,44.021790514915445,7.11664755614014
928.3165209099017,42.306260152993374,7.881999845783604
817.9411766023304,42.3292811685066,8.401625530934808
454.03383914784627,43.2036311682096,8.05252915800084
280.7470489520865,39.37755034313629,8.077815474802577
6.156037821461376e-14,39.42136059155769,7.6809009187333785
0.0,37.35125925817704,6.535175736273976
0.0,31.34004568235406,6.683934201817066
0.0,34.78839946393238,6.58516575721306
0.0,27.072381109351497,6.915461004109068
0.0,30.090863718956204,6.15259552121301
0.0,23.973700534851478,5.254297677776506
0.0,27.411116804929055,7.3533221076118185
0.0,29.6598795952386,4.050007065189772
0.0,25.782685915525285,4.286116070130776
0.0,26.49513532295645,4.666846286139661
0.0,29.50007558807957,4.543248961087025
6.601644601429398e-14,29.277256927013166,5.74470736530303
249.66757584824572,35.50205488560373,4.475207256767274
472.4936669871876,34.320434337855644,5.319134962601305
681.1394246019516,35.36626318331697,6.001941121782829
834.840673680056,36.855478783146886,7.356378809876772
976.9733679532543,37.727007148084596,8.462305176226923
1011.187607434366,39.60874309569878,8.41544432356699
961.0069985301426,40.96210966193361,7.019121071393495
751.3085525386425,40.96077169194109,8.098081186427798
703.2379330282653,40.347105900976594,6.672625660685176
439.7995518495602,45.06193552991864,7.491906172716427
223.74801415290924,37.53271393545165,8.683582825568221
7.029360806643832e-14,38.2293150142306,7.446189772898176
0.0,37.191644219280164,6.379542070182744
0.0,35.196265830105716,6.731193528538444
0.0,31.748283326553143,5.762988834521939
0.0,29.454644695243633,5.848777661358306
0.0,29.182290571924884,5.709417922274292
0.0,27.560418168896184,5.055903239604271
0.0,25.710253819367722,6.831013323307415
0.0,22.831820955766432,5.174542903474083
0.0,25.292324044236253,6.025819550260739
0.0,24.73427454152487,5.747812502930389
0.0,26.964404749590262,5.586500994111197
5.592780734116422e-14,30.022024576249212,5.4018996288725685
237.7286848143512,32.60249802638836,4.148216597483169
456.6757374380861,37.516483601800104,6.366601981166729
790.7893619650712,34.95131770222783,6.131553730842356
718.3867831720752,39.504829369765595,5.9010834624664685
816.2349623807597,40.22435239758335,7.088689966407855
914.4056057455543,43.47577667077038,8.17219111928334
858.1650865163344,42.835442148719096,9.716005970467586
779.1250571474142,39.93861524464266,7.622853977753385
776.5383826112441,38.23689265094538,8.074060995275698
507.9185000964323,41.50630472882581,9.014568003464564
212.32555308547182,38.5555303529069,7.379048001682469
5.932861162784434e-14,35.9949506073141,6.649034881936543
0.0,33.490975050969304,6.705780688177322
0.0,34.27752909438961,8.222240077281217
0.0,34.90044113702186,5.638299598904818
0.0,29.138233407803213,5.680518129323664
0.0,29.47926447187356,5.6358247816506895
0.0,26.838827732968333,6.467082709342006
0.0,23.665392875159696,6.820130657833702
0.0,27.441186350699862,4.827701137888857
0.0,24.05477296531174,6.56566121558065
0.0,27.086613694590646,4.177275412957227
0.0,27.631668584176037,4.313966721581057
7.000097405596307e-14,31.75771853281041,7.179271176326737
284.64660147924485,29.78470931791749,5.7253260488720965
554.6940443818412,34.75330347928295,5.305712317167145
600.3927735842443,34.36252120980179,6.423249861131684
930.9280991600378,36.949353239021455,7.6480450665755635
1113.0560500900256,32.358017458091204,8.18567393428866
1053.8682360036316,45.083964037190356,8.672358608144563
981.4613480176675,42.80008413964404,7.922206974144279
993.6094246549085,40.4368686918027,9.076209481035853
686.9028630374297,39.44965889732559,7.976171864500551
513.0685228490045,39.908469388195854,8.168761762594247
254.4487662132239,41.062176982810314,8.470718179108612
6.997927922037222e-14,34.18739381250918,7.336373219770449
0.0,35.758947185910515,6.089814597584083
0.0,37.51284740860437,6.488197605882185
0.0,29.633118630923253,6.764793644485434
0.0,30.132333741206338,5.32301711031307
0.0,32.721329044702166,4.838449401560722
0.0,28.320101824567743,4.886585318021481
0.0,26.508442826120074,3.8316690999552176
0.0,26.997274705279715,5.653157093412576
0.0,25.454864515129756,4.363681474277601
0.0,29.655061135793076,4.04895091611499
0.0,27.528487500168904,5.662218786985804
6.134666976283252e-14,26.065638577989755,6.429792066112751
293.08391767241795,31.13084322676062,4.302763488838076
554.982797876732,32.0505327357083,5.412759081795716
607.3861655361361,35.49216613188702,8.17799525418442
733.473240625999,37.465833677300445,6.552671513998378
985.3964624405702,42.03570244456391,8.860173536811292
1000.2090356670741,42.30279047906598,6.962296623917533
876.5295999428452,42.23793938092505,7.060365193373214
977.2493391196389,41.978110972796514,7.199979735373528
804.8103489541752,39.593692388058265,6.866314790407438
477.50186439784,36.54985455040586,9.22993799871346
291.2325774697602,39.867176067739656,10.02003490022531
5.807822638554224e-14,39.573284202609024,9.345859388591924
0.0,35.83788638979269,8.28397092657042
0.0,32.91429314988831,7.897384119424905
0.0,32.84245376506997,6.849777107225632
0.0,29.817337394213013,7.0268545361681465
0.0,31.698635929917252,4.986083497556399
0.0,29.530142262737517,5.092982550834682
0.0,28.18449831261057,5.47718264766311
0.0,27.508357037296264,6.186283117814717
0.0,23.685147369661,5.3310309161102785
0.0,28.390672982706146,6.006449002949134
0.0,29.08868647467723,5.056292593674269
5.68829263427672e-14,31.205738265658784,5.939731168877285
272.9442973587907,32.907555421682396,7.957667721734165
527.8357761383414,34.89841398457259,5.180567807216775
747.7774546711979,41.465174108795814,7.987326299751475
852.0883099330845,37.84051746897262,6.85980746611755
1092.4289939259672,41.5224178200275,7.532785176259358
982.7490140519926,39.979112418623956,8.713157063408223
936.1694163980437,43.301578586964354,7.503383630105106
763.6966435053707,43.87152858934137,7.674333296921768
650.2128861679482,42.449147573459705,7.983332812679494
413.58025185878734,44.259585923904964,6.479029002923386
267.3613464948139,37.881190985648004,7.708531828347455
5.504516085177636e-14,37.01844692554001,6.986115172784382
0.0,36.488201341743604,8.746120064684089
0.0,35.754502515844905,5.7466674552168175
0.0,32.281195490646155,6.320733365075565
0.0,32.56440688189759,7.797136114992549
0.0,27.01265481745144,7.04409028603574
0.0,24.78886186125678,5.873859473933874
0.0,26.887072133269864,5.323705448170765
0.0,25.843861518282008,4.4350914678591895
0.0,27.356542900913293,4.588260569870602
0.0,27.01521425850088,3.901698522550852
0.0,27.661328239770107,5.920641564032765
6.685569534892654e-14,29.848346927061954,4.926434523901062
213.74261495350373,31.985367499275604,6.085393026142956
456.62112308498075,33.38825947081274,5.678142948733653
641.7555816701954,35.66251033868271,6.316078374846377
745.6517971783488,37.19103539653558,6.923784209301685
879.6881677022087,41.3684065597406,8.030500667684699
917.8694794039653,41.314467309796505,6.770601441310008
957.7465064301986,46.23913362515948,7.461504426347661
901.3436648996295,42.31963117306632,6.931400571946179
666.5486003837505,40.623913740164625,6.797273871324562
530.0739004350844,46.26777605051104,8.111494990305964
239.93494033734382,40.48232907543046,6.950582799761793
5.5789035183835386e-14,39.978471644295034,6.293200650780979
0.0,37.25298039773455,8.501846609656088
0.0,35.2442441291049,6.872554198175457
0.0,32.99897781239418,5.496419686583827
0.0,27.79405294095727,4.81631709313085
0.0,29.076425916139844,4.7005349148305
0.0,24.42207416202401,5.256037074126215
0.0,25.923867716862386,5.522356397186861
0.0,24.548765086873427,5.296112500132751
0.0,26.987533761384903,4.009829103668904
0.0,27.74004926440096,5.274779255295817
0.0,29.305437532037995,4.861695493886211
5.805159673795929e-14,30.574593145498174,5.240435824197044
229.0061697826874,30.715796955607036,6.512868866475097
492.7140266654874,33.47799302129664,5.603274298447905
705.8193533070972,37.91134468332913,5.517427422361711
861.2947619060477,40.1357133545888,7.983685580493934
969.5972314003209,37.363288052239284,6.446516213225417
1136.6633011937645,37.86634796525021,6.9607445902348974
1082.3905210808427,40.27362784390313,8.233647289850822
962.4880932577315,44.0904151640645,8.314145712742068
767.6727649506024,44.157174670678614,8.758794997680841
567.4178956492534,39.07877946947316,7.07033790219026
217.98031746203895,40.27147295696506,7.337006640101482
5.51041772936078e-14,41.66886266628018,6.514202506305056
0.0,36.90117531530083,7.234926841948548
0.0,36.84300657046619,6.284808331626019
0.0,33.92690077934603,6.881199525430093
0.0,28.179602587544178,4.368833784393644
0.0,27.963182903513463,4.466082831517894
0.0,27.139527796817585,5.149337403998357
0.0,26.479082236239535,6.9688891823371595
0.0,27.83087997738654,6.232229859934799
0.0,27.08818498474767,7.728892339359624
0.0,21.19761695267766,4.724334009831463
0.0,25.715687274831566,3.842225299987295
6.432164772261027e-14,25.623460240557314,4.852521936317248
241.44368513574665,32.2784001909999,6.077063345949808
498.79595259596715,34.47919736944492,5.07842679852139
594.21069099942,36.635224348551,5.898892047472666
938.6380644373945,36.08036553508017,5.57359581288163
901.7611004963647,41.00336433024176,7.059872031816265
1029.803474507811,42.35895029372197,6.733382112619584
1020.3517882837792,39.215330546411636,6.622204950009342
760.5749597796465,39.06614566761166,7.609005692772299
785.8473208295716,41.725365308368076,7.520066226516289
509.3225398190938,44.50998984801163,7.909701554275308
246.8852315537428,43.054561804399064,8.355109403745786
5.3198609766944993e-14,39.12503079140551,6.45632954688192
0.0,34.608781088169415,7.957329321024089
0.0,35.77190738948657,5.419187734937634
0.0,31.02282118007115,6.234706670789212
0.0,28.463207997161778,6.198145517922457
0.0,24.053434157773033,7.50220221088535
0.0,27.269449975296254,5.476259877739768
0.0,25.00574750028916,4.222117309183451
0.0,26.185749567933467,4.948192016814803
0.0,21.66676680608979,4.609224048021163
0.0,27.40433892376832,4.856506972057062
0.0,23.47379223144082,4.327637705861351
6.253951728072001e-14,32.16876931541356,5.296049887988324
294.94400671671116,32.96611891632646,4.746002390254941
455.22034961873294,33.43555926602728,6.636119412281992
680.3924588853185,37.18888088986078,6.588214431221625
896.836761165672,36.036740283549356,5.649795168052375
956.2212765274943,39.79449408959863,8.408637839591842
1093.920003406654,42.510640116072636,7.70792725369286
1029.4757125992523,35.53171692100623,7.221459718979341
713.2236334529183,41.09844008952141,6.570783909140293
811.2580285029798,41.67500715891626,8.189902151155422
531.28768037123,40.52850480366043,7.505998109108699
284.9522017725409,42.56394671082365,9.075283715475173
6.293003318302588e-14,35.74508655903069,6.1271057833797995
0.0,34.82112268280616,5.839050564632351
0.0,30.161150756259563,8.531428905202374
0.0,34.94290975060258,8.349565606534451
0.0,29.50030852365886,4.636850763998143
0.0,27.459216783310666,6.1836261621697854
0.0,26.95083320056477,4.615349375061739
0.0,27.52906684200981,5.5749630861600155
0.0,26.67872860249396,6.076288279129087
0.0,31.55236361226334,3.8272775021706047
0.0,27.963670341993748,4.27099570103959
0.0,27.396656687631165,3.688444817048555
5.998451293678681e-14,28.861288320413813,4.038002148823599
281.10509810556294,31.127931529807924,4.272037591469289
472.5018877189965,30.98032794620203,6.826986898814408
613.5354695098005,36.13428257126505,5.865609896561419
778.4385153895603,39.550938007879545,6.712310641599511
941.2943622627834,38.41412884370762,7.915579513184096
983.4830865744409,39.297444913168995,7.388890143832603
1040.9177237841757,44.74329869836272,7.471899347453638
929.0310031526205,39.131035482219374,6.339923349619954
707.5742715281588,37.575771652819654,8.00764906076212
534.5623520052998,38.60640113844245,6.854174320559996
224.3722621918827,36.5599906107055,8.379843857277452
5.010379102207931e-14,38.756453923670875,6.827794580665242
0.0,35.333145155382724,7.543205103688832
0.0,33.54462770541403,7.102194333275791
0.0,34.21931778859109,6.63369237347578
0.0,28.601332073136156,5.401551602344856
0.0,29.87732636946061,5.040117406503026
0.0,30.066006031809923,6.420785687812492
0.0,25.33283205733916,3.589458698341937
0.0,27.445609374791655,4.107658385633959
0.0,25.760521228308523,5.102610057473183
0.0,28.891556691085096,5.8190863967757664
0.0,25.171731039034103,4.694614103689145
6.010820809617156e-14,26.680539173428336,5.659611540012406
284.3377749048509,31.11847587304378,5.716463974867075
555.4395396448641,32.19371404555949,4.789792190326107
629.050072561236,35.00869780563942,6.633432570649002
828.5689048866064,37.532510498784745,7.643102038174861
952.9108085184467,41.068444976843914,9.832281038695434
1123.4147823029514,40.084445736822666,6.06900734215458
1101.5010375658435,40.0512476527454,8.037946151072406
761.3659502310235,41.26853691016123,7.573701552445555
740.6166138541593,40.16067971437834,6.359782339270953
463.9812866465842,39.03175588982911,8.062601035769385
207.40638381006704,36.40238428601747,6.683226088828379
4.909292907410896e-14,38.11051989612118,7.101547454603448
0.0,34.904704611305085,6.512253611964521
0.0,35.90412114214837,6.388471884941156
0.0,29.00621911874098,6.309025128553501
0.0,28.88739655358327,5.607444986449975
0.0,31.940523855504146,5.70541470724703
0.0,25.148155834744085,4.631830637564246
0.0,25.755104984710503,5.357942407957028
0.0,23.523890133564556,5.972365897453555
0.0,23.531316463340787,4.155501751156903
0.0,30.12199683511514,4.883336564795146
0.0,28.64080283499721,5.394678903155241
5.289583713056254e-14,30.22293577569054,5.411277705031727
250.91674234577903,28.492393268162683,5.2474518253848546
424.8568902501443,34.6730608754319,6.2875118678978446
724.7340022626287,38.34097435202311,4.986693235683135
912.125426994897,40.254532220872356,6.395623851506713
805.2778270365901,40.94909880792,7.14239353690798
955.6158194740242,38.624810174299995,5.997452786269764
792.2540266774176,42.309231543913825,7.63071230376964
866.1079853871215,43.29074802016851,8.158157532185387
626.6563759443392,38.09409753935004,8.534629469869834
488.0121442979308,38.641222146527234,6.790817603295806
251.71627357262068,41.38874699219456,10.26613094045221
6.805177796658415e-14,39.707669652559154,7.639437560330672
0.0,32.92896439279268,6.7417127206369125
0.0,35.54562101775364,6.106842979870644
0.0,32.075632536702365,6.492850695728826
0.0,31.5175960084296,7.18199646108481
0.0,27.02968120285503,5.61296562864243
0.0,28.298213601624546,5.656249942731192
0.0,27.896300777596956,4.667088922140791
0.0,25.233379968026828,4.588348605538978
0.0,26.24414832097228,4.296658143690747
0.0,25.710803349653435,5.398267519383612
0.0,31.582473486817634,4.670577546674094
6.317967018697576e-14,29.69550596028672,4.494774167229231
230.92404184110896,30.021448827763724,5.243485545078009
447.27553238564343,32.504398011188755,7.020613889363062
632.2679235663356,36.260143402042644,6.950911359094789
900.7601131485222,39.442712182494674,6.300252351244021
841.8455108649166,36.921250398129594,8.46639788070176
793.7036242775869,44.559573075098655,6.253865297817676
1001.2741116426332,42.28080703736204,6.3862745132252865
737.5098305431508,42.86896178487708,6.822845750715744
586.1366638553839,41.46907736160393,6.839162373699266
437.0787185222402,40.90277100391601,6.690721504513619
238.77918705968625,39.29633781257583,8.015580855539154
5.849013966327327e-14,39.97164177701018,7.612744367429603
0.0,35.99074502485168,7.427972941263954
0.0,35.47015027592367,7.1832112360544995
0.0,30.997802431412943,7.013823652592929
0.0,30.327330895562884,5.210842722076137
0.0,26.67135490096703,5.858910211531829
0.0,29.41783790431645,5.42550364733953
0.0,24.518083577742107,6.716168770135329
0.0,25.263025780970235,4.2028397644610616
0.0,25.55565723427085,3.61525231118525
0.0,26.276878663869837,5.2333448030694
0.0,29.70112195888638,5.646050033319749
5.630530481490525e-14,29.2796691400196,4.716626369963592
281.0637646692265,34.63028136975487,5.712750709437167
507.70992550567837,32.27603449723255,4.730524381068151
640.9884830835774,36.322291970198464,8.212115502777536
885.4107127990715,36.36141269086769,5.693967799223065
770.1988347354928,40.411784484048205,5.9022509719169065
1039.9862294068485,40.80928844581485,6.10869993707224
923.1680935148638,41.33026719040848,7.415393105583313
923.4100608797505,44.28993460249993,6.7115388175777735
787.8564161568851,40.33170753769523,8.460006425674175
552.2105558091354,42.01421821500439,9.099601282468216
284.3960034640996,38.031919093635686,7.020283305893557
5.904376534618562e-14,38.138355069813635,7.674826647295728
0.0,33.59238637386616,5.789230064377604
0.0,32.587950376879405,6.409586953678944
0.0,31.67814621752699,5.800772694070115
0.0,33.542283004139044,5.253982770138826
0.0,28.457738160920055,5.907805503400373
0.0,30.267522827044573,4.298023332950344
0.0,26.59962939865596,6.120576153826548
0.0,25.112220936636792,5.25379820788168
0.0,29.23769586047551,5.339101288585274
0.0,27.832221439458,6.472527260168773
0.0,26.944091988328864,6.691203067522349
5.0567815114473273e-14,30.827532344387265,5.342261865364037
229.38479930319022,31.230647564951283,5.515649463557405
497.6669316416519,29.90832103324408,5.501742611914273
749.208090604307,37.82888810493807,6.854189373875993
945.3504934952061,40.07625753687053,6.757855400342527
964.5401082620984,43.21912773506361,8.648690490707503
789.8345190190989,41.658880040252704,6.7165657981491345
821.8573960615166,41.11634918773416,7.129564167538571
711.5342679760035,43.55636828034384,7.293282318336807
643.907220909659,43.31343676653703,8.672788119461291
478.6159413978409,44.09115502213502,6.7064077867527185
207.7249317806074,39.45398842894617,7.470356957799505
5.54525505977891e-14,37.55523148045148,7.166117244781822
0.0,34.525852946889785,5.912814026998964
0.0,34.96131359903708,6.454479962898863
0.0,28.719313728304833,6.308996601784177
0.0,31.4385641713118,4.74232117437277
0.0,29.40520541982587,5.550492717749197
0.0,28.098209162605603,7.117614396837139
0.0,26.405315850655505,7.230475835206098
0.0,28.92222848302654,4.893631927207371
0.0,27.87285230850555,4.8021004075477665
0.0,25.71391437493746,4.31130260335363
0.0,27.021059639076697,8.138216770457937
5.586075462565323e-14,28.096924361135095,4.672195583139166
243.57808605571972,32.888286292695376,5.403788129434893
407.4425263492004,31.855994145484456,4.320749225414528
700.0431985654989,38.09360863595124,5.911445731056476
763.8992722938032,40.502218604655454,5.5332948697932265
810.4496606815684,37.75509369955585,7.684568237272794
968.3190115053413,40.41337814905417,7.475929739474595
931.3524288317357,41.61692056100175,7.742462964469262
702.0248422258348,43.624238308903706,7.211500660189405
721.2696557753137,44.802365349496675,8.698131651561894
497.49065188737353,37.41349043250272,6.163930763495224
219.65939504311154,38.876764802403386,7.173756190382357
5.774523251225364e-14,37.32423859684368,7.737117338205344
0.0,33.12548463901144,8.439334342505727
0.0,32.88605194935624,6.022964152282627
0.0,32.641257515845425,6.3656966837331765
0.0,29.298914182285255,5.9698018975595835
0.0,25.110175401257163,6.73004913762975
0.0,32.64260344681704,3.98476348265259
0.0,26.627590401168543,4.777599723180454
0.0,26.046029541286078,4.038868987462548
0.0,23.89938194462609,3.38514484806339
0.0,27.415850374739765,3.938754091376959
0.0,27.837359463497357,7.16375748538159
6.819442420295361e-14,26.045594455641915,4.513029413633854
284.79289457855754,29.61157804022373,7.146933017458714
404.219947277648,35.412493316420615,5.160447631231019
774.35750427966,39.78122894189377,7.8629469413789135
782.8284891141212,38.55697209115882,7.0404422171658
1029.0690892939963,41.68566208715185,6.033339165011467
922.4541081739334,40.439333894181814,7.51842137897417
898.2987412296902,41.37695557002407,7.12761923223413
861.5363347439028,44.00459933631166,7.429112793107864
736.6829550057863,44.875602469744216,7.613383691280928
396.76357002007836,43.353037898279474,7.521392926798712
253.91258667596983,37.346769379795475,7.978093107530881
5.1728976051845907e-14,37.68872350044224,8.06949136306033
0.0,36.44824301084548,6.603792710006059
0.0,33.30328535405767,8.191905122715578
0.0,32.52780400708375,7.929629644112902
0.0,31.463794904410623,4.609472360034122
0.0,30.17140653549063,4.085187211391657
0.0,30.229044344583542,5.007426869676765
0.0,25.39921845065379,5.171253272394797
0.0,23.057440940737376,4.272470171304537
0.0,26.774569848132366,4.176151369035429
0.0,30.6249261025101,5.261260913541124
0.0,27.174701301015507,5.200013445160126
6.27108615210774e-14,31.159201224543445,4.374805900167447
256.78265871698335,33.106446494541125,6.768496810073202
497.3649237794412,34.16839136510522,6.32672174084397
746.2284683907968,35.8699090733236,5.9222532676601425
705.7597226067494,35.93864885897322,7.113894432795201
915.5054426360796,34.879037375067234,6.021565787590986
1012.0333212170921,38.490009087363454,7.230251734611146
941.9781911835023,40.732305582505155,6.739653343787172
915.6896564399805,43.98035264526142,6.4404306443157315
568.0684571218344,41.3066577560258,7.365409221625654
504.94964954570355,39.67565906285522,6.837440526550532
247.8391789473973,37.66039063600153,7.882974866925947
5.546781026868239e-14,39.099118927434965,7.758403050059801
0.0,38.57277396409738,6.132584989132489
0.0,35.912378714150925,5.284090725336159
0.0,32.927254309112776,7.089414790799942
0.0,26.834281777650126,4.282661533335055
0.0,27.425304535236084,5.128536735301742
0.0,30.711286187106822,5.162227740994708
0.0,28.261375333120885,5.884994601638843
0.0,22.66987452313353,5.822707461234714
0.0,25.906293302891893,5.343007542707351
0.0,27.542874594649547,4.187626841955009
0.0,26.56370978405816,5.528841002802297
6.215277869502841e-14,25.126472916785282,4.574213508298312
264.8521029814172,31.87197668881568,4.803772293388357
396.56043170290513,32.1693644443621,5.962594375807113
600.8727842620068,34.247749842253775,6.702307069508178
751.2246076655531,37.035520239741466,5.42595139292108
925.7160571309606,39.13438337978574,5.818363641144429
824.2781032014489,40.654918601687115,8.107935323668187
792.7938294978659,39.70430777207153,8.67161504682808
944.109297135454,41.30446190033483,7.945749807732017
738.0278605708078,37.95744082911002,7.567521334785226
418.1501424111285,41.295162320614644,8.751966412823503
235.90118773640484,33.689184382413046,8.154508010175675
5.4772611455535467e-14,37.16590079873574,7.493188882915047
0.0,37.653805627777054,6.562231065559577
0.0,31.626199585053328,5.898447955316821
0.0,33.10718900609761,6.0437847854103
0.0,32.05634638384476,5.3453415122547945
0.0,21.472226805115824,5.108238498725615
0.0,26.469845349659344,5.20415120801554
0.0,20.221820921517246,4.12372922103516
0.0,25.464357495944448,5.674972368956424
0.0,25.959025354811143,3.8551341932233614
0.0,21.807483184989152,4.732769528261249
0.0,31.893596861753693,5.604145502847314
4.7728269987984933e-14,30.27280600235559,5.130588218847711
266.3410625166861,29.932175162102105,5.150465094087643
414.874396630055,36.63153324208338,5.778930900237706
556.9570532075467,32.180100306621874,7.310286746685609
857.1060538323761,35.24243232004971,9.262655807891282
994.4586892401827,34.75871758923893,7.3093256148625105
1042.7572421526008,44.23106801044052,8.134360188908722
904.7101120069202,42.092873740342895,6.1026352760770255
728.4610345177315,43.01957796678333,8.925181976133583
719.3939564747756,42.030183465235844,9.572077900219423
502.4734416427971,41.776513139651016,7.86134431414133
221.2143701640521,39.513784064370704,8.22882825557896
6.566786080797815e-14,38.242617072501226,7.318479134643235
0.0,35.98653362035241,6.473286007094139
0.0,32.48359077594778,7.715869702915323
0.0,31.536972495836835,6.46819504574315
0.0,30.247963533609695,6.034969443924735
0.0,28.265018376698222,5.88683993071146
0.0,23.76945317681326,6.277318637203429
0.0,23.23582067506604,5.5494305018744665
0.0,27.81888349042819,4.078828132514919
0.0,25.311805920516058,4.639831228815613
0.0,27.894448086391776,7.068232746080676
0.0,25.812106553658232,5.05327388325666
5.495416657626926e-14,26.706908869302346,6.830518955758875
227.48682292148553,29.895455036711816,6.394998150365751
483.2031892006643,33.20807048105258,6.259988838087411
747.9497760531206,34.393472384846746,5.864956341644099
680.3953306664748,40.241067668806835,6.146756694457815
866.5790082878618,39.66910147516271,7.334723342787964
822.1675406880559,44.27928108999463,7.11991006163115
965.349950545258,42.18942354105079,8.385172150057826
697.010409270677,36.82809898675578,8.3934856018055
699.5577823688192,43.49269044582506,7.277129370499331
432.1925590110277,37.56230060793101,8.205477857932117
216.26655337357897,39.77112220651047,7.504838396265183
6.606530019702915e-14,36.10383250726772,6.864248385388776
0.0,40.00917505234395,6.763453085665447
0.0,36.53239647745568,7.946755892371259
0.0,30.099006978371722,5.888729662769515
0.0,29.398485286353182,5.329723756370113
0.0,28.485542512401462,5.120679614398912
0.0,28.40079867611104,4.468490025949793
0.0,25.93307097760081,5.0209574590267465
0.0,23.552383964501598,3.8960021038723096
0.0,24.43964987455068,5.654338598989307
0.0,26.66500694023424,4.108453808392566
0.0,30.41423347130033,5.1564723332165405
5.881675274987323e-14,30.45784948433542,4.216381537656943
215.50664864485609,29.98479154921313,7.7140436680251545
430.57394298734107,34.89891931868291,5.715059580045225
579.7781627956214,34.89875644632718,7.174380825854995
734.9521318607932,39.382989773637014,7.354115379139951
811.9852486347226,44.31304884941292,7.53280876078328
937.4218152804765,39.81272425165174,8.257500065741471
919.2044123278064,42.93279069302862,6.4959322599590195
932.9174746058657,40.11138709918787,8.125503733027209
587.6027157947332,41.105052839193284,7.157897998473252
488.79274003196804,40.58950156728304,8.477896965148929
267.95072205929074,38.87166069266695,9.391149114980223
5.822131648084139e-14,42.52820114081338,8.651511377995538
0.0,35.05953997472673,5.995018284213381
0.0,34.775876840833064,6.29277017511928
0.0,27.6714476637963,5.892324075690123
0.0,30.46616689000255,4.880241110110036
0.0,30.229428698475445,4.438868741484919
0.0,25.56431101401617,4.872610078412652
0.0,20.79985803705641,7.638795122722249
0.0,25.470405391795133,4.924854533536223
0.0,25.854670019908294,5.011150468416849
0.0,28.06765580066288,4.686171178551379
0.0,31.91266075078427,5.3239504700298
5.4520375579306606e-14,28.78760162824917,7.021692234393199
211.1374816771436,29.764580321309055,5.674190246085284
446.8608977689402,31.213873326706896,4.6694847632393435
674.02228844307,36.014418524333145,6.187125341610327
929.80506781782,38.50641744708679,9.366627786022363
759.1645064410509,38.113252390217,6.689129571423121
929.4658534512939,42.03327765117687,7.498257753250266
841.3893224780918,42.205883693400686,6.509700919353468
805.2010498803005,41.634172308739565,6.768197829888681
545.3877148993867,39.47028609827408,8.921349942801031
432.93489072196013,39.51218352875584,7.18322008074437
267.024940761411,34.34505258357708,7.0455648295693685
5.784594117333338e-14,38.01928305784585,6.9993473271839965
0.0,35.67094386776482,8.974478026447352
0.0,33.924666911628755,5.521143127429506
0.0,32.48579459975874,7.152837335643799
0.0,30.319351902314228,5.443703798164676
0.0,27.670088318665332,6.541209760637306
0.0,26.658955116310462,7.852892412292158
0.0,22.953782816555584,4.543100295413105
0.0,24.322380968881617,3.8280649774635034
0.0,25.863357757314844,3.8223248263545875
0.0,25.089911878160237,5.468548041172363
0.0,29.55326960251318,4.0249017909108415
5.114984067650365e-14,28.172558098350407,4.570420111544121
259.41757285415537,31.851880721936933,4.738942536990551
466.7047458037413,33.72295357389114,5.4703355795634145
723.8371365959027,37.05292980830145,5.088556203985899
878.5313923681778,39.29140460831707,7.70872062855414
801.8620446175017,40.53474173168873,8.087689957337997
993.2345620766723,36.206013087769705,7.0528527010048325
985.9542182511527,43.60552516659927,7.777873004385445
755.9160950504333,44.544438708649665,8.008376193050502
577.2380166686445,40.25298030193008,8.384883448293136
380.4830006080046,40.891319315881674,7.6965886806424075
234.74765375700255,37.36501314949129,7.521632453197718
5.3573234705075386e-14,33.593065246796165,7.591022572014394
0.0,34.08294408999586,7.486383673855009
0.0,32.409544181333246,6.22573006571416
0.0,30.70956843673667,5.799121052108837
0.0,27.57199408024849,5.265646867626978
0.0,26.36611767713361,5.566899506541135
0.0,26.478315035232445,4.80248256209946
0.0,24.16067033223194,4.9908363622839085
0.0,26.515579573864827,4.521194595548194
0.0,27.064445601247105,5.7191741524494315
0.0,31.261103170818238,3.6289477121566325
0.0,30.023036523519316,5.070604786217171
6.162729494947351e-14,29.914737025421598,5.317655498730289
234.65630695152464,30.117449954609246,5.168157467418769
494.1442342489169,34.01602561211277,5.616953303306124
703.8356816547724,36.15227518941765,7.0644744586046215
694.1634437955405,36.40190473075345,6.062850354734254
1033.5816006024295,40.65284795176291,8.141001120816988
1022.9710600712084,37.56053810967653,8.59843768977612
794.9785467572012,40.6671378480023,7.8766665423627344
707.6134464908451,42.54024782739958,8.410468063186494
563.8893854425551,40.58076922389313,7.975216925314585
400.7921584100162,39.94322533218173,7.7018244502318565
258.6479736872056,38.80981343587259,9.514369723457932
5.5661306349182695e-14,35.75732842738928,6.740077289288551
0.0,37.846885132733355,6.095010130927984
0.0,31.39245556491914,6.079309239296548
0.0,31.994297202764375,6.479671560131923
0.0,30.25582670532952,5.0435351619570685
0.0,25.874432856854458,6.871747543262184
0.0,26.581858315398875,4.915868488728612
0.0,23.81718208111095,5.976873402556741
0.0,28.14593798702479,4.143304312204746
0.0,23.35888055264793,4.24720367703029
0.0,25.12785561817346,3.566647082778271
0.0,25.25854877070936,4.314291363788613
5.1368754192813215e-14,26.648455583177796,5.102612847233402
252.43586026828004,34.47573125785732,7.189739603651429
504.5350249132629,34.44940238473802,5.536709244502702
602.6587138709169,35.714992249134156,6.542203158133033
662.4073849080157,36.05069911021906,6.403734863591982
1018.4423036678081,40.83593090849882,5.7091934026300395
864.6797825249423,38.6436113884535,7.25563567089937
760.7854718599355,42.678538235885654,6.342660172806674
789.8413054675815,39.61883048370163,8.903914415472943
708.0443640081223,39.80224424347411,8.386549468733948
412.40045679559665,41.80862103942425,7.349916979452588
217.47154936521494,40.748361974716815,7.842546031581602
5.092093615999303e-14,38.55879890470642,6.271423504220591
0.0,33.33505716621948,7.473666668751946
0.0,32.47039930546724,7.5402615780187165
0.0,31.607098158489762,7.147809337643949
0.0,27.665291113092717,5.289798242889164
0.0,30.448924307679107,4.878042954884194
0.0,21.563710691977562,5.172825626621741
0.0,24.010922169103313,6.92431720464924
0.0,24.2766748044145,6.250389069285676
0.0,19.880513870298085,4.351894235658605
0.0,23.575146319406272,5.5281249353664155
0.0,28.889532585745922,6.40654931615925
6.530774997664887e-14,29.356375083260094,4.5557267178110825
209.04938512523097,34.371527493419805,6.430250039022916
497.9334071072762,36.3862607019238,5.24525552575064
607.1173736090499,36.23245292818223,5.81356597161315
698.1579350876177,37.92228430815559,5.846511863263803
854.9664072531473,39.08452427680435,6.948796343063224
1004.8025543465332,34.91384700467069,8.300165539460565
868.4588741015398,38.23409539381456,7.548757913403364
798.861424742016,41.497158816352034,6.69148212516608
756.2440326507215,42.25526583796206,7.093776345772859
438.9857282429982,40.80335066470595,7.784881279978298
245.22299088251177,37.167732124215235,7.686639042043659
5.3093957860980246e-14,39.17062037509316,7.4322024826776545
0.0,38.3312482284836,5.8327896116079545
0.0,35.17178701073684,7.272309922956159
0.0,33.204454108514945,7.616072637296283
0.0,28.177356214243744,5.8188717917660036
0.0,29.790821806063384,6.019459843224258
0.0,26.587729440137583,6.584633375003278
0.0,26.520119838489244,5.242225344084384
0.0,25.955279077407198,5.181973642845094
0.0,25.254034570564414,5.273474825680234
0.0,24.576207211237666,4.162316077943599
0.0,27.40328781515731,5.083117762227314
4.598204868481512e-14,31.197938626723428,6.169396431747718
215.0156877171767,30.270911420311794,4.947763099152719
455.2688239550167,35.01110991697407,7.140688719822452
657.2152327184624,36.76910909381329,6.48084589803672
902.570670368268,36.62654059771812,6.38426645642093
920.07317619665,41.65886984848932,7.238356548076811
878.7848244821325,39.44152527965188,7.006945628471307
1008.1074924208633,43.97091572729559,8.509973177977393
863.5585044723063,42.09266935483973,7.58422674089478
572.8405633720506,40.9200901651633,9.055395534796272
394.00031409036785,38.37701586135798,7.650132731373001
249.05440964054847,38.70474918098008,7.889903670062994
5.6652187414731284e-14,36.81689636476894,10.510513901403666
0.0,32.77837498207614,6.0598917815018885
0.0,32.789184546322446,7.211208885542168
0.0,29.546256670743443,5.28584346940318
0.0,30.396398929715343,6.826515294365021
0.0,30.180122093721806,5.667724161946534
0.0,23.7676623539721,6.784880826922498
0.0,28.84690578325939,6.045120493583698
0.0,24.89259486806783,3.618004760001863
0.0,23.472247556648515,3.7775695608097526
0.0,27.737003266978945,4.977590193713332
0.0,26.599933730835616,4.91926306813447
5.708110161914863e-14,28.9862235847751,4.307604507953826
230.10033769887787,30.270588087593765,4.503338391962416
429.2485488863102,31.51622107310829,5.942916270573572
604.4827280320095,36.668243362462064,4.956880130658814
818.4314669893694,36.57709413104972,7.774250163677889
948.1602961151492,35.933247601971985,7.8244940946495785
958.4547670763137,41.180020415545464,8.050616847978953
778.2187592707809,38.46593884510313,6.061975537910771
779.1909519232146,38.84317659148757,6.399719981243804
703.1849268081328,43.26231595710527,7.795742358707332
446.9570094601179,37.68522036869317,10.513978801156075
236.37948753225587,34.173661472475494,7.102647455807549
6.049318651816533e-14,38.395419906761084,6.869103509679937
0.0,34.612522438696,6.018408108998491
0.0,32.71438669456186,7.015570586106133
0.0,30.450143789317526,6.548929555006324
0.0,29.613036814875542,4.774428764756962
0.0,25.987404203539576,5.34641771243327
0.0,29.095701104941867,5.54280049469412
0.0,22.391807015154505,4.856520483065474
0.0,25.961424419440092,5.175574215970175
0.0,26.62850998352647,5.609295686485593
0.0,24.62416783414358,5.209107687584469
0.0,25.36735144603783,5.163906421197161
6.189657731781271e-14,31.10602301442616,6.217590095001621
272.49454758122465,29.01940071723225,6.794739610735817
415.9787459829086,31.858346704584715,5.521296752660681
681.472988789902,36.916844871825504,5.378357199138463
671.5084729967975,37.141157053163894,7.504193181589283
838.1009710134603,35.13424150032002,6.2367818831583
1007.3600160517858,43.49399610546838,8.818968303536602
826.126157584129,39.739059678838466,6.109296881431312
801.9569738194456,40.26616000627301,9.143457253807433
635.2432815618945,41.310649701051126,7.892377686690205
471.6951728509264,41.2500314103695,8.396614790927048
270.96200106849506,42.650737418161164,7.230962018563272
4.6322172641943954e-14,33.75153828727446,9.945454275585192
0.0,36.7941313647579,6.272245356979158
0.0,34.557693974186,6.002363768423491
0.0,30.72679240351745,4.965572542600826
0.0,30.646221975718294,7.4771329530921165
0.0,29.283368371866562,5.316587164774937
0.0,23.298242658957925,5.562851860933377
0.0,28.76249786065656,5.361404359899708
0.0,21.872846952931162,5.936035866921827
0.0,22.99233228641735,5.0949458746577285
0.0,25.53859288168374,4.871974057915324
0.0,31.18339823608918,5.430774392760966
5.838106935514311e-14,28.37385819970067,5.801090992167341
190.67153541864818,30.85595131828566,4.660726277044764
434.9502138036839,35.854528667016574,4.797044765447132
563.7994785753389,34.460287534896665,5.061475325463785
885.1309428961662,34.63349803334609,6.260784620279839
763.1949156138036,37.8127560382232,6.9139368989405
825.2379705320682,42.66015835709451,7.520000143412473
867.347306128791,40.859508063630265,9.364075688383725
708.484536750117,44.85168797731996,7.2200414130803106
566.5570567760248,42.193647922044306,8.395920624892128
461.93038236152,38.62895681669598,7.693684309874032
197.51313216323462,38.74937831762998,6.7998163003702405
4.6134935260671636e-14,35.28393522292369,7.519083805052649
0.0,33.72405775873007,8.950438774986205
0.0,41.94853996125896,5.6205307856518685
0.0,32.9570681184549,6.1862622716795945
0.0,30.71256743722079,4.575781655411695
0.0,26.087156579098938,4.9985429959596095
0.0,29.116776550360683,5.410121539836336
0.0,27.377236241347365,5.915162630704524
0.0,28.669054226789576,5.342548527462805
0.0,28.844633334558388,4.578545161421913
0.0,23.019429841603483,6.150927945391063
0.0,25.02927842004184,4.403747594242357
4.831302073445712e-14,26.89823601714676,5.80961411709
213.2874209199554,28.947378000588994,5.35493781614869
478.0349617876329,33.552716376594816,7.139534542674927
535.8036634791679,33.842757104702564,7.029050774647369
853.7166335432208,41.051008729599076,7.93467605523778
924.0554386784127,42.372025661729694,6.233918703812879
960.0061546048065,39.821091690191466,7.6630580815439275
736.7565248866126,44.54387069068616,8.11707732420118
828.1742679900664,43.88208090255444,8.280034534409438
667.7924349433282,39.731805140032066,7.676581909797682
495.8806054347772,35.815584190298416,6.16347779502213
192.6559580444857,38.12672912764496,6.901872084423596
4.52244725134204e-14,35.61656738591709,6.81235757810976
0.0,35.38937525918586,8.016478652321199
0.0,33.084268221823535,7.601635760504429
0.0,30.961294605052327,5.166905749296472
0.0,29.953181130832363,7.5733661314234775
0.0,24.8239135044143,4.649520691986476
0.0,26.71253753444651,4.902947508457172
0.0,24.211381293236048,4.186050332175638
0.0,25.21798460930998,5.857836022803115
0.0,27.00543328973444,5.353456829217302
0.0,23.441017432865035,4.372727076843485
0.0,26.598578654751087,5.342023224336852
4.6396880145101974e-14,28.580951741524878,4.342870060376326
237.22270076997341,29.71892990562116,5.138827600156423
434.1294159339434,34.61767920184852,5.488492595104537
721.3110572206479,33.44779585280183,5.543212878251551
663.1068907641602,35.70721941069793,7.780257173994233
766.555897633995,37.055036193170864,7.382176680867741
736.7013015160999,41.93033426273572,6.707485292501652
833.3850873817303,39.560538595070724,6.85275983256607
705.0432951399741,41.73811099134972,6.218751206685755
706.1956142813832,44.4968370223553,7.305333128380769
458.05006852856457,39.59658659915694,7.67949932886948
237.84251627755813,40.6989958191413,6.940458704539151
5.470072804704254e-14,40.16072837776886,7.7572335762171765
0.0,36.9429556904836,6.707515975503976
0.0,32.784417577627124,6.1222032505732225
0.0,32.031683366759665,7.846007993722088
0.0,26.243263023311915,5.216788158125024
0.0,25.60107964379032,5.176045060645205
0.0,24.589469564691736,4.827560103796038
0.0,29.480840788267102,4.251778305556776
0.0,23.10185412972055,4.041602691793631
0.0,23.344663045394878,4.200208680954656
0.0,23.710977967457605,5.877376026910834
0.0,28.189792432600225,5.615221244779304
5.3285861975788054e-14,29.01226594356885,5.577228357678758
241.63123685357476,32.82998875146405,5.31319359148287
497.4006905156862,34.06954249038579,5.79562300087284
675.9569984460375,32.036795825603114,5.615061105731579
878.7331951502016,35.112467618210346,5.444080526613819
715.0924681120927,41.11453490427511,6.518193703241914
727.3806477865908,39.248629899352984,7.215247439708429
897.0503637170602,42.82961340457966,6.284997030590569
704.3698432757534,40.42766126240045,6.556815222011693
567.2538968032566,38.51911691196659,7.1049752079709005
413.10839809222864,39.048704833173176,7.301607397429527
208.93723974566322,36.447777816624075,7.212970106091597
5.401965950191038e-14,35.59591763342624,6.269067663104415
0.0,35.199426932181744,6.261909293508812
0.0,33.750233338969124,5.989817225526862
0.0,27.47608815090232,5.029340658393471
0.0,28.692287143212887,5.368305784452882
0.0,25.8969374376192,4.297659101466497
0.0,24.407814610216523,5.644468003561151
0.0,25.170810086363264,4.597944204368076
0.0,23.531943713031232,4.309187085286087
0.0,27.66971683779046,3.7356623690697335
0.0,28.080767980636267,4.064761851197565
0.0,29.339649796801357,4.230374032284128
5.5173445160420777e-14,27.643027067429053,7.544733837841637
231.82036914190184,28.637297427750845,6.43628293561215
434.5148087750108,32.79690731718589,4.35987744103202
628.8281881336928,34.40270308665729,6.458944904293846
754.6115576866501,35.415201133562924,5.975672712107933
863.6062945157377,35.93823281456812,5.914109123022939
940.3506817825046,39.47801475014902,7.772353648929181
727.806143731133,39.552115168217256,6.550402361611809
823.4812297845413,42.0095415324857,7.480655831582396
538.5177329806028,41.690466171765166,8.000195337153473
370.108926940355,41.7626502995306,7.747346830743721
264.18156783911365,35.77111060414197,9.697826947960088
6.214053362264795e-14,37.43496407379692,8.043134095842962
0.0,33.24846840676248,7.689808733377065
0.0,30.19201903678749,6.2140906869239005
0.0,29.705090623692072,4.683714303160393
0.0,30.77025741867889,6.414717645253526
0.0,26.231356501776308,9.485869811401257
0.0,28.73822710605337,4.8831592715703245
0.0,25.905871437138778,7.317394982419299
0.0,23.747340058449502,3.8335990138393816
0.0,27.128211263910927,4.186761066830514
0.0,26.498111330363717,3.917123636264872
0.0,25.013547990024865,4.8074832097817195
6.017032218319992e-14,32.25312628757169,5.96544327437528
229.54839507723213,30.983926301763443,5.041431607677484
407.6539425991562,32.57311340038164,7.189384003543349
569.6975328783127,32.895008037419586,6.275023162675566
628.6780818017206,38.894597551626134,6.471655067476575
933.0023997368986,39.22692612062565,7.7379394267867205
853.827363748612,40.72220060727665,6.215439063488781
787.6259009916307,39.247864939671665,8.237839849164978
744.9419200124476,42.20372216023079,7.0046926270345
683.6378447681634,42.08655481386481,7.1489406110771645
376.95340639732393,38.12616776912392,7.8625908280890755
253.31834362895478,35.35839498654106,8.84740485419759
6.067945296025338e-14,37.6982671350885,7.420051992862168
0.0,31.459379478019343,7.296955793502098
0.0,32.83955257208621,7.33737820847133
0.0,29.570478446015876,5.596464167841685
0.0,30.972851437988496,6.762581759633656
0.0,26.092978985383862,5.222014875508665
0.0,27.721415385891433,4.320206930400329
0.0,23.67924717312074,4.515771535955114
0.0,26.435054682278558,4.116046873367649
0.0,28.828349149520456,4.0210583542024025
0.0,23.370775165151343,4.205474057756214
0.0,27.362289866128773,4.096316262688174
5.782486073492609e-14,33.932637503979464,5.540450887646401
244.1428801648499,30.497697965145015,5.614624908736993
490.9521096475776,32.55864921261863,6.158499990434565
660.4431662874656,36.08262292768154,5.799811630109646
861.3779075360536,36.51723440034885,7.313728432429864
785.4082972537284,34.67747493251061,5.997002614624735
865.1323161714898,41.62785065211272,7.4027478839624425
691.5546160529952,36.156582454741496,6.936158317198855
618.1497260580676,39.60148936988265,7.68273375768198
555.0033676306718,42.57733078078518,7.252492603777952
371.2007574981006,38.65019104514927,8.451210624347928
204.73079363200642,36.70453393672291,8.780087382239264
4.688273515346789e-14,38.19360048249246,7.892362614220691
0.0,32.80339545931073,6.130668414589676
0.0,29.99062123297543,6.023923452783908
0.0,30.913548286325735,7.675327142846268
0.0,28.069226075334154,5.630022513419721
0.0,24.29087219428927,7.118321912384422
0.0,26.677234040382157,4.8548095186013684
0.0,25.533100791509852,6.687044375495159
0.0,23.612022157456664,6.2797482219636
0.0,24.02146156810549,5.082436800767798
0.0,26.34411444441073,3.2430615939192684
0.0,29.055400780679683,4.634812602153216
5.962706699043303e-14,27.765945770449278,6.555372532527176
253.38956951028328,31.570356815864052,6.695589261523448
453.74860965746336,33.461932624837125,5.02644653593756
574.2684014804443,36.16069913690605,5.931163931562873
847.4752332326781,36.410150588154856,7.5787926020937295
768.8615706422421,36.1637354120276,7.111004024625865
878.2236541289634,38.3347371145435,8.306022165533102
712.6843275541981,40.74464573254377,8.44990419122006
854.9092584276038,43.96846094743111,9.038195640691956
530.521220193341,39.09089955458792,6.70982982695627
387.89078148030336,40.869310307998234,6.7447435704449
226.94174368466986,37.33227353880679,6.390679186620374
5.75150743116278e-14,36.5524697024402,8.873375141557275
0.0,37.432878050015276,6.8594512970876815
0.0,33.8601173535088,5.407560467456485
0.0,27.77838128436585,5.74928517927293
0.0,27.186582143044745,5.431392118953104
0.0,29.187120630058267,6.32921986731391
0.0,25.58048310819719,5.751699703900661
0.0,22.199843403671437,5.369557690264572
0.0,22.587025363268268,3.354471338658843
0.0,25.90451068832551,6.114506447150322
0.0,27.28554758537546,4.042561421604562
0.0,26.60378660668768,5.198661079676551
5.1338154306117856e-14,33.175557855087916,3.9505599371346642
242.55797526472736,31.80268261930682,4.339236142339804
431.1383463032995,31.73796811394991,4.313967495903107
564.9424823986454,32.66407051783719,6.333065301087312
676.6210575432011,34.27516164393763,6.886789510224804
690.4865025647798,38.55262714366883,5.7111022539089324
879.2883376847475,38.17557939366441,6.738278040941859
746.4615030584257,43.299824371495106,8.566820256053502
647.8944646088789,43.15755385905143,6.608538644370386
636.8087992498001,41.21846995852271,6.9940146969628865
454.4190375996643,36.795141137577424,7.4412605522250175
240.7604869687109,36.53734675760328,8.523047229600614
5.237108101100399e-14,38.736285304697915,6.6514038292634075
0.0,33.16935021444567,10.095787167576773
0.0,34.46921372105476,6.219233331835357
0.0,31.103585738465068,5.903840758754971
0.0,28.328366022842086,4.839516012688987
0.0,25.16241037785245,5.8914628691178255
0.0,24.99860753093238,4.50471882253545
0.0,24.767187747694642,5.201096081910174
0.0,26.180376244859634,4.065091790848353
0.0,22.616420636677336,4.410120064505124
0.0,24.66146153292965,5.847626737926733
0.0,26.54809046262958,5.527568341399601
5.361860035058218e-14,29.44065516362972,4.267893634641885
224.19504876679088,28.227817412391673,5.693639911513739
447.92345587893203,29.48215886248296,6.1112915137429855
599.8121664860595,35.53378111249766,5.125189584186903
613.9368472911377,33.079400218363986,6.480846851002351
852.7332196936396,40.34211212727411,6.358063689211482
913.9421738780339,38.73164948356708,7.156410488340629
796.1200059807366,36.74764289402105,8.25822139527347
802.1702430134234,39.1544580094504,6.787987134583781
542.5887523027458,40.600952324708416,6.734478357456639
382.8103340497178,37.978099503422946,7.078158227561878
193.5139917479713,37.81221219539847,9.296438764830272
4.964663894002895e-14,37.595455179667965,7.917066135655704
0.0,33.78147013830232,5.53929718726325
0.0,30.241183095325123,6.328970394859035
0.0,29.446778092693542,5.600002654468661
0.0,30.94497872117591,6.137171602222263
0.0,29.828572889431378,5.327238767970458
0.0,21.034613683902776,7.105984612327813
0.0,26.457318470133245,4.207757500265967
0.0,24.50296469413355,4.946576926104627
0.0,26.123228009990594,5.20765886069038
0.0,23.97348951125207,5.7064954499283225
0.0,22.809287993567487,4.6591686035638125
5.538685366600052e-14,29.171646839357763,5.6071217061853575
197.06896148157608,28.05016237867724,4.964603282973627
386.45697068678135,29.226084399093132,5.6365911285319985
599.3424951744518,31.436418857936072,7.5190234379408185
684.4343428817974,37.204496826893504,8.36130539756622
719.6502743726505,37.93842844361362,7.515283623346619
773.4145730349162,40.49580453608769,6.942790596823761
681.7037433775702,41.06822638136812,8.430796391348562
783.7102251801307,39.160802132895306,6.285170304253591
595.1747313245753,39.58912872462047,6.671039119864723
361.5886323639637,37.907997434773264,8.04260507974042
193.14370406130422,37.23886796582424,6.9850020829072985
4.443308227618787e-14,34.06815978610071,9.051010144959374
0.0,34.85419021063167,6.776189106326374
0.0,34.15291076002635,6.398740998742177
0.0,28.2988908416007,6.641779663345133
0.0,30.565208552865524,6.540192168187354
0.0,26.572858005526342,5.3692698536585555
0.0,25.441030791626766,4.437411973810142
0.0,20.760810419563068,5.654134164912394
0.0,20.27255144995918,4.310622977191182
0.0,24.44790218433747,3.8941558558028198
0.0,26.538337088079153,5.066451268506983
0.0,24.887460932308365,3.833429757963666
5.3194338798708306e-14,31.22726387025683,7.225704122995775
231.0580684471112,31.286395656779113,5.767397665487373
492.50980434031294,30.070393565674678,8.25698209633984
537.154522556416,34.01932576401783,5.803253640674571
758.2921246579971,40.84093433653748,8.671866954607353
798.9693797747473,35.058802312983616,6.059895953750485
702.541637565683,39.87181917719637,5.9849621410417795
671.4585986241091,38.96899357395651,6.181963687368489
628.8748678291886,41.300868650927676,7.546984400454074
624.4075880437267,42.14902997203996,6.6053809006241
429.3939947578146,38.042805121943424,7.659976730416901
221.2182605009506,39.78175486199738,7.075451565519505
4.2880568636425704e-14,40.329482857634574,6.8562340511289825
0.0,34.09017790459928,7.276150575476215
0.0,33.45685344407902,5.7487893442918345
0.0,28.635642167863935,6.92894865354079
0.0,27.92559468715308,5.996408034449631
0.0,25.876871634181786,6.906360512411121
0.0,26.434221743140295,4.808122823853833
0.0,26.45049838329992,7.251187291952163
0.0,23.549243423863693,4.924633400229523
0.0,27.108392203251913,6.830265188254087
0.0,27.90044477494636,3.403744295533486
0.0,27.805406358966035,5.504320485925167
4.708972197328426e-14,26.73650005865516,6.065478656408702
181.7455519657485,28.47434312779864,4.2388721264533515
460.3395549908475,30.143790412718534,5.993304728050841
572.2602193232357,35.7374376233951,7.066324907333991
652.9809675252346,33.34501670711989,6.724366350880545
729.0655488937375,38.77908267981301,5.784949889044893
951.8159459627751,36.534537656725895,7.756764303089945
900.2033280611892,41.14305197209511,6.320452180074373
735.6504241815252,39.80299228755973,8.578581387050603
613.6767602721592,42.163236856130816,6.4408360477685695
413.07494138016466,40.97966550901666,6.7391586566706705
207.52824710721944,40.29553819559521,6.954838251434551
5.85355493284945e-14,38.69019055867684,7.585416808826171
0.0,34.12636715089518,9.141656853125864
0.0,29.4509669892494,5.617731209089616
0.0,27.59295465128369,5.3061678945827175
0.0,23.594856063466743,5.489968796611274
0.0,23.944367205750048,6.461520993488195
0.0,24.856579627127644,5.053055475603237
0.0,22.800420570030983,4.473493242292367
0.0,23.28686433317415,4.89297613950589
0.0,24.90515977060411,4.1254331800288755
0.0,24.110801795586827,4.509941579379613
0.0,23.746623691676305,4.499453290755167
5.5431221170136495e-14,27.54066820686699,6.019735285850716
208.9305278269611,27.779602207628,6.989404124499988
432.74589865019396,31.105562548035728,6.5262038026938045
632.8671388252197,36.403241831660026,6.047451521344827
762.8759582246967,35.1061249338015,6.590448363407081
791.9006534465841,40.84590489818173,6.007753536681333
795.6831563609992,41.4386107461453,7.931555213383201
765.1990272517855,38.215931535148314,7.730997568001753
752.9323827234083,37.4248880091623,9.026662951666829
584.7343851689205,39.26943382846602,6.973062013767893
465.27352076313866,40.88199429906314,8.363857486214368
242.7783685720272,36.323607979028864,7.974341181698469
4.4830270853114754e-14,37.46331613851813,6.69916412612395
0.0,36.1345678810862,7.375017274228637
0.0,30.099084241268642,8.128600271624514
0.0,28.224481004596516,7.692986166319555
0.0,29.072459606247868,6.393789601164761
0.0,26.293976391784618,4.220607758369634
0.0,23.2225330240629,6.340922659779302
0.0,23.09109180087405,5.304579186155218
0.0,23.381820201970932,4.30302565781858
0.0,20.6657438472023,3.9432562497850334
0.0,26.12594229011565,3.7866261184901053
0.0,24.908620680055005,3.6876036249039172
5.078324084355533e-14,21.955426859829572,5.840755163317899
188.3966543769589,29.404565009986698,4.8198509283689654
383.3229781388694,30.039716789638753,4.457733647897918
545.3938744323434,36.97105605285129,5.95565839590394
627.2499580609239,34.35196926558583,6.5443280049801
712.3900444839926,34.98442682976093,6.143749399180073
907.0078699853912,39.46692787762531,6.01773152780472
701.7296650442438,37.92937118172315,6.747353023518165
594.2458732433752,37.96394690492131,8.113731240437016
608.6464468175363,40.26926868338713,6.618493922054025
480.73133672605337,36.37012792192214,7.7812081494996495
200.36126723038893,34.26516624051925,6.627374814773731
4.362078832942491e-14,38.97485531161444,6.526557146064399
0.0,34.752409143447224,6.695882236292828
0.0,30.99444073743704,5.572816042826858
0.0,29.44535252720173,5.4048123170571305
0.0,28.53458802365808,5.454578075446202
0.0,27.81267995716023,5.047466651423359
0.0,22.95560743121922,5.830748881043012
0.0,24.400647685743575,3.7976120359983647
0.0,22.38235289170428,5.896834722615017
0.0,23.290392144786964,5.642199874307445
0.0,24.788943748779054,5.500482825688046
0.0,25.72554984852703,4.45683000886479
4.1567370037615286e-14,28.8668950407299,6.109703763824856
215.08113197643027,30.29938200153578,4.687669406090732
438.76752580059804,28.379422825380402,4.879822623636492
637.5778067302717,30.75066719081404,4.968005570488366
631.7154390995595,34.65632787460617,8.27511480652748
723.5503611437556,40.70986601850079,6.502626793504199
821.4791319122166,36.62078080939706,8.75971353336415
742.7462369803884,38.7067224352118,6.966456803683645
798.3946916325217,38.32306919021171,9.074216747288196
572.9478270072084,38.015079086261146,9.10021723077121
452.1592245126093,38.680443962210376,9.195920762741789
217.69676984495987,39.85417004600844,7.493978404040128
5.490535620640631e-14,36.307698043885935,8.434868912190174
0.0,31.859251682090736,8.759605572260945
0.0,36.902220265731174,6.180247158539979
0.0,29.48235532522684,6.012545138661808
0.0,26.24131933136053,6.404945561670887
0.0,28.563099743987557,4.98436767713881
0.0,23.39953454782682,5.8532879006587795
0.0,26.86429971365231,3.8012133316712324
0.0,21.524593432056637,4.819191492951645
0.0,26.398533181520165,3.7685239902969885
0.0,24.739771112277847,4.275677742714752
0.0,28.191129229902458,4.3411584679537745
5.825102258559245e-14,31.069410431393063,6.18800172278309
174.65196873486718,26.930112072127297,4.723641805771653
434.7732945534157,33.81742265550662,6.728960801393782
524.4048252631178,30.518623565959324,7.05983471877837
589.5092413883232,33.17151030349352,6.596778462409647
757.8918605454927,35.315914343897475,6.328341020519407
937.2755206039599,39.201355516621206,6.621361203774133
649.5563656561346,39.05931737817224,7.426739692930658
725.448758409567,38.931606845664305,6.183139753611329
574.7892840238775,39.285756182347235,7.787272827611666
459.77218653345386,39.37666142285243,9.489537589710237
179.40934841536372,38.25922951136506,6.665092401160102
5.2937070454439427e-14,37.454212685220234,7.452622845009251
0.0,36.97650100034501,8.909632128890038
0.0,31.223154269107017,7.7413780489135995
0.0,28.153148728907972,7.302684140475186
0.0,28.49295127236035,6.78477776831717
0.0,23.32051513196835,5.012099359549857
0.0,22.847639609430562,6.4682658394114405
0.0,25.40460638640233,6.622812631466095
0.0,22.884994354293887,4.759887863590494
0.0,20.98945957690067,4.377153124830536
0.0,21.225441742923437,4.567511078747277
0.0,25.573830213224532,4.530304506632579
5.777765442628443e-14,29.417044177865318,4.470422646983541
178.55623126286102,31.319790298171505,5.76693358402656
463.6678159101392,31.35501210971497,5.984215655656004
566.7002665003303,37.22162230294172,6.12981510540314
729.4637907889098,34.92361037204837,5.576830142778617
870.4113338661277,36.51297010662686,7.828855142825564
767.318103990693,32.9265825147268,6.491444285871422
760.4208918418584,37.96593181591941,6.550434257734112
676.6181750144441,40.837281173746284,7.978202102204551
545.4496481842067,41.98858038796126,7.480043486554071
464.13759191525884,36.400985066870234,6.4993277130395075
233.13363268025967,37.714610012007775,7.178526170554694
4.2598712570284974e-14,37.227009168575876,8.045428842101188
0.0,33.22621977114126,7.258408501060466
0.0,26.566690188874837,6.284600944457444
0.0,29.557278742257637,5.476697028740045
0.0,28.656112352051082,6.164651679653636
0.0,23.5815510644,6.760311138211255
0.0,23.561404522430536,5.54017186595977
0.0,20.95951811988475,5.852253076281723
0.0,17.857621717294116,4.8302488512810315
0.0,25.32451902771759,5.312087683704226
0.0,24.062216516575607,6.123438617506649
0.0,28.536412558372408,5.698999732319265
5.5565915416017714e-14,28.71256119826718,6.603786411141183
197.15415804848976,28.218944930303756,5.314139090340586
336.5123657598251,30.831555494246004,7.236890072094191
635.9741749210114,34.20082395681533,6.533494341316139
794.981330478053,36.93168364796631,7.8071975564402685
861.9250930163273,37.30011232543122,5.71284320719192
696.3555889171149,40.137306335309304,7.693884594035495
910.3748886495182,38.13198595141842,8.605985351532295
635.0695354762406,37.00362972088345,6.885866523791846
611.6829364297739,38.59570491764511,8.144362837660665
458.5300871607848,38.3364898262027,8.651104352221951
188.11925781880345,34.251700274468625,7.026533379111849
5.6157615378155575e-14,32.32447264616158,7.06431726029464
0.0,33.96324176822184,7.148116633161254
0.0,30.185203111713975,6.661625516802283
0.0,28.595682642310653,4.961870176165828
0.0,26.27853148305318,4.818379290356585
0.0,28.382264368488865,4.462761637569174
0.0,26.45523533855177,4.613151885652
0.0,20.6578022576464,4.334150985314152
0.0,21.794329821876385,5.450537472159994
0.0,24.83251817366392,4.915084872842385
0.0,25.135585491968254,5.525065917480799
0.0,25.12014607388533,3.8100974825034664
4.965832540704181e-14,24.58471583810881,5.139840853094804
188.1093838493599,27.42428379491002,5.071739713274717
462.0792130407726,29.826381112944702,6.936968953446534
469.29605896435373,33.48445727109565,6.789131107227046
616.403249161199,38.267370557431754,7.8117413293581786
699.0659314092079,35.14301002795341,5.756842400656608
771.9881094394965,35.73604898320231,7.89055646797101
696.4656859555145,38.37014990469394,7.6322477776385185
687.3671822728355,40.9233942090654,8.660091770126302
636.9565469445174,35.69355692482842,7.753117511094096
427.86072128542196,40.69538778006268,7.782593636930723
211.86990646422203,36.17270777329833,6.330918973783271
4.16777116199144e-14,33.39127624341053,7.73304686240911
0.0,29.730090035333127,6.450410920363046
0.0,32.272957794878536,5.241067100348648
0.0,28.447021496734045,5.095164647807141
0.0,27.201327213546293,7.7340044077820185
0.0,23.401438516522173,5.124253315990582
0.0,23.15289499844523,6.365894280682814
0.0,22.018721194200765,6.864859374401243
0.0,22.518104086466373,6.5191080717744025
0.0,21.65277903415862,6.002287862760612
0.0,20.722725145572834,6.132785142796341
0.0,30.51943553832362,4.449161861403952
5.533258777473534e-14,23.992481802547765,4.3300290962682215
199.90384842274273,29.0116559502877,5.849644367205155
393.6467803006578,27.175234640374704,5.828532961433904
643.3857305342892,28.795747784807006,5.225018950004989
689.7665164798129,34.914943280927325,7.096066422012065
760.33408169396,36.72487972225177,7.149477124094575
812.4733438791988,40.170491509103066,8.460912840296485
814.6803617419592,39.245790589566745,7.817747352428103
589.6945660946973,38.4196688597312,7.876388621248463
622.4090555355783,36.54749641940533,7.604813944503532
386.30978196611994,40.64551766396539,7.605552135833603
173.74108074064506,38.23384703881562,9.393392957434335
5.330109996728289e-14,32.22663134172594,6.41285063116538
0.0,32.865770114464226,6.867646441317982
0.0,31.00739476027578,7.033900910793637
0.0,27.957430623191282,6.086673369896545
0.0,28.26299126883638,5.345994816816054
0.0,26.725902324426762,4.994222599292926
0.0,23.26690600662981,4.561150830005092
0.0,22.286935530607668,4.589407282835092
0.0,25.573997557850593,6.00696729073788
0.0,24.71435180692746,4.767744953349676
0.0,23.79259818205679,4.189511687993013
0.0,21.660808304863043,4.684389416548257
4.979432532574247e-14,27.264080845125605,4.198315359073519
210.8144001620955,29.9016952015307,6.901947902608537
373.83335703664426,25.067037375718783,5.65039979674042
634.372532255273,33.15037188997175,8.555808321599473
680.6615814987791,33.74269665892406,6.285205252525031
748.8901306944865,35.79122632174881,8.03083755518163
922.9179013276965,35.6895219572644,6.739271144415372
756.5757432954691,38.00710866202079,6.451985365065044
602.7153246660996,41.36006378487819,6.398108549737819
557.6859828043528,37.410690245197046,8.020695341076898
436.0370877737609,39.43543098037741,7.2609977325775
223.04476664203554,34.62027244424869,7.42027909030719
5.2967602970468534e-14,36.093593017827615,8.26400817549224
0.0,32.6499447045796,6.408079030177883
0.0,31.280130290094093,6.193387899853965
0.0,28.51983478389034,7.322465768194009
0.0,27.859331097397952,5.849594575077034
0.0,19.784056147155635,6.49209664951211
0.0,20.662475832839235,4.909817404195371
0.0,23.53708407573463,4.727166568298674
0.0,18.343252982237416,4.006983124782224
0.0,21.64176236842292,6.250843212722922
0.0,23.393444777681076,6.165595570379675
0.0,23.117195165311713,7.375258055772038
5.019588390448898e-14,25.04720688464234,4.975052231161919
204.97536129693347,28.902941729516904,6.463710398213552
328.0077885890873,32.4489196015895,5.676664048366585
598.937099287507,30.583983288340438,6.157077964186459
676.3234230247631,33.280213297655145,7.651087587657788
792.1757252478284,34.62466199286818,6.234294655131625
780.2103562480887,32.515773416550836,6.658942026785371
750.7477956118316,38.44115988097745,7.129138576613019
596.8554819852393,40.29976518168687,8.541050014853827
508.1308876693846,40.1910227149742,7.466218956092443
342.81519108068727,35.61700016742392,7.381262373970961
180.07548531264146,33.58378784248198,11.091576374479555
5.569729685390924e-14,34.47354078521325,7.052904998666049
0.0,34.159429423982985,6.417736022623801
0.0,30.740030586650654,6.964725105500397
0.0,28.938386600957244,7.145270292527449
0.0,28.713991545502353,4.749547427760604
0.0,23.2952023220761,5.814919766923557
0.0,22.913937255294094,3.9324859693780327
0.0,25.82388507212552,5.041458607721687
0.0,21.88845841272041,4.252778223800539
0.0,20.020000116669976,4.321928056163883
0.0,22.015165236139563,4.749448461318752
0.0,22.7488667069808,6.54910907642059
5.069410718544796e-14,26.99640583031821,5.778230456766073
170.76043234867532,26.41963429091794,7.1855820809745445
375.7741527435106,30.824149164638154,6.300629559318404
558.6639877157919,30.880502582654533,4.780540670869225
596.2542507083008,30.03532358211921,6.111035414059829
733.8447719159891,36.55217448237189,8.435413545496505
801.4663341279222,37.507211252284954,7.703312711229499
701.9615583739517,39.04500290064589,9.909650519943794
736.6480406162581,36.936106220585145,6.884067372809074
612.9629536784856,36.45039831850946,7.298283737594689
362.8475682643197,38.013217606154264,7.402144715115507
224.23330295778695,38.97697405347,7.168205348344328
4.0756073382022215e-14,34.30441667792832,6.749951109299266
0.0,33.201803211830125,6.892672340525468
0.0,29.63890529006425,7.027714873004805
0.0,25.12426725434813,5.832914415584295
0.0,28.216939497223784,4.799783409015587
0.0,26.442054887595607,6.08227971817575
0.0,24.624722288635144,5.130215872181445
0.0,22.040079981562883,5.127556862777505
0.0,23.32548966803735,4.733465075526996
0.0,24.19149445302338,6.09681562087804
0.0,26.443491608198173,4.983369835722291
0.0,26.45157542836277,6.528923421896083
5.0257379936187196e-14,26.259019918627544,5.253176354537206
217.04875034795634,25.444318596891357,5.049922348393725
431.971292033873,30.442694063903748,5.5604469629667115
633.8823527468624,32.71508462107905,6.341866840669951
610.517460739433,35.54943701919687,6.74928863250917
798.6524942850842,38.4960154366995,7.52975312476296
739.5630392828912,36.869279674722215,6.692351091586087
788.4352823041263,42.06075845849904,7.996324984145431
659.6703016980475,34.61280342847911,8.52792718624288
637.8925878659659,38.69746782379607,8.24818339200357
415.1494300734865,35.46253991446772,7.693797617058594
230.58787707200375,31.973787718675045,10.299118382576479
5.2602139388831886e-14,33.72782871596195,7.124571768081699
0.0,29.28758443253852,6.044692503610624
0.0,29.80852167249463,7.636880643132172
0.0,28.130363603929013,5.600000202462605
0.0,28.368460287232164,6.470430334181538
0.0,21.459352949540012,4.7613967388576715
0.0,24.866951876587475,3.8356938610918423
0.0,22.44701906581848,4.170922043446945
0.0,24.03596308279063,4.562309875487168
0.0,21.38735581519664,3.806960983187175
0.0,20.385572371769037,4.125141606406262
0.0,21.886411873647326,5.741861150524913
4.1118839964091115e-14,23.394649868237206,5.998947901121461
188.23383475930922,28.863340720592582,6.493823842855311
371.051161050833,32.932108820000835,6.959998110807316
512.6753695696675,30.918914083081166,6.11255257722347
729.9786119244608,35.236535372087005,7.867272831815628
742.8341014760686,32.588234908792586,7.1133275792869455
781.9739920475754,37.26711050420155,7.291080859280585
828.3583504196749,39.04279661855824,8.186349458848708
731.710934821952,35.0820152250177,7.065263899003472
469.2230431867716,37.29790444792428,8.632024997753515
410.071148684164,38.33830228681808,7.582552230300842
192.86989693959868,29.76757773060487,6.67245200957261
4.330965287643181e-14,36.64917089897492,6.4089681615990575
0.0,32.7561758881737,6.234448961552091
0.0,31.411720071006126,7.998541863771127
0.0,27.082273856361745,8.972999616316088
0.0,22.532819812440728,5.576207389413316
0.0,25.389536438712963,5.061031010519219
0.0,22.72940406943602,4.581244616137676
0.0,22.159612251096647,5.98443325690594
0.0,23.998001920942457,4.168219186288393
0.0,23.6195090879572,6.359510632567774
0.0,26.737059554448265,5.297513866472306
0.0,24.47364215879917,6.3652474541970605
4.8433000604373354e-14,24.440363074962317,5.384664079851599
183.5773808381488,27.375401895906933,6.064602377866026
344.57749640956445,30.654114695621764,6.225789616343656
442.4495186919679,33.92505334935067,7.315743952629063
594.2794368946182,30.888720047667114,7.72490314284301
637.6117796531682,35.49671743039527,7.2861052843364575
786.8427310731356,39.9700744948968,7.709863115502705
645.0475479232047,37.06977681885206,9.140592348723418
662.1000920252229,39.68481166028276,9.357317996269177
552.2167963929755,38.53642961528911,8.237540595805404
351.4647139486962,38.66271239387002,6.273498799872951
163.74948538637472,33.86012111683707,6.611338884850856
3.877624667696601e-14,32.21198461041339,8.502749483894547
0.0,31.933884095609294,5.993192700855984
0.0,26.758344376063928,6.016556434738204
0.0,27.21275437650107,5.672015652755034
0.0,26.328541265575886,6.174996632250369
0.0,27.735204914951716,5.75235149878734
0.0,23.542226212882458,4.769819223384841
0.0,23.188043396051985,4.327176578926402
0.0,23.99394475871834,5.617684125637169
0.0,20.008271276515668,6.47226513179681
0.0,22.406624509600842,3.6783762514117697
0.0,28.85896399873373,4.118497010821245
4.3186904548278517e-14,25.50674861984931,5.6282594093940315
190.47021666682429,29.827302201362574,6.466341338504186
395.06258070805853,31.59246881896454,6.776256948209506
530.0540379727908,28.779317996663114,6.916941057157516
678.1455484492459,34.28595161863019,8.005438662026016
736.8905027524139,35.61534225852116,6.401515430576089
814.7412560155037,37.25311387057471,6.395867303357088
778.3086766144957,35.88417471534875,7.915413908608555
658.3796419983533,35.43115404079401,8.739022096135677
564.693599735001,36.44037967488917,8.0294517291821
425.10213184017925,36.39760630072543,9.741718436900461
189.76894378714795,37.69181620931134,8.480388837925718
4.457952671911578e-14,37.29961470406954,7.919009377836121
0.0,34.52874111788485,5.910022705050065
0.0,31.385363486182015,5.724934994860063
0.0,25.58576017919898,7.140429745614381
0.0,24.84720071463934,5.213291787181208
0.0,24.42799091995194,4.253533766592631
0.0,21.311845569395093,6.723566731454461
0.0,22.93193157056631,6.3525345562386
0.0,22.94589909233153,4.219376215442545
0.0,22.850100390641344,5.637010593482236
0.0,24.626992854662603,3.669842883549759
0.0,22.038890198904426,4.534752604368396
4.291615824041662e-14,27.37058428400735,5.591740428439016
165.03563577201882,26.043083614762395,6.325626022386091
380.95873636246233,27.623054970537183,4.491507986024374
523.20193658041,32.63971150501588,5.931968003984965
555.4635960533432,35.93667400022091,6.0457992175880655
748.6204051346955,36.13780809806735,10.605689483400308
808.0376212620963,36.47473815364355,7.844600794068143
787.9567997242438,37.85264113833852,7.4169569548117815
737.9271422298103,37.77778071195751,6.685093075846494
510.2594369409926,34.980431693864716,8.086241733748606
432.31717543385173,33.94788981620863,8.150356151660896
217.81586852686837,35.004129366368424,8.578153475778546
4.236630598584969e-14,33.66464054736156,6.902937446676127
0.0,31.59814399337859,9.418296710810331
0.0,30.85713010312278,6.585142500859428
0.0,27.00342108267411,5.859981731330876
0.0,26.630885239632665,5.596067549247407
0.0,23.558899091677677,5.637684023875701
0.0,26.061151509022114,6.951539589316113
0.0,21.776657658365043,5.6958953362070535
0.0,26.02408203827605,5.096141116704057
0.0,22.319253387093877,4.032714317619298
0.0,21.98707924377275,4.04510888870747
0.0,21.886886613212965,5.060965516206656
3.9183665662243416e-14,22.456859667109306,5.913302059849449
222.40669677773064,25.289199885612213,6.297876769468471
316.4543517713842,27.583424196896715,5.313457770035566
473.3825232294615,32.20282921686921,5.339139883277913
538.0695101171674,32.29030607310432,6.471049932304471
766.1997203321993,35.373345169826074,8.603878106337664
831.1310186392985,38.834796770253575,7.525959951964517
697.8515181721444,36.89442672226753,7.230922561911354
737.4659235631754,41.5009502121583,7.389144359507272
539.7024494389208,34.71842146485885,6.942378794396915
386.8104304002467,35.96967294875034,7.739726100765381
214.78283483086224,33.92086521749512,8.492375223646746
4.2044120814266985e-14,35.21565002733871,9.470291369482396
0.0,26.93360591531262,7.108556134951812
0.0,26.45640623686907,5.933364653539076
0.0,27.057390809502603,6.833159327540255
0.0,28.44539225724368,6.679481377155246
0.0,24.13746623380693,4.485141081103786
0.0,19.546872834067017,6.399246258958328
0.0,19.056431177177988,6.064782403186194
0.0,24.5241503785609,4.855229730082124
0.0,20.208494764965966,5.017732761696168
0.0,20.364040997695955,5.491420438921628
0.0,26.476061844640334,5.530867740231111
4.541129338859059e-14,27.200364984044974,3.902110460134737
177.99897967097044,29.65573789858442,4.677298377560371
311.91469195863,27.27808721233936,5.158762294678496
591.4202878417944,28.19851205166244,7.078758028998388
703.4823400774662,33.4445039515964,6.615854023117624
618.7120508975589,35.50527748851071,7.230534771370706
805.6006808896424,36.83557781055617,8.19945297311009
740.389768150507,39.86194545446155,7.295069555445413
615.2036340243815,33.7106367928545,8.504457114709687
473.8994264428199,38.624967685779076,7.732823122526019
413.54485197076167,33.91312411485187,7.529625812048416
203.3707866214331,36.54649586408506,7.2763766841241875
4.569623323440416e-14,32.22825756382824,9.426228838518014
0.0,29.620779741910138,7.886214705409409
0.0,27.958365558972588,5.378417588962046
0.0,24.216398210497704,8.257689045953128
0.0,25.259028852537927,6.760551977666871
0.0,21.9759699420577,4.758375082579078
0.0,23.655971315065468,4.222877474821935
0.0,22.56428363529371,4.634908133337519
0.0,24.387892189346,5.249589951721195
0.0,22.01682644031003,5.178043323137416
0.0,23.124730387425057,4.40729005994019
0.0,26.154923457703667,4.957141206815507
4.84922086735873e-14,23.756252691487028,4.635230990547832
212.9792718496848,23.96450929707419,4.425587787472586
368.75884824377914,29.411766201797207,6.037796562646513
560.6310791209714,28.23686350593178,6.02557047930622
550.4680471430455,37.9194554293912,6.877709694640366
665.6509542216829,37.57942891719069,8.892347805903393
699.7395105854094,40.26773398041909,6.567369420992139
706.1174106935208,36.86387864717923,6.107615804283469
726.0668808350715,38.11272527094361,6.734498174732507
582.8767749333439,35.82003382994768,7.796287603918642
317.10114707865796,37.705630924989435,8.384550821837259
166.68867975799748,32.23734590893069,7.883729933602689
4.234458056015523e-14,27.925391704590865,7.4334669892049305
0.0,29.500709205383455,6.791911116315681
0.0,26.10063113230579,6.326411896410042
0.0,29.896879195039325,6.094082583689161
0.0,28.642932993701052,6.276771077150982
0.0,20.54886568922182,4.826979632319967
0.0,24.49813549706841,6.104742224879598
0.0,23.018270868990438,5.287554523465876
0.0,17.70335414286369,4.406936216758545
0.0,20.334965840125662,4.903783764611122
0.0,20.754376837776896,6.915168333148396
0.0,24.682044060063465,3.7246462710790893
3.985678012947053e-14,22.385348810491415,4.618741590483429
178.26170174589564,26.574609900162315,5.528494382405428
343.82922553404256,27.47103850440221,6.364927480267511
593.5817328835107,31.860142239891896,5.712729234601972
613.1740601633744,32.40932344892558,8.397980591438259
760.5274668579085,33.42927035391304,7.514520592526327
786.2641791867239,35.344517591312794,8.69421067348047
639.9754772075242,40.64239978829422,7.2989991270568595
641.417583933712,36.009108240062666,8.842477673667867
581.8396669922126,34.48830368604642,7.614552109858114
357.9999590181054,36.93797788088888,7.264344170091054
216.3209836343189,34.21271242294792,9.150393556914635
3.9772097339416036e-14,30.0124396505685,6.418662317697898
0.0,35.37645254352654,8.86983950821761
0.0,28.137949621128147,6.690581104765148
0.0,26.016616243558577,9.167483163095788
0.0,25.162578216117637,6.109092981965364
0.0,26.646286801226744,6.366412126823437
0.0,18.384515356571036,3.860202734590633
0.0,21.49677432841307,5.11045714926467
0.0,24.846753563471793,5.616354127768808
0.0,21.20225999105129,5.723872066211564
0.0,19.273338051002067,4.133034190442374
0.0,21.778561284470854,4.927056646209428
4.2822411881745455e-14,25.085974299398117,5.165670507328967
187.98713714592253,29.263264710344096,4.6639417253123066
351.4413666919207,27.993537551052416,5.89421832692822
518.2394696649754,32.39606519556957,7.3179631994316505
614.0560160287944,29.801471585790758,6.335492051035584
581.6777214084831,31.441626750186813,7.007903450411736
813.1242043521561,34.634811092790144,9.414787119163078
678.5123232859785,39.27567329394361,6.410431768439649
639.9947134304821,36.809958518912076,8.093698008586044
442.12939771458065,36.97923824133033,8.585090223726763
295.4617577916198,36.1565716613071,8.5935955308889
168.7751614725823,36.547479454550384,8.295137643466244
4.7041534068521464e-14,31.45176785480883,8.090128427083318
0.0,32.11933181768117,5.99564272091436
0.0,27.010443912174278,6.88859932827628
0.0,30.568202190905893,7.224401495537501
0.0,23.071427031291158,4.9927676722889425
0.0,21.250576384234915,4.222595794753555
0.0,22.670670244572364,6.304902336946013
0.0,20.931704100423875,5.702671287433567
0.0,21.153238660393644,4.778412307542602
0.0,21.226754828543864,6.627980346604659
0.0,19.390546219981385,5.732958893069155
0.0,26.06939745653836,7.178545447261366
4.31471991206647e-14,26.28661825964999,6.96419798229331
213.43492631461322,29.14688138958584,5.63977712900315
323.65682159547123,27.442872069650925,6.752072300509256
543.616151548977,31.403133298122285,6.872920881758444
602.3183591275492,32.89427077234116,7.740919423524415
637.4913006127781,36.41239334976717,8.009124660509647
699.6279333766056,37.74823334180652,6.645713473795961
582.5800466963857,36.613042064100554,7.100369157712147
680.3541976963244,33.46363158418527,7.329814816652512
457.00164218973373,39.7862642323597,8.882040605987697
383.61285691075443,36.53971194552756,8.798694778645604
155.9162902649008,32.939514014581874,7.72234151950056
5.050676120419125e-14,33.31261812440516,7.694968292289026
0.0,27.547899111786894,8.168169214309243
0.0,30.610239982813862,6.382080645079122
0.0,23.486557998493304,5.223176184543299
0.0,24.057864863797608,6.004649609616697
0.0,23.331588497590495,7.149960106084907
0.0,23.474408697397145,6.226541859610146
0.0,20.81061524626467,4.83942264701052
0.0,21.59485825093357,3.855558282265988
0.0,20.541192076496817,5.299985905973198
0.0,21.33235737154439,6.020342933047055
0.0,22.839032754912683,5.579243392913111
3.7009439341762796e-14,23.94681666200372,5.214209742575045
188.17326628714133,22.88123965672543,4.762574453040706
368.15646822879245,26.78828551631521,7.5077436038408045
505.1043668060993,30.88503454675203,5.9233949543247935
645.3617468544742,31.82669049673103,6.183040698411461
588.6053439323573,33.670168588837036,8.138968500767287
718.5393803154467,34.60642839510654,9.835018295072096
629.703384083644,34.325142328557384,8.163705226881389
705.2526083374302,35.33873358175588,8.216013015574934
544.5063608955984,35.438675625243825,7.527584711338415
411.20022038897383,35.263422015067675,6.523012685121269
152.65393494824417,34.76854344214028,7.008851246888191
3.988672297946263e-14,31.96383192193699,7.721703593393565
0.0,28.336174353143793,6.347006417492141
0.0,25.5287684238709,8.10957755087444
0.0,31.44925455763875,5.699987580383751
0.0,22.06530244317934,6.117230572788581
0.0,21.630828251687323,5.730966503231424
0.0,22.254254320293445,5.669047611978191
0.0,21.1427715543599,4.765491313519888
0.0,21.19018833066423,6.231987252804255
0.0,19.535616196164188,4.83792756414835
0.0,21.697369856544668,5.551009929070828
0.0,22.614290024530433,5.516209925817847
3.79233103274691e-14,23.52419421045851,4.450251916056757
189.47394593867278,26.5687240682636,6.029308110303442
332.74845668149595,30.2591880390425,6.205622702431052
555.7462228744539,30.1746088594906,7.830622872249592
660.1762690995097,32.11736263825394,8.110402730274593
701.5292125710279,35.94163326478544,6.363973999398413
665.5091017134741,36.999380895454216,6.449410385756407
606.0692397266255,39.0437364377806,7.285445541973622
664.3637793938298,32.63599647658193,10.407581315375161
491.9050300659455,37.686101922192414,6.600281607878202
315.55242393495985,36.27982026662095,8.36801182201371
161.4534670007715,32.03400639952694,8.0407627491616
3.77474610141351e-14,32.65163278153877,7.905277580471301
0.0,32.32125280187725,6.547422447852434
0.0,26.490139100570286,6.207268289529848
0.0,26.963029442766533,6.30591250868806
0.0,25.89116429700312,5.051571112175193
0.0,20.34956357098573,4.611850740652271
0.0,20.75738485172036,4.371087919611944
0.0,20.84468960985844,5.369311682521615
0.0,18.377896455800258,4.798727564635165
0.0,18.48444645838653,4.502588392262462
0.0,20.77186703288511,4.606677381692137
0.0,23.91658465120117,4.48833065445011
4.330948291047979e-14,25.257627469270385,5.219059811706697
188.98693629623972,24.176781647693314,5.026275229090627
304.26817704916397,29.274495237117538,6.623801276362013
515.4913793770095,28.368832275373315,5.550935333638422
533.0623214973493,28.749819870899298,8.653283838482587
728.7479885471756,32.89272657428408,6.186993300810785
653.7988953297898,37.144301440333145,9.273979555622528
719.1470345734257,37.00948718148146,8.799439154295928
504.50517588296987,35.96701585213978,8.409301149061305
474.2026629439012,34.8641551100166,9.443602288824135
371.66329468509014,34.11883842492881,7.046706297743181
162.1101069009694,33.844583528100145,7.00331200424915
4.686763522647216e-14,29.83328449519451,6.962166291629212
0.0,29.344497137303737,6.633229110852901
0.0,27.53902054416663,6.431986846758757
0.0,23.197458189163005,6.675090318314145
0.0,22.293262965091017,4.7733071205960425
0.0,23.13431880036655,5.461544348124258
0.0,20.8809133507411,4.8455173253704675
0.0,19.44516270843531,5.4752646203425215
0.0,17.967238026058695,7.497743605039548
0.0,23.21638594200051,5.050200847367307
0.0,19.185931241500473,4.882970520961403
0.0,22.636424266165715,4.898783391774668
3.912938861893834e-14,22.81435472498703,6.261219817931117
193.51858466721842,25.792099125591125,4.639096811654956
379.33701563499824,28.705312385015365,8.039286393458536
434.96929397035854,27.120132083539016,6.313709297134667
691.6695940422611,31.776860412827645,6.457784944778542
664.4587796269969,35.828404448586696,9.414648748417942
788.4669835398822,38.241299918394134,9.217923896797428
712.344211683787,35.25747156493691,8.168355935595791
641.9619441751472,35.873455315568435,6.564703858800313
414.8274127934797,39.94016556865024,8.692312050381213
309.695189899988,36.98814469460852,7.570108566586795
147.05136023566413,32.21237801211657,7.543612042072978
4.529626427295815e-14,30.552125999362374,6.734641594805371
0.0,31.773744185529324,7.314318812968328
0.0,25.76801864104316,7.567129059371907
0.0,27.89499404299216,5.971785455712482
0.0,24.458692828636636,7.796393681418376
0.0,23.168680179696388,5.023236207015756
0.0,20.16663976866041,4.3249884248319646
0.0,18.621254387090662,5.596497646853946
0.0,22.532296267632667,6.16450910227893
0.0,19.38742943447653,6.860792013480582
0.0,19.85823722247279,5.827580230741855
0.0,21.79118222064403,4.5067671942192185
3.953640250929082e-14,23.994354871331915,7.700761053078212
197.36892346705244,23.47610799163696,7.286053931030626
288.6353924597394,26.478567617482202,5.317853631904762
557.0969639174214,28.442798818904077,6.671085887060854
691.4610018847569,33.29887121510972,7.051136803512746
562.6586434100869,31.493239719388626,7.140832757944836
631.2608163588258,31.02497812065543,9.998366463342533
628.5988992589357,31.401528090396262,6.656885773279943
647.7349251503447,32.667550336544586,8.297551788348406
498.18160116613274,38.0587936219048,7.3207092998120915
358.09276256871374,34.56892703513964,8.042171020209285
192.40570152246605,34.26766302900281,8.621049076909978
3.6101416744562304e-14,32.68128606013868,6.9872003694369464
0.0,29.791230803500834,7.025927788971316
0.0,27.45874801259341,8.72076818229215
0.0,27.626811104712143,7.256384733502259
0.0,23.90030243452131,6.318001072394567
0.0,24.749651314930475,5.114018922555347
0.0,21.738323107491876,5.309817277024387
0.0,18.46186728991305,6.022183234360824
0.0,18.43059839944778,6.054389988244289
0.0,18.24253022396655,4.441241374600908
0.0,22.931759260813575,5.516235966391561
0.0,20.95791029180417,4.214825496964261
4.425232364968797e-14,21.827920853588388,4.127808407355335
175.24541642475512,25.99387016862113,5.915855237423882
281.24857333952497,27.23053223444265,5.501888982965858
549.345502215261,30.08455583315815,5.455375927079824
657.7517114805008,35.20449425497534,7.558161050601237
658.1768552984015,34.90786230853776,7.292212426435558
610.9765921712248,34.40709078606697,8.465318478788928
565.4396376887195,32.33542628908818,8.269523381339699
556.8857987415264,34.42494145277038,8.618745601282933
436.4914906813051,36.57436526259081,7.593982074733776
338.60301066483913,32.01098759813953,7.436371302349846
203.64559346507193,37.36366128934075,8.09775173473562
4.2463600103882504e-14,31.453699572458753,6.887604980851983
0.0,29.593115594426788,8.231681065541
0.0,26.0915760612717,6.990742679313772
0.0,26.347789599918926,5.896782657447542
0.0,21.10886283414319,6.474926958224346
0.0,26.09779737589819,7.538472746137291
0.0,22.946314162501277,4.4271393716798615
0.0,21.481001063554313,4.283986323914617
0.0,16.45895677189315,6.178891901446888
0.0,19.923234714075722,4.083844181485178
0.0,22.729784349225266,3.8544093430090576
0.0,22.769171332695866,4.911232268788386
4.7348220832091505e-14,21.235596574205218,5.427570723420228
146.03691001921263,23.86907491203529,5.988392121241079
334.99411265904126,26.335942507460786,6.196895403489929
452.69154381710484,28.103491475315717,8.029082150504479
605.7936072639606,34.297372454893384,7.710506018668779
713.9735569156127,29.05464275531864,9.713661423144785
617.8937909356493,35.47985629306595,7.571993095280909
659.9064359548388,32.38261464392841,6.795108251160116
622.7584515754382,33.31731180857063,9.88004360202607
412.4864146551268,30.94775466004788,6.530841315062802
371.9999894332031,33.069909151430544,8.797991353331726
179.8383102993697,35.91813233604358,6.55802816656908
4.751771986918897e-14,31.769463268402323,8.356582843581727
0.0,26.91364405029474,8.986889656835723
0.0,29.274110132231392,6.695069236758896
0.0,27.63187094978997,5.952597801281691
0.0,23.44790774555094,5.5272164034603275
0.0,25.65245885028557,5.797698884158387
0.0,21.768135468526797,4.728521533237512
0.0,20.691108853825707,5.738647495157796
0.0,17.446453035220497,4.830116976465798
0.0,20.58060081048321,4.672782942445498
0.0,20.558589774486553,5.047485159706911
0.0,22.436014205402753,5.3931589227687455
4.187555291536313e-14,21.684039211270417,4.645212696255211
158.54400145473744,25.238855857450886,6.3916697687444515
380.01723252858056,25.41948744912316,7.464413313127235
436.998711188242,24.829498610441178,6.064813593451987
564.7614186029475,33.049819586709845,6.203644827652473
651.1935869164407,29.705286735666427,8.064393450357382
570.2364886364917,34.195786609393416,6.884670887395856
739.1027592024687,35.446621318763704,6.632941373585879
549.503389219221,35.70633648127919,8.33757197118037
399.99497070623477,34.21445891266912,7.470499845073691
318.7503171144988,34.52383663038853,7.24064070912716
177.9097094536782,33.65199883861578,10.220204191699962
4.0848696609836785e-14,32.52314008105705,7.158989210980305
0.0,32.59064548914177,8.731248470474547
0.0,27.521598752549487,6.197690818495296
0.0,25.110755778768315,7.538065327853631
0.0,21.23975251885289,6.205123117090505
0.0,22.268248847859372,4.745597366067172
0.0,21.271671716325596,6.1843857056878715
0.0,18.75309576144417,6.629928219811644
0.0,19.954333748688043,4.339602945607383
0.0,18.55266974290874,5.7191256692622225
0.0,21.278890814222304,5.030689651643071
0.0,23.033459118887077,6.013802455595965
3.4125145209039404e-14,24.66236447378094,6.12156509302284
153.2444848140043,25.030245031782403,4.523198265917644
285.81641613317134,24.785172437085865,5.444028413853559
434.5147914995116,27.711834995856492,6.540823685120335
572.7959271297982,32.05542338808942,8.626646548363695
655.556771266367,37.419587601292804,6.988887604997478
725.3915999001458,33.111870427531315,7.996658710344235
670.6956650940508,35.504190707408796,6.464364536317848
591.7787363875246,33.75300362536116,8.622387212323599
450.8355225135852,32.64458126213432,8.367294675654449
325.9919504237953,32.44068024344075,8.635704378258703
165.18189190145713,28.35701903640701,9.309989443696729
4.5161193614570305e-14,33.57197886613547,6.80147715096882
0.0,24.47540059531091,6.796178496672746
0.0,26.337452279518704,10.009841555405027
0.0,22.43830058879969,5.769279561861056
0.0,21.09634830959556,6.815078850451594
0.0,23.961299810304926,6.467478368485759
0.0,20.149496144156732,6.049695464478644
0.0,17.01736646569351,4.683609542790029
0.0,17.496531129376436,4.502156069337287
0.0,17.41719634317274,5.5620448307850126
0.0,19.660270819936184,4.425763471988371
0.0,21.364494514452463,5.749391886325365
4.299346740859694e-14,26.466714940826577,5.553218957158906
174.46463394196624,20.772411501553876,5.614945698705881
305.95237007952693,26.605940764853553,5.773454926333981
383.9385441361622,28.11498237012058,8.400868483763508
614.7172402842388,32.56866244980302,7.03950814129936
566.5798784592207,33.042055880218626,7.531983964077895
729.2254908548432,34.78449304087486,9.480435965772589
612.2819673658197,35.09314437671217,8.325780655319972
580.2137789236738,32.81158314380238,9.974554133875007
521.9030615815532,36.82550299766803,7.137382927291642
367.9678079457603,35.2007784338763,9.154158166588823
161.1547089992421,34.16347922731133,7.544144392963735
3.5834181098494473e-14,33.20366573538379,8.60672263379518
0.0,29.581467956493544,8.499071058078929
0.0,29.637550202604444,6.480523695490883
0.0,25.360292177122574,6.416720564701409
0.0,22.23744821832024,6.854133526904295
0.0,21.005503323910347,4.862629005585902
0.0,19.50874581093789,6.302107302113116
0.0,17.718447322992,4.374271503422222
0.0,21.74841427422607,6.6761866763070135
0.0,19.34982069818042,4.626436131589626
0.0,19.745910298875934,5.391694056761542
0.0,21.604330837846117,4.3959609112472045
3.733844243460001e-14,28.444345610959925,5.049097019292979
177.93882051587616,22.150635839466148,5.677678286795924
272.79654814295714,24.79455955405308,6.234889714585311
526.2998862258981,25.794046903411804,5.005445039407641
504.97652432121606,30.019438100614657,8.340435241862632
734.48747631009,32.63252771363273,5.914562937180308
571.4618200962146,32.48219477107898,8.487562395805833
684.2156759321225,33.13258959149464,7.8830074730139685
505.15266383652886,34.7694463107419,8.16078969669025
389.4566514879266,33.20782753813879,7.455510437634272
365.96951754981535,34.033191462126815,8.371689467608599
188.484253477823,34.369959520463226,8.043647369660672
3.823356794780478e-14,31.838697517087244,6.896808689704387
0.0,30.317215632636202,6.782018463387537
0.0,28.65647340049907,5.903537643270694
0.0,24.97974053690287,5.512778575839789
0.0,22.16735452539943,4.836339915512402
0.0,19.28327618622686,5.237150945269906
0.0,18.581819308450555,6.085026209020008
0.0,17.51760119033117,4.94581898593351
0.0,19.75572351923933,4.858537406931919
0.0,19.25853736487335,4.2640010707912515
0.0,20.7576913611506,5.414145317520749
0.0,18.314850904304823,5.007000778858263
4.1404681729962154e-14,25.155877834479664,6.07526944864222
147.925271526302,23.367865762163817,6.58790716786663
307.9373889138188,24.092345581848182,6.498382981581223
524.3514233936099,27.484495697174047,6.148559355058775
505.14873347109597,35.25991085117252,7.085858984650339
655.5222247133845,31.17379938250675,6.839307406788209
694.8770957687798,32.57038915333116,9.126725429386395
607.4270589081198,33.6355761150507,8.722538357967874
640.4271240639493,33.99513809913459,8.109020538743678
490.79394130872186,32.45683334470755,10.180881652634307
315.53474747127103,33.507008262685275,8.23980811368302
169.85209030550934,34.10042293188655,7.57304113828582
4.1890868186490284e-14,30.92095749695492,6.705972056867364
0.0,26.1406006290177,7.533463453791305
0.0,25.603687056130088,8.206508236338767
0.0,23.11877170497408,7.851012828807738
0.0,22.398257802467107,6.549984151094785
0.0,23.29642795962976,5.675933455170757
0.0,18.87288040769699,6.02439468708544
0.0,18.19513288196094,6.132700272253613
0.0,21.654138867653124,5.042681269721687
0.0,20.123854603045043,5.143425694182065
0.0,20.318808563951826,5.72281411118112
0.0,24.358258211125438,6.629242189342229
4.365948139261932e-14,23.078471739602293,6.476727104016609
163.14762983686734,20.055242585239057,4.585982700325135
358.88059405671663,27.764180745774986,5.37565729301137
426.58713474724,24.985384676597132,7.803271130696898
632.5222615978358,31.002859967179162,8.102569264903478
656.1357943539509,28.328216331248168,7.188353781287365
580.3733938632164,32.093341639489935,7.969425827297883
627.0138199067947,33.09868678110708,9.408338648908845
556.1399576237795,32.55861101555076,9.598650030185564
391.4900164726166,33.128551845944415,9.007489058001948
327.6084496793558,35.092175901010876,7.453853456207637
153.55213662176155,30.32779765518754,8.623487713139415
3.272770644914955e-14,31.18913098903535,6.748609212165861
0.0,26.238102311619834,8.780832800790028
0.0,25.71985007723001,6.227026522881616
0.0,24.675975401849,7.118990163243421
0.0,20.105792396777147,6.588156529507877
0.0,17.818554114700508,6.734610709724596
0.0,19.959658087426025,5.789116263701854
0.0,20.42285920491249,4.255266253762796
0.0,17.745974977569016,5.822153695112959
0.0,17.262072593117807,4.948826536192474
0.0,19.287252561645023,4.852486401524136
0.0,20.35821060458214,8.136072740814926
4.0830475967407105e-14,22.38991009796626,5.887527832626885
187.57120607679045,18.777062455096164,6.536092016806705
303.1554449328295,23.765896434211832,6.399293687971413
515.8681570399041,26.284197166490216,7.4831714620614616
583.6990568822351,30.205840273566885,7.808774760138242
509.3418544369517,31.932715033280672,7.877917658304629
719.3042284168838,34.10466922418734,11.056428668914748
604.2196693273555,34.146675125277184,7.927167241260274
537.0864551533887,31.302634875769087,8.720995175170883
455.1903095550106,36.525520862026426,9.087213894000179
275.5734323839585,35.376144853664,7.881105366225654
161.020705573458,29.044564685982287,7.920993089282757
4.301505784181331e-14,30.569515605292125,9.84983703004799
0.0,26.783808606877894,6.171012906945084
0.0,26.181832994944855,6.725038125252688
0.0,25.940173215007334,6.6907765096289955
0.0,26.164313549185678,4.747015647738266
0.0,21.749806177336602,7.337787012712981
0.0,19.36987017244413,5.183490230003629
0.0,17.30115498557023,4.8755112938355865
0.0,18.07247367452172,6.254248919528107
0.0,20.70034110884345,4.724161399181128
0.0,18.69058318870469,5.704453590071004
0.0,18.27912438031169,6.40911082377932
3.916256822459561e-14,18.46882420146612,6.530083575546252
172.43411425685161,24.663747306499705,6.80097213285503
358.2662220556638,26.202780183754847,5.303827925235523
473.7044954612325,26.48693994679494,5.659687829994252
514.6363924620407,31.760232183913963,6.681584142325602
647.2271106602909,30.521504453216487,6.215421025596144
522.0848800090374,32.36711897912529,7.809548493689073
577.8352958289952,33.40228227621603,7.799059125934896
521.865039219872,33.0062984482232,8.336344782196653
388.8537516263891,33.90734067431106,7.774293169226841
259.15164207281555,34.93943745464088,8.162651672967328
140.42570366140004,29.080094385754904,7.658631648700724
4.024263066885531e-14,30.685244209447387,7.07544015078489
0.0,28.123073632532417,7.880198012540905
0.0,26.015731591588782,7.58675311012103
0.0,25.381340711427384,7.741654366267044
0.0,21.80679878293369,7.577195841974865
0.0,21.011808206818394,6.54087483831543
0.0,20.014730056466963,6.203571092548144
0.0,16.77506701652642,4.291304118258209
0.0,18.109570949227777,4.340372896347931
0.0,17.282222202866368,6.195150904754733
0.0,18.317637237884878,4.6883198483762865
0.0,19.210226985151134,5.133926469504868
3.1581170306921097e-14,22.453364835793952,4.839056058079856
136.74176134022196,23.60394108481652,5.289131233014381
259.5931019850574,26.300292096233527,7.163204716886078
411.1315671605807,27.546721662628848,6.209284308650664
536.4722701110171,26.30296200265953,7.039605555966323
603.2108103398173,31.230795109291975,6.668387947236788
566.8104547695802,32.56648316818932,8.296744092765891
683.0407660782927,33.72380251221965,8.689218307299573
509.85718113015184,32.323745640228694,7.896188304455125
366.5689357863223,30.847671204581705,9.085908118133505
286.95300653409754,33.68862054766424,7.6036362201273064
161.56000672143767,30.62084516402422,8.576394784157664
3.6582663993844336e-14,29.85369212297017,8.456315156916286
0.0,27.018836228643753,9.578954885910676
0.0,25.49908037605299,6.523842721224754
0.0,22.542080970908398,5.734611766897714
0.0,19.575036849292523,5.8239451338997945
0.0,20.801813099645113,5.081377836775391
0.0,17.178720270441875,4.9339656926071545
0.0,17.913660028646703,5.108485843300336
0.0,18.13408412097378,5.145352714637408
0.0,16.41213163565092,6.691924910546707
0.0,15.977189178148146,4.616392404917726
0.0,24.50848065538335,7.610412875062518
3.6799826174019956e-14,20.257619925278775,6.649514095865233
166.5145588841635,24.489445633551778,7.302846632490626
354.727226431289,29.192090776309875,8.000524926384527
477.5014516977703,28.96353153169758,7.498038521359183
443.7420678874546,28.712278059514524,8.01426561343506
555.8845874535413,30.835785151591782,7.399962416066798
605.3380109948811,30.576152467967436,7.883110246501159
552.174230943514,34.80396314139766,9.714741133427765
567.174180023405,34.445705093287,7.9597836692809505
482.3433309474205,32.01171865095869,7.04617688212352
330.8215143741136,30.157017293248245,8.979932407919685
185.66148877447944,28.327550451334623,8.276561247195684
3.444881298329015e-14,31.28619168477803,8.790304113652404
0.0,27.624462295900916,6.4427240275530835
0.0,25.74313274983513,7.491005235751322
0.0,21.596714064624745,6.199171794184538
0.0,18.386157470560814,7.800608663986709
0.0,21.58153657710051,5.064605674859135
0.0,18.27001640855655,6.818547892550747
0.0,19.201204274640293,4.467451687082497
0.0,16.34227531180647,4.027449713749338
0.0,16.913099268451337,4.692771608065335
0.0,19.612534687803354,4.981433854616643
0.0,20.921983474646268,5.843298961784221
3.095531682003102e-14,22.709272810209512,4.848474968278669
153.1633524521525,22.45318669781204,5.924136737264077
310.42041422924603,26.343236040139335,5.725258434348283
485.4428642214214,29.402892856611203,7.938210636588206
604.1031247051185,28.90459754147453,5.97470221381443
591.2767798467133,29.744019086781872,7.234069486095132
660.2558680449922,34.72784000174664,8.216112144339613
572.7869613534408,31.53265670804753,9.582449229534147
570.3682133191498,34.37309455906655,9.452350925128123
383.8451772527787,32.72470355411042,9.661227856914982
289.19915115604994,28.35921356214399,7.115938991232493
164.2677568207874,33.02818394928714,9.168247204205114
3.079502951652841e-14,23.598434305742863,8.678815319554465
0.0,23.216437792142546,8.958514082392112
0.0,26.168801723798943,6.767757325883587
0.0,24.097731601373663,8.273729608714508
0.0,19.838981849082533,6.204851947311706
0.0,19.75293149595171,6.4128671771774375
0.0,12.923133343319707,5.608414736193641
0.0,18.60074098377988,5.37814914584106
0.0,17.41364763925842,5.513141631827198
0.0,17.09550434817109,5.009760442974547
0.0,18.02767639915126,6.24330528774753
0.0,20.24385076804491,5.888289829120636
3.4290384802643004e-14,20.856393618155508,6.28623296441139
177.29461704648335,19.09553329886862,5.458300853354633
320.06987907078405,29.30686113419627,8.532614646371387
497.26007961950734,29.386350664828296,7.261010807044304
568.8422722664072,26.34430734124157,6.5087503382134875
670.2656745525669,29.880776453690427,8.289683418921861
540.1443455576634,31.370331515114657,7.117503254187962
635.3763431284447,34.7993024084817,6.994027301474927
431.82253671454714,28.59565879451169,8.363940698101333
450.03833870461534,31.643586746604193,8.47915844360635
296.88251962474067,28.32112700875173,7.547388313049018
146.95935821207868,30.00085988298693,7.791115509780598
4.145749587248941e-14,27.96919487898142,9.658243055860549
0.0,27.14413716073682,7.091604801399045
0.0,23.70444786713286,6.393839257466489
0.0,21.341597521550014,9.610904014364944
0.0,22.153510048677525,5.994924934261452
0.0,20.16668789754401,6.568825380839469
0.0,18.887981681380435,5.175080213219758
0.0,16.63218143480523,5.697752237468752
0.0,15.569911061649082,5.157869459707034
0.0,16.748276651745375,7.319931359541126
0.0,18.787509135960853,5.266474343595196
0.0,14.702974574663385,5.783753130731831
3.3224162531395693e-14,21.501612086841178,7.552277769742467
144.37393067277577,23.26111223994889,8.716716189067931
332.42762496479185,24.837690038270914,5.475918216248731
459.2920838153358,26.485313743176278,7.890871493812563
483.8743041966292,23.581149454234634,6.98527200152623
581.2182442388761,29.490535949391028,7.860298622194917
502.6108359062436,35.220468878529715,7.6412123670636385
515.29593455184,32.46659742754862,7.940386151034185
512.3577073958458,32.09880854875002,7.490044026172504
359.004468858611,32.47460722759224,8.553673020196506
333.3230711570714,32.35113719363099,8.437221797858506
165.73362364266472,31.68788296497077,7.424695576487634
4.2109179833412184e-14,28.255627899783576,8.03665314919812
0.0,27.633779791706996,9.762302054428877
0.0,28.06668983162218,7.836454534123164
0.0,24.655337464144726,6.828955331741249
0.0,25.39398865781342,7.969369225606565
0.0,17.74299325990365,6.310147955105969
0.0,20.9359515362851,4.936923694810918
0.0,15.203021861398845,5.717753485425709
0.0,17.21890804503751,4.680522632940963
0.0,18.249322199720233,6.151480132501077
0.0,16.562018137472126,7.4836819120974045
0.0,19.030850057012753,5.274763980207581
3.824269929063207e-14,22.332697956460265,5.686138252012528
178.80138983010323,21.0206815941126,5.965402078537142
251.9286116440954,27.850542670651876,6.006689056937734
441.02746911969416,23.81313486292205,7.750353264744335
471.0482660866047,32.39115863701335,7.58527007460234
597.002671996304,32.17128227064814,6.500360514844948
611.314018473675,31.260527829176535,8.998414673208856
499.2966049621509,31.433845939395663,7.4450679574199246
457.25000281069583,31.497719225974535,10.619377356227453
434.3229017213249,31.967591081355096,8.110810557098675
255.83308209945997,31.34298725873444,8.642521919326521
139.79673233376886,32.67908249431812,7.104107212902965
4.0329336129775984e-14,32.44908395232575,7.5966165560799865
0.0,26.981087953684764,8.532381099926855
0.0,22.82051877557777,7.2347017762968715
0.0,21.34977130946403,8.3015480382305
0.0,20.145594182334015,6.6979612234278525
0.0,16.79467729147065,7.734834922640809
0.0,15.023332949159691,8.22784083558124
0.0,20.77626679808347,5.5191809894223525
0.0,16.914646035542468,5.638892285069616
0.0,14.91574610597672,6.4469291399875885
0.0,19.014422894089872,4.814625456670085
0.0,16.29587248454389,6.776319528315694
2.9727510874133245e-14,18.117394887907857,6.095451419732802
144.78068565665293,20.632781820701304,6.786688425658732
254.76053292555096,27.618445545380027,5.451396390979618
443.0956180376325,25.874211212913377,7.673662420754009
533.8968166603947,23.426005009844985,6.871057509039834
472.7551758445874,32.38640509949352,8.570740533594957
652.6147592985849,30.624859485600755,8.01047102523492
513.4764322456766,28.338009582205693,7.694923984961048
493.0845513326234,31.676052007723143,10.205831481673059
436.91530700161337,33.07883338717231,9.169676364376484
284.39341756897994,32.045720546991404,10.832964310416845
147.8453044144537,33.563103191471974,7.908240244849054
3.0242084201360743e-14,26.6038832585101,8.370359121504041
0.0,26.47341158500007,7.957589472273954
0.0,22.910280426493117,7.808043518653186
0.0,19.15448083445535,5.657979609743629
0.0,22.08047372826187,6.049017623976126
0.0,19.57910387245262,7.611439065243021
0.0,17.745531554179333,5.714266762265301
0.0,17.232551661261883,7.588125770995063
0.0,14.735432179680299,4.8211350105613
0.0,14.367581100108207,8.673127431390943
0.0,17.25346939912035,6.028181331256613
0.0,20.771946440387985,6.438597396242673
3.0513249981218165e-14,23.322532155964236,5.651349878094183
156.26618552728712,23.62669093785184,7.622252612009312
256.9241621981312,24.16472673859333,6.677582424991106
409.98356002953756,26.71649810467718,7.427523030146627
505.4604631397338,28.12956560370788,6.3093327235933145
632.1305888752063,27.711345455150663,8.038692559912255
570.073787000076,31.083875871753737,9.257517411133504
514.5962279392257,29.1641308601927,7.475175374105281
452.8142576904654,31.858223432851062,9.052531358911452
462.4703424597706,35.10599471656232,7.110692644635384
255.31992232141184,32.68029956089935,9.967669551623759
145.61308159857754,27.91699376607646,10.623614680142268
3.1469464422043184e-14,27.961519745772573,7.67302231235088
0.0,24.50817762236783,6.712944767582444
0.0,23.98135034870272,7.751404879720229
0.0,24.1180411572861,5.637960370758697
0.0,21.41239376167695,6.524889707528648
0.0,23.417811797055432,5.666210986499516
0.0,19.359464195977253,5.858314117540263
0.0,16.583306773080455,4.290060615666034
0.0,17.257012569504205,4.328987201391988
0.0,15.770419662558401,4.071286629779293
0.0,14.719500896789116,5.833584125925232
0.0,20.85741152832028,5.830831623103885
2.9159440444846583e-14,21.920695575100915,5.287301279605212
141.64739260552625,21.350051831229525,6.607356289492563
326.0407068627935,24.450584095100297,7.86588156926285
372.39481593643404,28.4551433568274,6.4572870283749015
455.8166233791374,29.59541547364966,8.376851081977062
514.1595058205116,26.633364368230602,8.151911651026797
594.8351949711173,31.31815589449278,6.749112135162776
540.63067940908,31.294856180573436,7.988001258660024
535.1527121330863,34.12871401951498,8.450151133525992
460.9643603828795,33.69220470911549,9.111509806097192
303.6661344804227,33.46813150786922,7.9299069731560605
132.63850872404748,27.323778193289584,10.645803221800197
4.038453252466178e-14,26.33448955312514,8.526366846443784
0.0,28.201429854328662,7.433510223908219
0.0,22.719420990552727,6.344643717855903
0.0,18.78929429858884,6.212173330708586
0.0,20.967905596465748,6.564687142628619
0.0,17.151421491213295,6.219861779876453
0.0,20.349861852945807,6.701205577292315
0.0,16.5634460402689,6.322579003304897
0.0,16.019002115887847,4.844654847927717
0.0,15.232589149060457,5.74674378545885
0.0,19.95195098018295,4.185231330151382
0.0,18.758738212891778,5.472432725610727
3.178701599651552e-14,18.881484506292107,6.6883950937603025
133.4695792156281,20.039763768573458,6.023712181416363
329.8856752302322,23.55153743347608,7.6445139512628
331.12103349370443,23.81374222911507,9.211263579401546
556.4720277219228,29.756238425962405,7.667022470322574
489.3102043989854,25.73865368404843,6.8870191360388295
656.0702098633618,30.347658716213886,7.7881265817998
516.8520683777465,32.64615724309293,6.839684054916812
480.3773108270152,32.38272238282383,8.715897417564278
429.9501770493964,29.991324206885725,9.471098019732546
292.0765002680773,31.947204186293128,8.788387087007855
137.22881866194743,27.583259015325083,9.128147514807377
3.535469114836186e-14,27.653714229610898,8.942970838035347
0.0,27.072719047385394,8.855049627074116
0.0,24.624309101590743,6.847469370986079
0.0,20.277853158945415,8.208999569159795
0.0,22.093472575733248,7.01785625858051
0.0,18.215018436083206,5.765209643650979
0.0,18.051538758244263,8.491907714815426
0.0,18.82454656967542,7.538408021973122
0.0,17.728792264190684,5.773432694834138
0.0,18.006603368991012,6.596078103359957
0.0,16.950907796064904,5.025948702866204
0.0,19.42476715897011,5.541517832872525
2.8575592876496594e-14,19.920944315770107,5.2148284166196515
122.22080804896157,19.004549870264476,6.337388181176516
325.54112710299535,24.099238751651555,6.640984222162907
346.6784765258676,26.077025494938567,6.3520435512483955
521.7000937150558,28.661209889685107,7.875870212624564
459.3469680917391,28.894611465707058,6.831725361848038
483.51903803592677,28.89904328338928,6.939042547593142
543.6981446668347,32.53416994330447,8.066979821876508
479.9190827560175,28.867206592136974,8.274945097167931
460.00963932493966,34.138796048666954,8.115118855068996
324.608051920526,29.959118274506995,7.9149867075628775
159.56044154899,29.641661760246187,7.95906964329728
3.5596829760610835e-14,28.610867473204614,7.279059909672291
0.0,26.745679617150017,7.561191309956758
0.0,20.675782566738,8.8276812272941
0.0,23.07137196690983,6.381970369587631
0.0,20.100058823394022,7.133437982367536
0.0,16.566374148031873,5.405747290712451
0.0,14.861039027802619,5.663487850947707
0.0,14.89306338554372,5.348091776681056
0.0,12.691092786748973,7.279135637682751
0.0,19.005704331631463,5.39708485798904
0.0,19.332675579981135,6.119238961706
0.0,18.535122312429454,6.0241786686033425
3.80699633263329e-14,18.841779327285774,5.1214522691349345
119.83753065390965,20.823807823275,8.002407067001265
310.57718579697644,24.80470757231789,6.317079127344288
343.0241815879409,28.874782319794022,5.8302904375213505
546.8644758726285,26.14778268077647,6.98604925807164
580.246916608081,26.710258324215687,7.431253744155322
489.89172154862246,33.31206093743601,7.086936057212513
549.1888409710897,27.4417055951136,8.668608726658242
449.3924934351967,29.271514543464665,8.15629610806245
348.28655814081276,30.522266985260796,8.894213782219659
313.0473737129616,27.095912454635403,7.015682411786115
138.9169486517071,31.16972853507553,10.711377613121158
3.2805680189276537e-14,29.002386700980157,7.327732927942096
0.0,24.20954206635949,8.227735880144325
0.0,25.84780439832545,8.03377410021929
0.0,24.116608655957442,6.270114126939037
0.0,19.06223486338983,5.70244467153012
0.0,16.730385555341563,5.466084384433285
0.0,20.674020145581938,5.435392758623431
0.0,16.79793635422826,4.99059167268215
0.0,15.5956686263102,6.09977601440133
0.0,18.082704603339174,5.409314106106735
0.0,16.758677360103025,5.739340128433549
0.0,16.414923899041735,4.572643099992379
3.1002679805657064e-14,19.2433388413476,7.181341269593018
147.31590559815535,23.089775534191798,5.546167442529898
304.17115287788766,19.098648187674065,6.379477061390325
338.72587528703673,24.577510202314215,5.977579183639816
411.010332417896,29.849134117535705,6.586558184600177
610.653396678749,27.71613676767784,8.275068530675679
598.9979984245024,33.10343967151082,8.664068977879726
548.318054002941,33.63991356940466,8.85631848540907
521.7811814970479,30.95196108939459,8.672647372606404
379.2987062900221,29.673347320907038,10.422662482926183
300.2085358719318,29.436504802348736,8.562529454949146
135.9654485556027,34.069102553867744,8.275308890814895
3.0648593952552877e-14,30.83186821423898,7.558526205807452
0.0,25.404353624806134,6.8264929206734015
0.0,21.866712217131674,7.602083712865951
0.0,21.246549030714853,6.661175437248051
0.0,19.57067317360602,6.766268321079043
0.0,14.939447595661406,5.64213323495247
0.0,16.109020866931942,7.098907883237089
0.0,17.79454359808785,9.854441839244025
0.0,11.278428196343988,5.259346868199036
0.0,16.802902878738884,6.6787734832575705
0.0,18.698534268610985,6.884572669020691
0.0,16.099172619095818,8.868949337787653
3.623814335373795e-14,22.265493075159046,5.695453020718153
139.3697712035761,19.42591507306008,7.0860179761452535
246.24646347467805,23.759306882497743,6.091733091915314
344.37657122717695,24.334148550269838,7.440699643974397
459.4232247065772,26.263148844451727,8.05803621757454
573.726860782247,27.299397668753222,8.535501253284478
565.0401499169619,31.202495750776485,7.4848098057068935
561.3071154001602,32.30215908455238,9.508120784438251
435.59165516680457,30.748297159622556,8.387784289041697
382.7325447531412,27.88461174174493,7.948070360580274
228.61249668215788,30.611685122321223,8.678068804996414
156.817241772518,29.3780245270907,9.581170258860507
3.9129864867962385e-14,26.44371153600408,10.216529204014185
0.0,28.68215649395872,8.559257760876914
0.0,19.749283028975626,5.998924220797009
0.0,16.372021777449632,6.221248572320684
0.0,17.415471759381592,5.635630143540492
0.0,18.641136377467454,5.363842396943896
0.0,13.631111376064048,5.8192996008015685
0.0,12.981655433842544,5.476707221504595
0.0,16.57304655356355,4.735977867078503
0.0,15.868693116490196,6.9151879065366595
0.0,16.49692247018853,5.9963087379827495
0.0,18.577007470645917,6.714457301173047
2.892149700955068e-14,17.820617974661474,5.792499280751256
137.29140190138213,19.842483372270692,6.193395267760997
306.0338750766571,24.29056242633009,6.338247908394768
370.8630778869491,22.05178268046501,7.009305080424966
523.2014571255862,22.38556418841015,7.820033882341177
537.7020328803151,27.461289783443913,7.888365163051651
480.81657606252423,31.460953689614136,9.248623728895483
536.0197070839064,30.909529889493392,9.824887890422502
468.19458426603046,32.38558688945327,8.531803027356235
367.8269900574769,26.365821870673457,8.037179214911147
233.53020556282237,30.230200728129734,10.347148998092663
135.52439579711472,29.635587139984377,9.094042273981145
2.8052765266862842e-14,23.969409035985873,8.572622655159446
0.0,26.465671423120497,8.579407312658534
0.0,22.447966088195656,6.440528803957207
0.0,26.74312492359908,6.019309819445723
0.0,14.316531743413769,5.917194750175676
0.0,19.752378367064363,5.5388883944430045
0.0,14.748147947378435,5.9369615339011315
0.0,11.502957331513459,5.048594779642212
0.0,13.410757083576108,6.847926598292419
0.0,15.292219243068478,5.877876665401353
0.0,17.61139747956067,5.426458463157424
0.0,20.251741697478064,4.758175079185651
3.6533801174140925e-14,21.30845354811478,6.350428270842133
131.66989415353316,18.463350968476938,5.473934531556774
229.40170019660908,24.724996755238326,7.463697433033735
400.8780064193148,25.317789645768006,8.068137611198996
382.2404097355383,25.155461328848116,7.680413210312088
511.47574211070355,27.697700433243508,7.075055861849325
476.2597722243151,27.973185282092153,9.067222095169418
539.1713182470345,30.26625866489155,8.03210977646657
540.8875909279657,29.005351606117852,7.972561694055499
372.9744427854799,28.13608583458376,8.614845912388256
297.01781478645023,30.351108856547146,10.168435201303213
138.63495063402004,29.378982716717747,8.007138215053756
3.26608678186406e-14,26.089473370522867,9.653052342380652
0.0,27.2705223393982,6.739607636329788
0.0,21.943806197715865,6.49882875573019
0.0,19.78856591963485,7.710091235977888
0.0,19.78564533539749,6.051394435093703
0.0,16.54296195132704,6.003968930880008
0.0,15.499585397011442,5.255242605285175
0.0,9.48990961768399,5.522026051719528
0.0,14.291607938710616,5.248629094555891
0.0,10.8763946839796,6.359284665057586
0.0,12.888088796961414,6.301881994815274
0.0,13.930693842231276,7.772125381874598
2.6873593067319433e-14,16.173026862167013,6.760017721380464
154.37143225270813,19.089933089149994,6.9789472308782345
234.05375798742259,21.285207938143696,7.338873379375309
390.0851351231039,25.65729593856908,8.479468591030454
381.25516427311305,26.70296879750406,7.12376009549646
492.76882699753935,24.112898561091075,7.494763561675383
619.6278735098931,29.35298567460379,8.936056355437866
438.8887316377782,30.622110272714067,7.868321001548759
445.7145819102964,29.601060136728748,10.117092308843096
348.54085907416714,29.863827825733807,8.799667603109087
302.2655451942219,29.56701665030429,8.193730799839056
154.73699609232176,29.444246613998207,9.295811617491488
2.938824330348107e-14,23.108433194309196,7.834575957684089
0.0,23.840111452775535,9.935692928425016
0.0,25.274865365350124,9.975110992563241
0.0,23.02096342501041,7.646762912702776
0.0,19.960067024786227,5.856492054154861
0.0,17.674988287653637,5.905449936287864
0.0,18.432708726083597,6.222186275752148
0.0,18.159931852455717,7.043246955886562
0.0,13.793482483461226,5.035919872593267
0.0,12.385370962665744,4.744658776023517
0.0,14.58285459403043,4.688051453513931
0.0,22.588179237606656,5.963376685443146
3.7709372733187593e-14,14.912929774104546,7.459415987778289
132.33966110385484,19.04001181967593,5.24662375988896
280.602716287534,19.22626015456967,6.1693736285951735
328.83069077418736,24.371722546129867,7.754696490384272
471.11620403725624,23.646260401765197,8.612938145064666
546.2141718596923,27.490994663380075,8.89735148822964
489.4002009253023,25.079655369792924,9.121060694611666
564.5658753537531,31.014290400036778,7.62531247363064
470.0835721290059,32.49633297249088,8.45242313431268
355.81418407085386,29.011161825740558,11.170926120398082
267.1725157703078,28.709585675679037,11.271918337856192
139.21326057623494,27.381682247584685,8.800382559918262
2.8281446005457648e-14,26.41346381000498,8.864121288985924
0.0,24.04585564644224,9.807167132739806
0.0,23.587876364416317,7.5149918531656335
0.0,22.447168365636657,6.34783191210938
0.0,16.423500014570568,7.295144474011536
0.0,15.776131224513957,8.420206775597757
0.0,16.720112114673874,6.736632769419559
0.0,11.274331740669286,6.862643121506816
0.0,9.903633883408755,5.644890244652545
0.0,14.570301742584308,4.748231519769787
0.0,15.90956603896537,5.022549302741769
0.0,14.743621821700332,8.339334125565296
2.6744771378577924e-14,16.68777433885899,6.199350145444957
129.3991124397142,18.254139442797932,5.081183833040532
238.27978121371603,20.111225968411027,8.749649773991454
431.26293720738926,25.30262044912926,7.2710229459885
418.67520810776836,23.484079473104618,8.68984524636731
568.8160995317203,26.97088497372558,8.144596891754146
550.768443739895,26.962607342345702,7.326896129933372
472.7273877292786,26.66190510561001,8.865779102312997
455.94824358902844,31.585432796593437,11.939620108949391
410.71356999239026,28.532832613065363,7.487304738435953
294.3376424635329,29.15015983821692,9.7759074447204
118.11639886199377,24.485778936990254,7.946637159132748
2.995226313427577e-14,24.361197539586943,8.087042766592974
0.0,25.427804569310073,7.7270335940116075
0.0,27.019619358790514,9.026436894356895
0.0,15.822091957499106,7.287143464669653
0.0,17.442860856521047,6.762771541557336
0.0,17.012783393894516,7.471903761128467
0.0,13.478152805083024,5.029411155027121
0.0,15.610193705512804,4.94458996665477
0.0,11.905091000516476,4.48948624272513
0.0,14.218845051957839,6.300638972299322
0.0,13.666209302564871,5.920450365472946
0.0,18.420564258254267,7.232919988792641
3.34981587295196e-14,16.28582733576589,6.243142282202214
110.2650642550478,18.864256388443906,5.893808596339461
230.9863150142599,23.529934416831413,7.811730128132714
307.86121646366377,21.65303138447154,6.823061353280216
455.65404626004346,25.776056455364248,9.343471556421006
540.7862531158912,23.650341903956278,7.465989686955078
442.82854170745384,26.39089265485446,7.559817695939555
555.1136146159015,30.130225503931253,8.5903552166588
453.3195161446754,27.657161322764637,7.546453832595974
387.36156935658954,28.276817088502064,7.527397535157776
299.40332338654423,29.55293237620849,8.74665053916224
113.35101223369395,26.13703830903562,7.9255463091619305
3.5887702917281764e-14,27.284240488269816,6.89674892365071
0.0,24.140434277629396,7.577218683148513
0.0,22.509922565686107,7.64150205781684
0.0,22.049935178494,7.058340146257796
0.0,18.278202467065235,6.017056766567173
0.0,19.05939667328341,6.754179225646512
0.0,16.326464675930954,6.839011047543341
0.0,12.657831870149359,6.496281616521474
0.0,16.01843949017336,5.639449802144825
0.0,14.232468771624163,4.942940324156365
0.0,13.7145806925343,5.888430547610173
0.0,16.3320604812802,7.348430691607362
3.058278935843471e-14,19.656796988911346,6.20334408857933
128.02755858436575,20.271681167795094,5.856736702057166
254.98292141877675,25.076929005233612,5.910263332177775
415.8900792896209,25.675756816748628,9.068200161122071
447.7015523317667,26.47846340693514,8.3929506619718
569.5247517629442,25.03686142414088,7.648796469283672
450.95579668434146,28.000881542386086,7.917416047669861
529.8337717618067,29.302878229945065,9.976396949311102
488.72452648535693,30.82540634256631,8.006616003068684
382.15571202409626,30.43421603298775,8.9236405668807
263.747799080741,28.6994273908429,9.358427823252487
134.57062205730918,27.32969742037754,8.393505264376003
3.509016335871373e-14,26.87305713028296,7.137688254144601
0.0,21.78552324969101,7.440218787864198
0.0,24.82317497863053,9.10852673629461
0.0,15.26725720898371,7.394475294961484
0.0,20.34296230447488,7.885050687772718
0.0,15.684918033788113,6.724800861300957
0.0,16.30285500487588,8.035609845521812
0.0,14.226172864880885,7.503210743461057
0.0,13.917967428429808,5.880212659097107
0.0,14.6070009483487,5.44286024861715
0.0,15.91580395450825,6.174849675189195
0.0,14.911382703941344,6.525861701079322
2.6469231324013146e-14,19.295496867660678,6.305413752214257
141.95502356501288,16.986404998630473,7.58365104567905
231.75558200683307,21.215237459955954,6.216726630492539
348.7993973131821,24.968390815972924,6.980977322872868
372.33166098038237,27.215933765839985,8.246801781428184
449.53340621643315,27.804330552623387,7.51937725158619
553.2884247952869,27.367316960972243,8.288126732193378
426.35811998795674,30.746720773658158,10.646403363281754
458.4973751941544,27.887166128370698,9.136899591335283
408.30804018580193,32.45612336441857,10.655741822533935
267.6158205195585,27.984760041884385,9.418067414011634
144.55926694401646,23.803501467688662,9.275316092408037
2.6564330767754432e-14,22.836531670575102,8.658865964366202
0.0,23.383738241187544,7.238226126872545
0.0,21.50554914926031,7.805888249795995
0.0,23.09465961569023,6.784253688331226
0.0,15.148899931379752,10.464306127103455
0.0,15.647968755723687,6.06946837188514
0.0,11.972837211595307,5.700179854309308
0.0,12.307166939295577,6.415314907975433
0.0,16.387827316173606,5.979226974374724
0.0,11.019804199410403,4.530452700412837
0.0,15.265764873895087,5.0326506285680646
0.0,16.148843724571332,7.0192383456561975
2.8748452772239365e-14,16.971540403318514,6.302063113259746
119.61053170655472,19.98820414159824,5.781207996059407
281.9394965447399,18.699842492148353,6.930722949028868
389.29489550405583,26.40308063246221,6.817157888357848
433.8336149687422,28.86957424628197,7.130984173250804
418.60201411947276,26.770946901045935,10.043904749446876
448.2014417425345,32.794298747537546,8.13811048948076
507.87411487157794,27.949234003247636,7.471749570359012
414.04234978280056,29.82074724374749,10.936513740794062
394.20542002297884,31.6110679938965,9.75373343127433
288.7246496452067,27.030077565864623,8.26917789102751
142.88553503421858,23.913639387768434,8.485840698696384
2.9194146583894405e-14,21.79644912479722,9.613379858167665
0.0,27.212088744660413,7.8166649737889475
0.0,19.961833954757374,7.955643516912415
0.0,18.577857368377767,7.486375957757842
0.0,14.79435509939282,6.780853163329535
0.0,17.259707565200927,7.006788481045055
0.0,12.322835386480865,6.309277391795649
0.0,12.104225669570354,4.762495344815
0.0,13.413199174037866,6.915101011784838
0.0,10.958659870401853,4.961623321656798
0.0,13.528790565901582,5.899272384111801
0.0,17.961723264719705,6.332057460062942
2.8306912573791818e-14,17.670667130239273,6.919226356213164
106.85398142249205,19.004690559242096,6.473180284895796
283.074522987898,21.243887754133276,7.6869233248221125
304.5092602946541,22.106440504072584,6.519061699600689
435.0999780008808,28.806462974715394,8.215633029342118
438.57616298212974,24.846698323629788,9.164797375007904
417.6765709554146,28.164213889408916,9.797199527289727
400.8760401587984,28.771616078203703,8.92927933463424
369.31383295870853,30.831683349471813,8.442626859618986
296.1021957304751,30.74791282310537,8.113202190972974
269.3833417383658,27.67832395650691,8.519708589049477
127.04906939015846,27.05234557092402,8.829947257493407
2.853640157678789e-14,25.47122784303344,7.764237735275545
0.0,18.340427384884496,10.009881016983705
0.0,17.636179130249992,9.172967864723033
0.0,17.533478592941435,6.134683447383947
0.0,15.69096098245181,7.197411032534564
0.0,12.7587392417849,7.514440910572669
0.0,15.179746717325745,5.801283471050125
0.0,12.885615036576397,6.224594085394457
0.0,12.179395710080323,5.7952321511904135
0.0,10.369067645526677,5.236302596611594
0.0,13.591491846088909,6.305100822361069
0.0,9.698561043364393,9.003206461515848
3.504675186009996e-14,16.282872183242315,6.088499975681516
140.7710325410674,18.664599781649343,6.843812342528371
238.65895753892286,21.092614773496994,6.673080685330579
373.1536534106848,19.5511336387156,8.695633939241235
388.6688584024738,25.058418278236946,9.017036811385871
405.2920293204241,24.18277651461729,7.4383000152700935
463.08462886004315,25.912048370544838,9.895882663450108
455.72297252646473,29.77205418681187,7.9104107245079485
350.886785265928,32.63701225157349,7.883018162914479
383.82165702203616,28.438908932771902,9.358122975501628
232.12530540559882,25.902797117849044,8.646167040280597
130.0292926392206,26.642979949366374,8.839397825056103
2.541574846057725e-14,26.48684311985229,8.917764370160064
0.0,23.92133229741963,7.01668504260081
0.0,26.095010549781488,7.366487697012671
0.0,17.107557305844498,7.3727940240902505
0.0,17.11324776469259,6.526113548179418
0.0,18.049766462198022,5.4988618779479825
0.0,16.447938765351203,5.374615571234254
0.0,8.776261058228343,7.0782064590784595
0.0,12.397108281509688,7.497675903138726
0.0,15.645458442974505,5.145834985581587
0.0,19.256906272112417,5.455058382560156
0.0,16.154561039598907,6.589524019199105
3.256470022337622e-14,15.668096934196683,8.285258419296198
118.80408119734547,16.314864855894704,6.2765262846592496
248.2003307442254,24.84131023665135,8.22511868531492
382.24919704883007,23.931859055341334,7.512669123014841
446.72759376417406,22.707689667818816,9.763235828775418
388.27469156650534,25.65436503841447,7.348521605831998
455.8424247129259,27.95239978552257,10.707978710401061
408.60976958623104,29.21884343967843,8.657312105224715
379.4339009216651,26.60458620649807,10.778405210284545
390.99331145416596,26.90284929565121,8.899923702493313
202.328477168338,24.02615762711924,9.019993014232144
112.81503542348779,28.140202350291595,9.688349823255903
2.762861820403059e-14,23.72058658804902,9.158582449581175
0.0,23.407019180776402,8.549318455098932
0.0,23.248340538742305,7.690350339271064
0.0,18.773011445517376,8.340911687101798
0.0,16.177882569691516,8.886294177380844
0.0,15.13481222586514,5.281650869876179
0.0,13.39751919728911,6.687886905395898
0.0,14.964258605307512,7.401908693496884
0.0,12.821012014941747,6.474644975907081
0.0,11.383126570393797,6.906162892828142
0.0,15.366830103368157,7.419645292045277
0.0,17.00344968308849,6.924634175186615
2.7556857752570883e-14,13.522673966223241,7.052061941216287
130.6824468736534,21.194350628580214,8.773580352904126
220.85591989240964,20.92875876628114,8.300709159554636
347.14010259122966,22.83642748097753,8.465189757660903
454.64438481266745,26.212584483057196,6.855065146397857
532.5394413158307,24.72223668734799,7.6609139169190446
438.58998057686455,29.035867478521524,8.730311879617433
435.6846140697011,27.173190890701,9.388488818926387
409.56973730647485,25.249433860443492,8.516634653765092
389.7462469995116,25.931229271962845,7.9916354762018855
273.4125028160435,28.26158211594613,8.535420534311422
106.02278769831267,23.96525278936723,9.592955929736398
2.551853795530073e-14,27.419487466243467,9.82375004585851
0.0,24.64845448756362,9.74019117477427
0.0,22.866213551930098,7.634004724422026
0.0,18.378340018398827,7.231008332043885
0.0,16.715058454454088,6.922473901841375
0.0,12.155057261883233,6.488642724486806
0.0,15.05874428401404,6.9326494768273035
0.0,13.027640793736193,5.9314943785539
0.0,13.129991744559089,4.736203050242036
0.0,15.644597506567788,5.918989499160554
0.0,11.855251295804038,5.457040480804062
0.0,14.086243144727552,4.941259163009583
3.0984344318809374e-14,16.648722337058906,6.43328162820276
118.80363018869723,16.05395732223699,6.108807341397774
212.54589035204185,19.62018285142089,7.062980278190099
323.8567063645072,23.051832475728673,7.039209053215247
349.2676482288044,23.344537951228908,8.210757512335222
489.71548637697117,28.27021356292517,10.982872578255765
432.89172270369113,23.90173460061609,8.73932980026305
427.62648132680164,29.968329584753796,9.237979204334037
355.80869800434556,29.31775144360658,10.520081517594859
378.5301121912985,26.58512992917393,8.76716362139161
236.5917763902785,25.074766587790084,8.200899419301603
125.87867126902772,21.491669508982046,8.350475675710706
2.975300831693825e-14,22.4050304691469,8.394979806175517
0.0,24.160286164800727,8.683734843742606
0.0,19.88320904141722,6.4222147130715355
0.0,20.250789893938087,8.669593322804623
0.0,14.755638352725466,6.072785937995997
0.0,15.752738564695315,8.187543260030635
0.0,11.428819345663486,8.32575454676438
0.0,10.133463157375616,8.928987773368181
0.0,11.577765345766487,7.0577814371150165
0.0,10.7346801471553,5.213541963136762
0.0,9.778172251757905,6.695755800079649
0.0,13.770536129181473,5.585771299005405
3.0010686648741266e-14,16.00489061297042,7.886756850965323
127.7496509678493,20.258184642279808,6.4152728898857605
252.56662353676774,21.66563113437396,6.801157728881147
307.7861350270322,24.30245853939367,9.091545441268705
381.22593608287593,25.232734776894855,6.550329440355803
443.7214663255427,26.114099547500167,7.610000187068694
437.7367621296506,24.262333197439567,8.47256900390978
531.2927688521938,27.819170786290933,9.427027199934216
451.81306699847465,28.98560733476947,9.422612412460772
292.78822211878594,30.43430228916126,9.53545083373487
193.8496455929036,28.09280009384698,10.292521389827215
101.93943639199537,27.929640898811062,7.948664998062005
2.6160159481355707e-14,21.728023997377363,8.71064232997787
0.0,21.209736888631816,8.955240941714601
0.0,20.65072120743038,8.330407362959866
0.0,20.043372800772797,7.473716651675287
0.0,15.501562488430002,5.805828499174734
0.0,13.970273612317152,5.680707908959365
0.0,14.035390720162827,5.615416372896805
0.0,9.610165073829585,5.962126214821971
0.0,14.804122438079238,5.223071201128397
0.0,10.103634541904464,5.954699267015126
0.0,8.823931261038263,5.402717003765964
0.0,13.95259310598516,7.123255077207631
3.043091592752333e-14,18.986230743183512,7.768483468034843
103.88033830252284,18.691667238279432,6.619673681596176
237.90093283464148,21.091494424439645,7.2685629547801
299.69533420205806,21.742637223866772,9.467639659739309
393.06843316094273,23.284558343890026,8.103954195614218
470.4917560919101,22.156348848738528,11.324390393829917
425.1946673991033,21.998744052899518,7.808112309400898
378.2344303701613,27.709264625626652,10.079181979241138
333.15209870788726,30.214411727112832,9.071655467003264
273.40176160413625,28.004987358401056,7.76752844967529
192.19081708152524,27.764715622811917,11.199310752441093
103.81893479840262,28.41360267920384,10.926073399631711
2.5859797362608843e-14,24.246847041314496,8.415463601461001
0.0,21.414555498637306,10.225614567597384
0.0,17.952263727132248,7.132337302897652
0.0,21.563186103556387,8.099579607567119
0.0,16.64240889673974,6.499409493808232
0.0,12.045255657101338,6.278742909852027
0.0,10.116782669363634,7.395512615871368
0.0,14.166042078786898,6.075220717076395
0.0,9.312437842424966,4.717882246553218
0.0,15.367582939933515,5.960278327818719
0.0,6.946192410784685,5.5662978904201665
0.0,16.575657381329194,6.843244708672455
2.986018555469893e-14,16.36111085756555,5.866966984668917
134.80846880598122,17.5539577205352,7.965535356625445
260.37266419796947,19.03640436515809,6.724266145118433
334.75384566660074,25.239333293249842,7.410804988221285
389.000613008299,24.801438952044023,7.5755952778171665
467.1169556611896,23.237768266943096,8.779967535564422
512.3096200678928,22.877704553459367,7.711439061892025
367.2655969768345,27.46932227184878,8.909454404460265
468.13852139219927,27.38517896816679,8.722672782069
289.23030186549244,24.074991770803145,10.43384543195338
227.87268468843362,26.204737414552458,7.998763471827531
134.8597690395458,23.896306218585597,9.957608720078287
2.5465593115205303e-14,23.40590137185501,7.915108776614556
0.0,22.909720819358586,7.356713916317908
0.0,22.37254113016969,7.336745589974746
0.0,19.134546947160025,6.655837546388703
0.0,13.94443973558121,7.325224829219835
0.0,14.468297243407628,9.462319741656543
0.0,12.384114337863618,5.344150445638787
0.0,8.794438805580732,6.304592050810783
0.0,11.982568894539625,5.979089325424345
0.0,15.172041390677963,5.819301785157019
0.0,12.322753303253577,5.85218824425347
0.0,10.3408837162119,7.734588931915903
2.3299408896473825e-14,15.24664066737232,5.247185573607694
101.6137678149855,14.688126566388414,7.723379466034446
265.5414197885896,20.913314338927655,6.722789847859591
372.72933571965746,22.306385669425506,7.421506800323016
352.3583245403291,22.844283218205593,7.895708695977272
387.98871816666514,24.180629042935816,7.986766021432988
414.37173519186376,25.689837952199497,7.718508100162764
443.0184028136911,26.930058924152267,8.026939295811934
404.75025388315066,25.641633282471997,8.669878529465029
290.8487760565673,24.138003773464753,10.157725858734578
248.72881415124206,28.391704448819887,8.240420011355452
110.12312480086048,24.072155621653543,9.660101461462885
3.209206208747811e-14,23.52018953349337,8.259409629658233
0.0,21.827219588310236,9.713294878313423
0.0,19.830144284465508,7.914826893294467
0.0,14.767914970138067,6.899137069111627
0.0,11.834422996051387,9.76960268509581
0.0,12.351864026278717,6.162731671961656
0.0,12.848939067940563,6.835231713342904
0.0,9.802412888120994,6.601066677418895
0.0,10.2758765259837,5.981697385869374
0.0,15.512907450568758,8.043608757810137
0.0,8.366668233497585,7.3411706300611055
0.0,11.81879699206879,7.427015760783285
3.03154438345181e-14,18.778927370530024,8.827775976701226
134.24045040271636,16.825969528571555,6.877688004058
228.53271034446993,17.573748902384345,6.315820017083421
274.3591311224647,23.39380942822457,8.472965262798086
403.4924639973778,23.096180106344388,7.837480301508681
479.2551706173214,23.945956692786535,7.733568741399839
386.9282691395877,26.2986603177327,8.750256404713138
385.9619642925597,25.39690822492918,10.588432276307962
323.89951393034937,24.95073710760601,8.38054291609799
330.00985051399334,26.485931988425214,10.312995154097326
256.71797555537745,23.891928543505664,8.985362149589385
123.97009770325039,24.663960106467506,8.130693097485445
3.2369394567496937e-14,23.694532368330844,9.872134229879919
0.0,22.762392506305552,10.552992792514932
0.0,21.24156920441582,7.626292486974529
0.0,16.103693869297498,7.267449171256471
0.0,15.984548449260307,7.0837222527481405
0.0,14.3139118763025,7.908939582340054
0.0,12.513662539410367,5.242222691534972
0.0,10.099902905840446,5.806249342477735
0.0,8.73009271312569,6.861871486547562
0.0,12.062825505874484,6.04081260668915
0.0,8.444299983392298,5.9156932771808535
0.0,12.593695223424907,7.668283452435931
2.7708655315154073e-14,9.678966306756715,8.195371834692498
109.95960173201433,14.042871130517216,8.786966673148587
246.80856804419037,17.03196046115906,6.838193748851923
345.23332959287603,23.050229114132645,9.219923939881447
443.6780595163277,24.162444386862447,8.797698447451012
358.2084583925002,23.335213219861807,7.666729223014276
496.28396549253245,27.17317115858892,9.100323018929457
499.1069760144525,28.288880875127248,7.723984964382091
427.0860751708085,26.464898641304465,9.767285432890603
275.1098846046581,23.744878659939076,9.898335787442505
190.66947205108428,25.298606948197193,10.043106619493148
96.22753467649355,24.247297777202018,8.267605084571423
2.8644493996018004e-14,20.32131955639346,9.14838506532144
0.0,21.59087428473401,7.736042347512983
0.0,19.34585204665862,9.910411747097754
0.0,17.605761377022116,8.218561312792183
0.0,15.344074532388799,6.343016239911467
0.0,14.589060158791495,6.258304190188611
0.0,11.300830466606385,7.158483328933366
0.0,11.26385335705732,6.442367548204098
0.0,9.792209184136896,6.992170065890656
0.0,9.691284711071512,5.780219690215883
0.0,14.3359857838766,6.754542519458927
0.0,8.843298100082587,5.715576500637091
2.705018900985757e-14,16.34120973093649,6.8429269178705185
103.24602293869394,15.276055640916471,8.940275562308354
195.7826590841662,17.087613397341716,7.733205805348244
258.1217881761768,21.18139708157894,6.584934090489794
413.41637600289704,19.608470527925952,10.757432186577802
369.36436826739435,22.612497858227933,7.70815042276765
403.1595905319977,23.817613689877486,9.443079681610516
397.5875275933076,25.872299846570314,9.175082900721458
392.0302994512995,24.979414376306583,8.761825668933385
302.1248390953381,29.517333734219044,8.515578783057425
235.27859177480957,29.10992601589938,8.465545329129972
96.7254607317675,20.20055695662421,10.227286632215256
2.353789924611462e-14,23.676335162159432,10.065209074596485
0.0,22.375568991603274,8.464103890354348
0.0,19.67366015741017,7.181722546994809
0.0,15.200910405624404,9.068388428622383
0.0,14.099498628310878,7.377802355628784
0.0,11.434286193580188,6.902017736687989
0.0,10.621431015778823,6.551836903660164
0.0,8.242825640725094,6.214675546873414
0.0,10.16058466510289,6.445081338295836
0.0,7.657152275449306,6.592249506336124
0.0,11.061689969640206,6.302150448241384
0.0,10.236144680680082,7.879907745383457
2.8799292529003026e-14,14.8037950319548,6.341730025816318
123.91979798757166,14.960770825666044,7.274379178575526
241.2256078505937,18.971323004121064,6.972003340015647
308.0430722110472,22.623876125921722,8.532146987466014
370.83313888894617,25.569056180581406,7.210540046098561
350.91456928895275,18.99100737982339,7.830481120264309
505.16826683296114,23.649977350899935,9.768574290482324
439.56967480794674,25.51139676446051,8.364619394914289
340.4053483865023,27.310817945134957,9.597532565313706
356.44594436655376,22.816859910375477,11.41540661944509
251.6833839920311,23.35418072504707,9.335261577351892
133.25900418293205,24.307730963178592,8.376004384930157
3.043446480794894e-14,22.559938791425324,8.470227683000587
0.0,21.21595148203234,9.549674950471688
0.0,19.277513762148224,7.870698804567324
0.0,16.99679881378355,8.433570041466051
0.0,14.777472941634977,8.228916458974277
0.0,12.844787605532348,7.08384840024533
0.0,12.595027486103943,7.61215583783123
0.0,5.987652593489732,6.135546874706357
0.0,13.282371510873197,6.455113459268104
0.0,6.057333824857534,6.8540867672980745
0.0,9.107177672846234,5.608929970209733
0.0,12.083328694138059,6.031664421914529
2.6313602118403164e-14,15.538930319110415,7.194133396123409
102.19745963490524,10.13261839451133,7.514113253852714
232.05879599207285,18.137455889047057,7.460710531121279
314.6898123836898,21.84904697658236,8.719892999505785
320.52363444722965,24.18274076898768,8.210321248665617
370.1233467960133,22.45589946942819,9.869713562522806
417.786499578204,24.520237193296175,9.56831058506848
373.5303975747607,24.68881488945802,8.728384237674051
415.5494095818339,25.40835522987856,9.067152727978801
298.4614826271235,23.8574580457864,9.799105283209474
186.27842645426665,23.343403442264403,10.647841340679209
111.95722296753358,24.719312630479845,8.38634482306761
2.278814622509953e-14,22.456935283476213,8.961035063374446
0.0,21.247429912931842,7.661093773817309
0.0,18.621733316332403,7.733102704358473
0.0,17.531829378405753,8.352378859060789
0.0,15.95013253324072,6.380597477746285
0.0,9.05341704770614,7.533895767414433
0.0,9.361552121877523,8.213527103007497
0.0,9.808216127689136,8.668983824916513
0.0,9.953019602007076,5.7733185859147165
0.0,8.930786895033147,7.085051933962685
0.0,12.89421876468286,8.015381413593145
0.0,16.301417140070576,5.554017450939776
2.219053926213222e-14,14.37069856414523,6.635467421414697
119.18971211350693,16.096504356558015,8.657850114504203
240.74189683493304,19.69728716319042,6.797863878490726
341.97940419426106,16.337247503395055,9.5291070586684
396.72316172045214,22.05531253385858,8.35317118545354
482.97077814500545,25.61330055340917,7.632790209116877
432.62584801537366,23.640269888855045,8.840740670956201
477.064526562534,23.272660103490374,8.789850406660907
434.8370489175399,25.6267634327822,8.834501799601389
342.06637858841225,25.604410396890465,9.50003028982829
201.00807889202466,23.109273319426354,9.308724592458981
99.57964411159733,27.847551454576042,9.155003316909392
2.683636570927401e-14,21.040981890965867,7.902152636164486
0.0,17.761608310948787,9.53041635760194
0.0,17.811132014840535,8.242937528673126
0.0,17.743543567570576,8.85682667512564
0.0,14.033203150978224,8.484420210820051
0.0,13.312708243577385,6.71921723769497
0.0,9.133006118043433,5.33946724176257
0.0,13.05220081947974,8.081572829761566
0.0,10.927652592822145,7.210906843480652
0.0,12.172227064427933,5.441780218281612
0.0,11.606348571660087,7.019011338790081
0.0,13.797144362950448,5.253532151882461
2.5662405124544887e-14,12.058125417630805,5.543039602949953
126.78327830780256,14.750857342785968,7.245759365704487
211.08120728914446,20.49719172809732,6.515409348676793
277.96476048923876,22.994266792373352,9.919775993130486
323.04961892455907,19.510099337547103,9.651505608409177
340.2138651153246,23.960556922205264,9.066823276592386
431.85103548726954,23.870546166290314,7.841933924372341
355.26772914717344,24.137574208568083,8.82064177077904
355.6655650398773,26.373909927696157,9.080506428521268
311.45125357929834,27.81356301202862,9.387537966928804
196.59941832319745,25.635758713829155,8.577272090380106
97.84874427134612,22.82205988663957,9.423610006527397
2.8681673615184335e-14,22.83395289685558,8.841793890631788
0.0,19.154830550643624,10.449213547969698
0.0,18.628459138446463,9.97414617334461
0.0,18.52660957707656,8.094054560874534
0.0,9.649911218383604,7.913427557092607
0.0,13.741880884572947,6.288231884869379
0.0,7.605016644616323,6.247146762642691
0.0,12.340578528809148,8.042903724897508
0.0,8.337278498287048,7.0454531044488355
0.0,7.448580352507257,5.718913743819232
0.0,12.073664941934755,6.691360287521659
0.0,12.682815594825213,8.307683382124731
2.7320431317270963e-14,11.612955912109456,6.543054703286012
93.28200738357427,13.034777842875817,6.459165696109471
192.3258002630459,17.236366743050205,9.289185626858977
328.1002097136683,17.273708178510542,7.875296019977531
370.1533232318338,19.488383772185514,8.160259370194863
470.44984274055986,23.499425548368016,8.168394995508574
412.49195137343787,22.60778967979809,10.344154942384066
462.060615014912,26.191814908398403,10.335125862330326
359.8415550042725,28.591616909799725,9.18766356126662
349.80826717063445,25.04162549854415,8.155016239581103
245.90215433185375,24.79983507227945,9.289776526643802
102.91044118394161,27.304377433196123,8.49470146802303
2.9438453101367395e-14,19.236127483278075,8.147894674921194
0.0,22.06435246921442,8.465697219951483
0.0,19.753044913857735,7.336608153905377
0.0,17.24941203556017,9.856183815288425
0.0,16.194825419498034,6.355521270563906
0.0,12.515625400457628,6.984994980311611
0.0,9.325667135326048,6.118782568762731
0.0,11.881469328928683,7.198493984977064
0.0,11.685413780225883,5.460787403555776
0.0,11.902950549474124,6.615898793089956
0.0,10.580530291163056,7.323535534346121
0.0,10.33048608008106,8.499937621381054
2.5128578881495547e-14,13.802453865023319,7.466034239298404
91.69485960448122,17.2336370311156,6.23409129591119
228.10267086096255,19.468432936520024,6.557306907491245
303.33587242075043,18.63092946347107,8.630351290678755
356.47672944086423,22.050475149054876,7.709743836125415
377.78094704721883,20.45902699732056,8.626556449903271
419.6909858174445,26.317832793087305,11.273347334786724
381.98544356357985,23.580518453662513,10.254296225748478
396.0975029339542,26.990240075943188,10.523902679405284
301.1089139452797,22.848526812332317,10.644940180369014
237.55491344213343,26.41076439994362,9.75163693102287
110.20011325467159,23.720253986338015,9.970054401424397
2.3304942381099517e-14,19.8570139655662,8.73097127927453
0.0,20.872994479781312,12.17273365667438
0.0,16.239005973189432,7.8702655626015865
0.0,16.848287070870185,8.225155802154832
0.0,12.871506406038652,7.09971637307911
0.0,8.320780856048389,6.276179082665003
0.0,8.336450517371944,7.141575383922774
0.0,8.641250200922213,6.392472213937651
0.0,11.965864276106483,6.793131525248327
0.0,11.304366879355232,6.679829795905857
0.0,13.549005822978103,6.690083949887152
0.0,14.879902411176666,5.797456401925632
2.8219811651162837e-14,12.159984619427501,6.83366315226278
94.65898935219381,14.781960148271503,8.206584981221834
191.5087734166416,16.406926379948253,7.213276284919472
276.2333381092474,17.95701737882734,7.902889080729989
379.0366682091229,17.54649680993641,8.40952780769915
437.8687676509297,22.856845042068024,9.939362104628664
452.219614650501,21.586558271462618,9.496541174815661
402.8542208087411,24.88854907585322,8.31989990220037
399.4201995819906,29.4610278477353,10.650947865532766
287.3590447035583,23.938202646260457,10.542450179628094
180.22231681080112,24.547237470140974,10.187136654036898
110.01616930386989,24.699637249720276,9.254278880847204
2.9511802500792224e-14,21.790068812541143,9.81234966764231
0.0,19.885006965314087,8.735306833741376
0.0,16.504681361233168,9.069337935354083
0.0,14.695177917666697,9.283838744140356
0.0,11.309465184233673,8.957454904738603
0.0,13.264721996895764,7.178155570364135
0.0,6.629470163101446,8.145717363327966
0.0,11.255426773057007,5.760478547283541
0.0,6.2332599371146635,5.611858861586425
0.0,11.238464644445907,6.68823564212844
0.0,9.404818423905276,7.0108359293116305
0.0,8.920065080846609,5.9212969972396525
2.2102033664828496e-14,14.199253996764423,6.943446622181389
123.85649891385215,16.82763941593653,6.28501220405931
199.03149191015748,16.164499410398076,7.937079976590109
329.9009538945373,20.552430164783182,9.18504805240621
317.66471931296354,16.470487717266447,9.10705398366222
404.66193200578226,20.056318376604327,8.534174150930523
342.75865107269794,26.553677797818118,11.974767086453062
435.0480040691597,24.32072476852186,9.79004095479872
366.97084854793246,21.316230053707454,10.453279048584603
304.2238061239827,23.370330956033705,10.010347519304172
173.39748809769387,22.122058991830496,12.119660059971174
95.75276476392354,22.36558749315168,10.329185887054276
2.1436373435194342e-14,20.299154738989852,9.178055089900422
0.0,19.469072525301634,8.507532671817707
0.0,16.90172460338,8.934791898682231
0.0,17.68958285585902,8.29441970275149
0.0,13.889753906044488,8.009613187587263
0.0,12.29914567949994,6.951642947669947
0.0,12.255407762563731,6.87561592298474
0.0,8.34835263387849,6.948110469067357
0.0,6.3295418583332275,7.695025029202761
0.0,11.53983078400215,7.339185070288564
0.0,10.196777010990912,5.7016649022448656
0.0,11.475144911355676,6.202365114370567
2.2159119418216462e-14,11.586636901989728,5.707851317941553
119.62274114214229,13.549033718022876,5.86856008887965
221.70190583269454,18.546741422591886,7.059671146334399
305.0400874545276,20.893160702145586,8.974358690678802
342.07120328811453,22.420943556543513,9.894729342023437
361.35732364378555,24.096074205433528,8.600006875578
477.5261507790156,24.919559049845226,9.32061366344971
435.88470284838627,24.843748815519056,9.951808517976911
328.95298329456284,24.502537376408238,11.385081603435644
324.21924504459287,27.00135105524585,11.064543275223492
222.86957047099904,23.03405823434484,8.37400550066709
98.13509469454654,23.25010942230407,8.80695388066915
2.4359931137883252e-14,19.245270749141703,7.949388244866002
0.0,17.605251032169463,9.147846497305483
0.0,16.380987609335744,9.054713711873344
0.0,13.174867630775704,7.653973477992013
0.0,14.4490003960068,8.825073570476565
0.0,8.50037399246776,7.242774798002934
0.0,9.937717879231277,10.48353494114322
0.0,9.205071446116458,5.21512992494023
0.0,5.04586270610528,5.7063504873377155
0.0,8.058007611384879,6.172912082840792
0.0,10.250657708565416,5.346778191261668
0.0,11.868063599840397,7.644812191496479
2.3473594240063774e-14,12.258847445544312,5.879202521283136
103.09772564359032,15.950685910885905,8.075537484270109
209.2534529362081,16.44882934827256,6.550711409334726
334.22734456370017,18.76532004771492,7.553670126523108
329.3387479458382,21.170769600717747,9.575777521298479
449.55065346210523,24.17831536970536,10.698589662712795
371.9711830150755,22.244229088189087,8.998170148832756
458.65224770085325,23.421224728020594,11.517293068984298
371.7569590930041,23.329668879286213,9.908875460223179
282.64426797503654,23.73047304077332,9.440565457154674
210.56987532571722,26.44813360917968,10.471435194700385
96.39064158409886,23.469766750896664,8.956473311381966
2.28188199377556e-14,18.40528237240696,8.646538668061885
0.0,17.537120292387456,9.291745101476318
0.0,17.412996311297444,8.269668569984717
0.0,12.783893940058935,7.238607660748728
0.0,11.21678178111513,6.612493320331961
0.0,13.70052694560056,8.214502049604928
0.0,8.32825263935287,7.570903599622682
0.0,10.665134148320982,6.666531886733418
0.0,10.99385350563663,8.070070860359927
0.0,7.28887633392428,6.46337292746818
0.0,7.775078783184961,7.285830412074759
0.0,10.274088704120045,8.306769859462985
2.4359422752241152e-14,10.305951685227505,8.158712928105144
109.37168809446592,14.654722522760073,7.450478323477103
167.34072733683686,16.07190330286798,8.257128367697552
235.3172792197158,19.274919519167522,7.969928814074644
302.2555045328935,23.277094039040396,8.938252740130656
353.85848996263087,23.77503133760777,8.350033729800993
391.5507661716606,24.389889907674977,9.079860795511621
386.13370274981395,20.278516910951463,8.777485340409386
303.31401628223716,25.369959090779506,8.35212528934563
301.3036324325584,27.6558690582964,9.893327857800143
207.57972644771803,17.390365324223232,10.784693961213431
96.38596144093111,23.518826462018385,8.129583599464702
2.036659183164138e-14,20.164489977061827,8.503489922993705
0.0,16.854169481349032,8.828994163284577
0.0,18.085464294398662,8.990927716820883
0.0,17.83206656696925,7.375351865142947
0.0,14.033668584250263,6.603557281200352
0.0,10.083968974559323,7.469734539128764
0.0,7.485444256103577,8.095918071785109
0.0,8.862435792461941,5.6227849899130105
0.0,10.046925719958576,6.40534642972121
0.0,7.799074472415399,7.130327998558716
0.0,8.791617921618297,5.8427830531642755
0.0,16.287733385379816,6.281525444845507
2.484339410125922e-14,14.457891027114854,7.233689109185602
98.05716259470287,16.530292131162497,9.293060525186945
189.625726353897,13.380015323077776,7.318856039364734
319.29007807704613,16.956762137428644,8.178279056018377
288.78480136207264,20.449950414103878,8.360540864085445
450.8970298011949,19.95516626891748,10.31090224536668
421.32073813534834,26.4295849632495,8.149970216238048
409.24020600196,26.848618358689237,9.66969266300054
288.6331728049764,23.233496460427293,10.728035147027915
292.0704952647539,27.595830958722914,12.25382548587238
198.03938169913636,23.220286172031027,10.182567835527394
88.72610521664036,27.136220819465876,9.224722440246515
2.2472614377108655e-14,20.589959396245472,9.060716258715992
0.0,19.52352499667241,8.609655605276357
0.0,19.100394017534516,8.855178145380497
0.0,16.785301473990852,8.862334467975547
0.0,13.322051267467188,8.771553377764523
0.0,10.361452246815348,7.261188059889972
0.0,10.219718172562018,7.762917853625836
0.0,6.759881048786514,8.427750452859183
0.0,8.423923440579522,8.31357832803069
0.0,6.1736343275427545,7.284246602387631
0.0,5.629689492415176,7.141596348244143
0.0,10.563655281637796,7.01998601079161
2.7952517476884105e-14,14.644211784194637,6.416469128820652
105.43341370856034,15.900712925223242,6.553988452791198
184.33195596087367,15.955831411400073,7.8201297600008015
274.3361808518858,21.68418776002245,7.410971735147004
378.97213385343696,18.98153322115814,8.820809700381911
335.96059490794875,17.940844928747623,9.364716240598977
366.10485281669565,18.683656644724877,9.365226397204637
405.6979980262862,21.4846807319724,8.261744813038407
319.79105918833363,25.75290548937575,8.514026873115569
308.12992367567387,22.577457246229063,8.771116013748857
171.7338690842548,23.969776516841403,8.843198863638815
111.70760505731658,25.069077019511624,12.162973038888108
2.0501221261723938e-14,17.919462077695677,8.937872980241707
0.0,19.147207827263234,8.502644252295342
0.0,17.197582148162734,7.429060990900491
0.0,12.327627665084918,8.586161658417657
0.0,14.828077853341458,8.24455166761873
0.0,9.887387642259958,6.705888428522016
0.0,8.244758151240227,8.723739058192864
0.0,12.436287169865155,7.852015199656824
0.0,8.986000828075191,6.1862331715039325
0.0,10.063641832400206,6.743078540591981
0.0,11.722049976109922,6.72910062844154
0.0,8.982665094930942,6.622008253518275
2.3918020996722135e-14,14.440109537449114,8.16019165504289
107.94618841768796,12.866126752526249,6.542150779650054
168.36790112542903,14.85122056466516,7.688775352414221
260.28460675086603,17.46701975954565,8.106719545213423
288.47160957022106,18.696337673451847,8.590630545862725
321.4929317153018,23.24163445814846,10.173098779340593
349.77214702698285,23.403091883907376,8.664691612594542
376.51468383037286,22.685425124420075,8.570004158629928
373.44658813776175,25.289477409651397,10.022184816959347
275.6516056433097,23.117509078881607,8.985813687169749
184.54165469488495,22.212529832887913,8.618891595396153
86.46563396651827,21.694689362637224,9.402525623491975
2.4418949564047634e-14,20.86738805467419,8.668502521892588
0.0,18.79071500291676,8.700773678231661
0.0,15.213968978836094,8.096811811248951
0.0,15.564137397400394,7.235411068610236
0.0,11.495679041182445,8.036635981651202
0.0,8.973644116631938,6.192833231566974
0.0,5.898827726323601,9.2692758937904
0.0,10.00202460581931,6.639488674891918
0.0,7.787854406521829,7.377173134568242
0.0,8.457412360842298,7.725060468576746
0.0,10.926476855257336,6.3414370014138814
0.0,9.151407541445803,7.697694118648675
2.0468490091438487e-14,9.014275757185558,8.258580431264818
84.7462429918626,13.832083297744086,6.947230795300815
218.78313888242437,16.378997358294406,10.681599454437563
316.35910172001775,17.307928482633233,6.935366275034571
288.0359699487088,22.710549410286156,8.023606769792869
324.28983191010786,16.44759536818348,9.857264889948041
324.71767606543847,24.93139076020889,8.636009431519627
323.1076071181068,25.072788165174813,10.134464859369112
302.15715266964787,24.67661580953473,10.876938958808323
320.5129058741276,16.81867776550817,11.72357650019027
205.90270693369735,25.25905505094986,9.69873075518022
110.5141801074555,19.367060282354426,11.710453143794034
2.6125562873916565e-14,18.747690297367043,9.16340277834755
0.0,17.49244128537384,8.388287604700563
0.0,16.577910323437763,8.733107582797413
0.0,14.971377977698749,8.694913994928434
0.0,13.54875536277241,7.823109093850179
0.0,11.737927024798466,7.725893966088533
0.0,9.165180478778998,7.087569461003663
0.0,8.69196800843089,7.106503607929245
0.0,5.406021868983764,8.723915581796739
0.0,6.358069076677666,6.8452068485061455
0.0,10.450246517702412,6.31222652029669
0.0,11.605094024593239,7.766340402334985
2.5931268898766747e-14,13.0351281335171,6.903372888515533
95.31975640165548,12.488143416495037,8.533536899509059
161.53872831397396,17.408513564515648,6.776098787120443
259.63172394241957,15.335592756487705,7.951303871214664
347.1558065596236,21.742248920352804,7.69837708976946
322.5723252592527,20.72264194762886,8.027759021034385
443.53339701175673,25.88407334358503,9.813924114213213
317.1038741695753,20.272051726809835,9.374786898182354
384.8154386492025,27.1143373924653,10.994117085905383
292.7422259307887,22.59200725261388,9.885211740037812
181.3043052045886,21.756774018880275,9.312683019643563
96.001097825333,21.63406118809183,10.23887337341133
2.5630932299320418e-14,18.193371475026865,9.719254183551998
0.0,17.513423658843806,9.966179120457893
0.0,14.112276770086547,9.100153643720052
0.0,12.114849877849718,7.535459929858552
0.0,12.561301201229401,8.399028149349004
0.0,8.127544060528844,7.340239678362563
0.0,6.949292800296897,7.231471939945651
0.0,4.940895390778007,8.60663644076819
0.0,6.406023140660693,6.601884322936154
0.0,10.30968194971867,7.1606759938971685
0.0,6.793813990101924,6.610109294760655
0.0,8.293763720716509,6.04665805310892
1.998215490585387e-14,11.801728393546444,7.20879521656425
82.0143354373517,12.601739272164153,7.871562468037492
186.5505107401693,19.87019336728267,7.7734756755235885
262.18693902933194,17.159380932051025,8.122440248206459
388.7658447283825,20.084321193018116,9.723604545818167
365.9164089740583,22.958276319674397,7.811949648696121
349.98719654723345,24.191243462584584,8.959294768799353
420.9288024779613,23.607866274010675,10.598388199228214
330.5605797239419,23.09162952721137,11.346340583188205
280.2324223305395,27.18934818365443,9.672895692271702
164.13149081990522,22.142567180230348,11.127684582837148
95.0079523550572,20.18735854121879,8.955728816261031
2.712221410664626e-14,18.122186523995335,8.776007912354519
0.0,14.030830455990026,10.201217446809858
0.0,17.057116005057697,10.159593926773029
0.0,8.647195345561553,7.718884166002784
0.0,11.402438818773533,6.821131801345028
0.0,9.347308982548222,6.580122547364463
0.0,12.79391846288836,6.789157710627026
0.0,3.8514822409611766,7.844224060680011
0.0,5.439984734732262,6.989250903614202
0.0,7.242591781025132,6.808510403027418
0.0,7.91892940348713,7.1734693167931605
0.0,8.486247877588507,8.422666813692484
2.2052469307259608e-14,11.080215489896643,6.3040377031933605
91.91565004482462,10.65251349014133,8.177526324869419
202.40808966089494,15.956577066690855,9.59457275560739
241.78992979913593,12.669772985365984,7.72869708347003
319.84484534229256,19.190652596946464,9.834411204361828
326.7446749748841,19.698332169666212,9.687483225977342
314.14068263671146,24.202970424489756,8.051066217930336
428.0634157197549,26.480220060280132,9.074563823829893
321.2446209192765,22.58008697120026,10.127624911814403
313.2970314488771,25.751049777296384,9.919837840967272
165.92577387035578,21.538161977715664,9.930638361725302
101.41158991940013,18.96679251193518,9.075371846267624
2.0818265147330985e-14,22.733998573072217,9.929940161797168
0.0,18.354296558989155,8.61218159710806
0.0,15.251068353920605,8.541993795425544
0.0,14.545993898078109,8.105890611524302
0.0,11.790621378961312,8.472428764834998
0.0,9.44689824332556,6.614063325820765
0.0,5.49142771648777,6.681784860930799
0.0,6.804020516744194,6.430118766631605
0.0,8.31901144829622,6.011732556280708
0.0,7.099551139693107,6.247824344029187
0.0,9.948948893364536,7.267167828468662
0.0,10.18295639962047,7.779599932259667
2.0566685208890615e-14,9.316227965208462,7.800595147559301
97.69294187133633,10.363604324894862,7.638964071481114
208.22392340536422,14.758143601518936,6.859004110602886
233.90544110200986,16.094596065990267,10.357631873747312
345.25517420280653,19.74514422062265,8.029247949445523
341.833175899183,19.293079533346194,9.634404272436191
356.23926554452606,20.769919180145028,10.968218738932475
385.3633816800167,24.906046646881645,10.269894224893896
323.02319389421643,23.36890653863507,9.22386452383561
296.2441014696326,21.394453080837234,9.515151362543065
165.7800540620938,22.03598744912482,8.582234738046084
107.67151129364753,23.48717733687502,10.030149579161849
1.9554437612939687e-14,19.66007397792872,9.792394090910317
0.0,18.3289545810497,9.807113251572911
0.0,13.568031528324388,7.381615557135783
0.0,15.05478699482831,9.392967126270317
0.0,15.708705122306878,8.711857021921471
0.0,7.832711066861187,6.8124504970308895
0.0,5.612871482617574,7.063574807195625
0.0,7.528540538994813,7.5355663272232585
0.0,8.655872761325885,7.023253977659055
0.0,6.994676707223995,6.016473194028382
0.0,5.870246639276228,5.972871266467805
0.0,9.030840088583904,7.984470155557078
2.5173774254319262e-14,12.101047207191973,6.5800211654498675
91.42800738471696,12.02024664692478,6.936265606817251
196.18669558155756,16.119372697146908,9.095274861928992
222.93208577657876,19.304836592937047,8.763510187190164
337.00823874699853,19.38532391317796,9.132157960401646
317.61899550750513,20.50582136857286,9.18287757175796
418.49376468973946,23.491753742365134,9.712592961371387
343.52903976704516,20.920067617075148,10.035244965214536
299.5349798035589,20.995442994251217,11.973623404099973
296.88366210547304,22.09912470209164,9.321669567092066
157.6322197475478,20.849306982283636,9.248889576566212
93.45738572585817,18.955032960548493,8.601628677219226
2.1895001580648457e-14,22.565799611634613,9.95000093202309
0.0,21.31940144144581,9.35192292884721
0.0,14.1974525771259,7.892157793132477
0.0,13.01774820031363,8.16382505909723
0.0,10.529177021509483,7.316182778239695
0.0,11.463006892380996,7.336278442633253
0.0,10.422415057618398,9.266803693906338
0.0,3.4573929565219736,7.69665520428769
0.0,7.691348764345065,5.576506014898543
0.0,4.398277871578971,6.430010198874623
0.0,11.32766824968886,5.606287951124059
0.0,9.96296897514223,7.792386272173525
2.2439667596994446e-14,9.092628087488542,7.38261878381028
86.33190141848472,12.186132027517942,10.626155675941392
202.91433559188337,14.161372647681496,8.763002675113272
258.6886507377009,17.86010541080561,8.559431283583407
374.53236567652897,20.82315237256877,9.79526199878768
329.19726575988096,18.099766829762775,9.810238895080046
396.2426194524144,25.34503939631355,8.968923011290945
415.477851022278,25.678113990168047,9.888574274382465
340.96195210437196,20.98868002903172,10.102092496751704
297.69971067923905,22.61233736325098,9.90035825817703
207.6288608138348,25.089147482717955,9.188696490965334
91.58493760148336,22.86201858706116,9.155665627276834
2.359822617611686e-14,18.065841104118025,9.060565787032768
0.0,18.438559154169724,7.80412056592975
0.0,20.733723747652093,10.394122067945515
0.0,12.879094767096074,9.003891859775187
0.0,9.474030661333776,8.626118285099787
0.0,9.427312618904232,7.944326222025534
0.0,8.140844121569089,7.9866141440908915
0.0,5.79946307253722,9.590750280354712
0.0,7.459193296478397,6.830853134563953
0.0,4.339734431082415,7.61794720339704
0.0,6.316672196557095,6.771007222439927
0.0,10.435578463667179,8.361565827334715
2.6407954018809868e-14,7.066201457765462,8.618615693608898
111.8979206219119,14.31172598401935,9.184827837935424
195.00649004669188,10.551980429438558,6.64470571163516
296.5621502711792,13.1838463639175,8.075020176372139
287.9190562686733,17.577985674738194,8.031506361878364
416.70153151818204,20.806525095981044,9.190680815108141
323.1706366311352,24.154673597380253,9.59975513581606
306.9069207357778,22.4185952974817,9.271296368515163
276.4183002114782,22.082835945697983,10.601258293792338
268.2316768927205,23.462512267132116,9.506322512231907
203.23198218007647,19.762348750189606,11.107529402851192
91.20541027762843,20.511627729035155,9.068476346990241
2.6462485894010232e-14,16.177050644939243,9.298569824441843
0.0,16.811676555420956,9.608215376239123
0.0,14.316270509151156,9.201569600677672
0.0,10.896854957130962,7.45496151452317
0.0,10.906024433925444,9.233448893239995
0.0,9.236188217676869,8.044316402980868
0.0,9.837463860154575,8.713939019968395
0.0,3.4760856493136947,8.463670221243689
0.0,6.2626612503577315,7.246793169480905
0.0,5.1668276560323125,8.527755460691386
0.0,9.22607995182889,8.216783508441782
0.0,10.265728946643703,9.182184177288132
2.5568804396329464e-14,11.43051875588906,8.615103991153898
97.19170691609618,10.936540188792724,8.792755016438868
167.64675774364113,16.18570023163201,8.12247152622676
301.5354007782367,13.425049569085319,7.894941960335918
316.3452770369549,14.944137658566273,10.415459854483814
333.83884615678744,17.519871315440348,9.933236639755155
326.1375724790004,21.276012675373515,9.129827785551255
322.91082013428473,23.49249447804095,9.509217247965989
355.59741435440634,16.462694117732767,10.520295179232082
270.31285849574,24.787651339823935,10.03075555042177
210.51740548383714,21.605186688384194,8.950593975085017
86.10467458367184,16.936068620064646,8.998712765102342
1.9490858002795907e-14,18.616653006330978,10.319408120386809
0.0,18.670362255928822,8.93092055850862
0.0,15.613641096364335,8.990383056695041
0.0,14.542352830039583,9.331174492936572
0.0,7.682265806957597,8.889220621501817
0.0,7.929894345982627,7.02359052252905
0.0,5.478234949922824,6.5352404032337095
0.0,9.963576441021488,7.544660998840371
0.0,7.5345483282186585,7.830034477327148
0.0,12.222435208848134,6.255699014104101
0.0,6.392400344135433,6.8673718343861765
0.0,7.149619968388409,8.511417573370517
2.0201321951440967e-14,9.9701693640551,9.28945066673975
93.46883774387489,14.94198472327033,7.758205765031187
177.75093799858675,13.523583262494704,7.139695737659705
238.98474334494242,16.575250197879452,8.044013456952545
279.6726108524202,18.449204047019037,8.370468212547465
385.38918847088223,19.991670413142156,8.747361504262697
428.35534877383776,19.87922895059595,9.663327670833324
387.3264639694591,21.70864711573721,10.122323013930998
293.4822309860437,21.895617438542683,9.124139476642817
234.9675183435261,21.968099932208645,11.419679768540792
164.39790265283017,23.071059507826327,10.368367062443665
82.39751667045856,23.433932959986763,10.158564475447621
2.276627709047978e-14,16.574953115905984,12.191169169185706
0.0,15.542387752490134,9.691450852017807
0.0,12.605798844433025,10.5928438062007
0.0,12.559473354869779,8.113665461595652
0.0,9.179123726223446,7.612062424287661
0.0,9.078562059236996,7.907215375520827
0.0,9.378231574237478,7.610880341457003
0.0,1.320111001701651,6.700186810991073
0.0,7.0827407628247965,7.7302788738667925
0.0,5.451400275515111,5.832581399794035
0.0,8.091822289316683,7.703115240011215
0.0,6.649387858630634,7.249957358434884
2.4818741726098177e-14,12.491702960237166,8.086507771115464
105.66654216805102,13.855189858883818,7.846075793110598
163.55729610934713,15.2358852807087,10.489452220696425
217.26419942535708,17.756184780063776,8.262405507112192
340.88622128740445,16.60794004927907,11.398716670330547
314.95092222520657,18.516787723737217,8.254084941964871
349.3680582301404,22.532256615533882,10.1922918701684
296.7095874503903,20.291129308398737,9.84106381576395
284.01292506254686,24.990451076939586,11.062701731308525
283.2315209136644,21.1794054513739,10.982754652245855
201.01127595089557,22.031172993620167,10.972689347418196
84.24348319789743,23.954534271625974,8.9157099310039
2.094134273697688e-14,16.686734275487265,10.675449447574948
0.0,16.307256846133143,8.717228004659646
0.0,16.20754731289803,7.696516034046383
0.0,13.931183400556312,7.976792731811573
0.0,9.4435503631447,8.213085450528933
0.0,7.408865859087326,8.5639841474034
0.0,6.550405413824009,6.95176095549586
0.0,9.113189431179805,6.412571386076804
0.0,5.38666879646973,7.6081396340859175
0.0,6.373705283844008,9.582920270588238
0.0,6.163104337067264,7.486870472867734
0.0,9.699123389289216,7.887564473165289
2.113275527446351e-14,10.255930584356937,7.77345279701995
109.32967474481944,9.867460526853,8.738727918925598
191.01169144680424,12.007232281119634,10.489077191276508
296.3580714773912,12.018221736898775,8.791644148515177
279.65479905131093,16.28223769093839,8.875868965615856
393.4388674764731,21.189626365946346,10.575135709123582
338.19291508091567,23.52060481548967,11.820027836662144
408.89538758287824,23.04340384593654,9.061894656284148
274.82712866722085,23.054144910470985,10.326035234232608
256.70330351673334,21.41923502044487,11.026955930458922
199.12926607364892,22.42291284929311,10.21393989713679
91.20024679084746,20.174291204845773,9.76895466160261
2.1852950477150538e-14,21.553778453163872,10.143541544105403
0.0,15.818542241656292,8.89131808699394
0.0,16.630896676661884,8.717902534976664
0.0,13.622556312005177,11.429696205513203
0.0,11.415767081597943,8.642640567597915
0.0,4.2650436087736034,9.141650198534583
0.0,8.723142833324584,8.55984448140939
0.0,5.81054437237382,7.808720296673798
0.0,4.90511395163489,8.314134336616767
0.0,3.099734247836301,6.715802431922812
0.0,6.853589442292797,7.61693207568157
0.0,8.20321588464878,7.643204653960725
2.288164641822473e-14,7.186963096875066,7.9653339212777965
82.71222243907272,8.775854233897123,7.1616883430794385
159.96958507670595,14.766205900760895,7.803583328985118
267.565932836214,17.606929563447594,8.214596212324082
261.91275303546945,18.173532760349516,9.35997247457198
323.9089285201894,21.75149048936578,11.594436276164313
314.5601457896493,20.548400202077186,11.62317231766065
356.55644311014237,21.411671002016814,9.366557571667345
328.63194820068964,19.958910883023094,9.70710223167026
273.6458034838264,18.399889595709784,8.935485949982263
163.9823271806963,24.430494438499352,9.927762120787055
79.44067998962767,21.712419290496545,11.034391929888997
1.871239000661725e-14,15.007941806227716,11.258636914512202
0.0,16.1750231169874,8.841111735860906
0.0,13.59287431829734,8.552117221386714
0.0,11.174429633358422,8.051296466637593
0.0,8.974931244874796,7.9768892354615835
0.0,8.898650984948251,8.858380658943513
0.0,8.351633113504972,8.065014498839501
0.0,6.720861020581398,8.26930832636656
0.0,5.402448544079147,7.506866561341713
0.0,5.6016252487427485,6.677073131637886
0.0,8.588910696407357,6.653687359885076
0.0,8.913520919577278,5.976335717497666
2.024058568168239e-14,9.788864218908403,8.4891719004935
97.7216882291843,11.501130336817154,9.076083740294855
185.67656616199528,14.334026312062111,9.115431738712509
255.26793628222381,14.777340276538801,7.641313344146762
329.2244461120935,19.286562927453957,9.87044091661331
361.65405867630386,17.14862241865418,8.26808808128407
405.15578075146146,19.748775503580077,8.813975873859981
355.39976326350956,22.59310409404213,9.908269926221749
339.6630769077953,19.377719666128986,10.142248837381969
230.10988953190838,18.22487481785108,11.18786430189978
189.77648608460896,20.69784387397152,10.667590676381351
105.54278576703663,15.907423233436974,9.2001619858512
2.098397619318181e-14,15.045878184733812,9.158526761879136
0.0,17.227225890670564,8.995230846186915
0.0,13.233914777626062,8.200108140001893
0.0,14.143906831435341,8.249981743904318
0.0,7.233856610962626,8.98096399108463
0.0,7.798726312080586,7.386452472978845
0.0,7.367445736966493,8.743629101334207
0.0,3.4280433902561205,7.411437225782665
0.0,7.5600036698257345,6.91812743204324
0.0,6.790431016846017,7.07644359673533
0.0,3.349702457176107,7.89278234449629
0.0,7.764142018916904,7.524644770244744
1.818518706384819e-14,10.268393333343752,6.228315709953024
93.3128882012462,10.245814152950206,9.565036944376054
170.6233157085556,10.536750049808857,7.252393447446428
215.8688844052535,16.12394980054147,10.459107591561377
340.4980875616741,21.91896576139161,7.844237187579161
393.4830080493805,18.379365912003486,10.296155105283274
387.4892063348824,23.56316545367141,9.92800095543269
382.25968566731643,19.719308827616096,10.095959374837287
276.9186285266174,21.927571130846385,9.116696506663107
230.27809720743866,22.76693153289127,9.662614106146732
159.37974704871905,20.407855759159265,11.018894066481355
100.56448034521028,18.557862812556404,11.396195457559188
2.519599909576143e-14,18.948734903527235,9.914377534276339
0.0,19.349942452185093,9.188548853640722
0.0,14.097653710104748,8.00351496148645
0.0,10.393807146945626,9.25930973612277
0.0,9.11697674630712,7.872344533499875
0.0,12.879040902624855,6.843785456694724
0.0,6.693605207754414,8.183987187059365
0.0,4.435760197885178,7.482580781385714
0.0,3.0618583723885897,5.921197088594673
0.0,1.9727854068159125,6.336461397957489
0.0,7.15095952277054,7.893886760791689
0.0,9.004423941510296,6.364632317959826
1.9951798010158917e-14,8.558601845423258,8.925259354020493
90.7456003874061,11.251501008471596,7.622138503016714
174.98676250154236,11.011070786776422,7.371869533492244
240.20254830161264,15.688403495828837,9.539077723242318
340.9072313146797,18.314984846487917,9.263134740374339
335.68603749594257,17.938519920510775,9.11098327436482
366.55855933581927,23.66110277480086,9.65500847346109
389.255542507365,19.405188162172394,8.743966846020353
345.83148317065684,21.918947413391635,10.684546003300817
284.50492965598136,22.776035255075428,10.000275856962327
162.45882567474362,20.125618435330416,10.837335040521145
76.50301295227048,18.631894817057066,10.439015215155921
1.982715978982141e-14,14.494261904454344,10.264061514637238
0.0,18.137229557606403,10.410280404409697
0.0,13.012207802018478,9.536298151476567
0.0,12.356172694403153,8.623820837735583
0.0,10.697435181073953,8.168410903492758
0.0,6.438542971825783,7.1144309187763595
0.0,5.886810701779113,8.581425031906596
0.0,8.151629231811514,8.277214847707386
0.0,2.9756758091561633,6.797754000789494
0.0,9.73850067983902,8.501265197265983
0.0,4.792122339808996,7.620169012327506
0.0,5.19418197786365,7.498295921229358
2.0108462587409182e-14,9.474689182014124,6.388196785731718
82.76185670295597,15.55621530849663,7.822338243159923
167.2414138788997,9.388139269452644,8.818292550129556
285.3542038412125,14.998592064477835,7.796439561862343
312.9500911262807,18.162601175150165,9.14029990740095
368.62206352358146,18.934225307200496,12.416955850239864
350.8035319232566,20.90211771091858,10.489401364153546
283.4929705585215,19.50141158660505,10.261593230063522
257.97518269712987,20.010627448774294,10.377305546855647
252.2553778547433,20.640632456631202,9.106233331032882
189.60745404249965,17.87849819510706,12.183871788038907
81.95816989186363,18.777552587249055,11.727828863031611
2.3243956892561706e-14,16.432580553294052,10.385742308564225
0.0,14.340533131147481,8.578937020455678
0.0,13.851083965834329,8.536738808259742
0.0,7.498199793418282,8.08476245039421
0.0,8.751890933870747,8.50732811239787
0.0,12.187924422374396,7.39843172189543
0.0,3.970330118616911,8.336544496474279
0.0,7.914347104199952,7.691704233052901
0.0,5.180064963369069,6.033460487948163
0.0,4.1374304934682895,8.05017821622025
0.0,3.501266172208549,6.68144177223064
0.0,7.693262402621756,8.556292508642247
2.2929261695768733e-14,11.977546933173027,7.4792368303403025
104.07969147060189,10.22177807032998,7.751361071135889
168.74865407157728,12.908829872070125,7.045229511468704
219.85886713296472,17.1620467827445,11.410877442864386
280.54842960273976,17.752494304236237,9.549658059278466
333.2209469301843,15.583055411586896,9.447888261383145
324.63616484424546,20.196730383529548,8.913594253888027
306.75425896997376,23.822629153187414,10.706362540861491
328.8578894139061,20.996870348608674,9.81720081761964
204.8119328718457,15.315180472901465,12.932755046502848
177.69510691978485,20.775385935001328,12.13227588483629
100.13220780345938,18.330694091947983,10.82020614427773
1.9693220552250606e-14,13.41256389370124,12.040597994553723
0.0,11.78288890225627,8.633648040547346
0.0,15.02096700812129,8.74972542324634
0.0,9.535434869533347,8.296166267590529
0.0,7.255759960071689,7.373929967474818
0.0,7.3426213501879545,10.251516643660562
0.0,4.717471004212449,6.684163763796789
0.0,5.40677087637078,8.736043707815977
0.0,4.528640172254496,8.216577939856277
0.0,2.806682460628005,7.120599190784491
0.0,4.983481403729558,6.0741334931325905
0.0,8.162732624253666,6.104792639080196
2.2003927617408694e-14,9.01791631160509,7.142076814263996
76.06510005687151,10.699642905524009,8.147863286000751
164.52247456297576,16.808848713486604,8.424232522384175
268.94134745258333,16.466707642719072,9.123799748021266
280.41742683242455,18.63896276077052,10.06731862966592
368.5838821514259,18.258997665030368,9.37407028422071
379.38763738250947,20.302573842105897,9.144248994108596
306.98968695887953,19.799286862388996,11.08394282683642
326.78304797788525,22.489179762176093,9.968336965263056
268.4688153181206,20.440687033242295,9.91038092603085
168.25172167107084,20.30703895926446,11.100696315171808
81.12840794564299,18.912157084930552,11.845092681091016
2.1539141636412733e-14,16.897746468316928,11.447939482913496
0.0,20.881008726259545,8.766473576222353
0.0,11.600841676138392,9.308370624437838
0.0,9.512104809990285,7.871842575810032
0.0,10.322273724751351,10.461197749451925
0.0,6.086887983485099,7.482044738981858
0.0,5.289078215424794,7.15654671832217
0.0,2.899865651374309,8.944810882690664
0.0,5.783210007203265,9.538395943301255
0.0,6.081202047053849,7.966598383704396
0.0,5.241506818275693,6.548637035376846
0.0,8.572873295865858,7.611481374518816
1.867400596366723e-14,5.0838441409309105,8.82329917066121
100.70248002418593,9.31583500454924,8.372896026289114
200.6779497353273,12.46013579597623,7.645350873578901
214.44573833222518,12.526081535412352,8.147838047166688
299.9888674171366,13.30266809356065,10.493187731079482
307.3965390413354,17.841156487813578,9.759834849212957
379.0880722779344,21.116337572795086,10.552268669601974
362.27029027359913,23.091717561563662,9.944913019274342
263.05809097851693,19.705518401987344,10.47208208220121
278.6902724950001,21.993932453953825,12.666036175642143
154.33740554719859,21.001381474824935,9.99311515010102
99.47312050608656,20.894164766559467,10.697996741365706
2.0975719997296725e-14,16.09971210769009,9.210215015201005
0.0,11.273645538848909,8.749850854520837
0.0,12.94046587324358,10.142009303944462
0.0,8.701954325638482,10.00586550272934
0.0,7.353083950274078,8.992041224741836
0.0,6.540801630799347,7.359219640083078
0.0,5.06277574334268,7.299402005659685
0.0,5.224546159795518,9.12378707130934
0.0,6.075146869155711,7.029295899152748
0.0,4.205956459451998,8.42503424738554
0.0,6.532026019256976,7.022625441494831
0.0,7.041612006685107,9.361137710603362
2.1677114756216753e-14,10.539823028073368,9.386232309915016
76.56597982101248,10.221098173283679,6.9814554220622105
198.0181186090851,12.510980884767365,9.3487123637595
280.33159045424986,13.990585701138828,8.172666533681555
321.2027973793263,16.344337156399487,8.68379854525466
385.19384768366996,16.75871222911711,9.630436798990635
384.7448018297152,17.83184289430496,10.224911162964737
373.65402393787883,21.947771617194473,9.865641224706085
307.58520506630873,18.502430869947275,10.61075997317997
228.33400743042714,19.758004667233216,9.67600603583065
156.0574924317999,21.627723039133976,9.060345708000211
84.24546891274892,17.620286895801645,10.450347708279574
2.2188217568041027e-14,18.326315143687626,10.078671546729641
0.0,13.557295155682958,10.224244494634931
0.0,10.566507023616088,9.74780046338899
0.0,7.408630165694671,10.32930113393152
0.0,11.294282374861801,8.491319910842822
0.0,4.738237623555266,6.744205708409638
0.0,7.10650928000837,8.277555432837778
0.0,2.813038666134383,8.163859423052745
0.0,7.175107165913337,7.610390282495342
0.0,9.226498168951348,8.004555216643126
0.0,2.239075980377511,7.143827666586506
0.0,4.713972212223687,6.845953558949192
2.4105684798504362e-14,10.086603057640145,8.371798288537752
81.49476094714029,11.495872815945159,7.652926939440645
147.84848069241357,14.094183039554077,8.515237938675972
265.8929474936312,13.463380590045109,8.987232380528836
264.9852146271909,20.51540765208043,9.341089102881103
318.6743187452481,18.433292512905624,10.0026164482079
288.01088291319763,17.034617406622164,8.748672146537144
291.0117209101652,19.76144894026035,12.918581687687057
264.73047895133635,18.133205537576032,11.035973423999208
205.9073582306785,23.44962865745445,10.33090569983929
182.3219606033769,18.14788003470897,9.71275070822466
100.06942989050253,19.18216054901532,9.219424486644158
2.021212401350937e-14,15.598993040069335,10.51503841155788
0.0,13.380117071328833,9.327022272849122
0.0,8.719830967471593,8.75158194630787
0.0,11.666136175194664,8.724897998150968
0.0,11.138701835292064,8.85002500650769
0.0,5.051549917811011,8.702977281143177
0.0,2.3959860650907685,8.348438620747777
0.0,6.293873000526733,8.895409374174319
0.0,1.1221648271511193,6.918133181360618
0.0,7.126306786947593,7.885916102102097
0.0,3.677654049178871,6.577405236269866
0.0,4.551207790221989,7.856317800996688
1.960061360630217e-14,8.911572367626206,8.185575851770478
84.74007041744782,8.267816594520582,7.610518715114827
185.50462988267688,11.000425362777204,8.395145956736568
253.19455269824886,15.1931637515258,10.023267954417136
264.5236205770182,11.55642285103033,8.563151833394897
318.2490741547055,21.356340266712646,9.633343447486933
340.6253715053351,19.430131020570606,11.719742033631455
323.32823739601463,17.55612211086911,10.347331899325276
264.4964405684147,18.380156786789936,11.095048897447597
280.1185459841627,22.125346892197772,11.521841416844506
188.21726958139485,20.544956625787336,9.77691144428582
88.5857752080246,20.845063089426425,9.664667878148002
2.2437483441864626e-14,15.049161835755154,10.81829866722348
0.0,15.078367560485393,10.48940437977308
0.0,13.267783348930976,8.259809847870129
0.0,11.734630165047932,8.621249785671267
0.0,10.669209772227763,8.411093199299966
0.0,5.323265464182548,9.281367946932825
0.0,5.135252301704161,7.823947847655636
0.0,3.344089966027796,9.331701849627395
0.0,4.186572320787881,10.724435833511158
0.0,5.961255021314037,8.36782778467143
0.0,2.055521836703718,8.05074865091964
0.0,8.853684956926823,7.515654105600598
2.3206807238774025e-14,6.013431818973135,6.870332820614679
103.23433619556671,9.606503067286006,8.499458771320887
166.57990414361302,14.779679917432881,8.35599728859565
281.7847329815129,15.018367864287608,8.718930362436184
331.6046680575189,16.970855964027955,9.949983359961223
329.7042995402579,15.587398226402792,9.732686147226001
364.7394651356864,17.13182742612846,10.826757170842983
324.3075702963899,21.901715471151018,10.128364074472355
303.76298333712055,19.113508976531854,9.66182284394437
205.08360519605873,19.029378931213483,10.477274633932089
183.7182277309775,21.147901799885563,12.326469721001768
74.90189959600019,15.848823226253959,11.246479792828072
2.339626237941922e-14,16.83026633327315,9.424713050142543
0.0,14.448163080656181,9.563300989097069
0.0,12.286424615774148,11.034721355687465
0.0,9.184372442925461,8.130906285719288
0.0,7.132085704573978,8.098436936706895
0.0,4.478213490418522,7.757073577071765
0.0,6.2089481817901415,8.213777703435168
0.0,3.1081163666370197,7.5901581454609195
0.0,6.109310602317541,6.562860186538364
0.0,3.995304666489187,7.926744972207729
0.0,3.126717150865453,6.631852744686003
0.0,6.039339346193818,8.06695767947467
2.3157561050033074e-14,7.350106961710091,8.056036982394428
103.18139842994167,12.119475822618977,8.334644497259717
166.99635735639862,11.433820981479974,7.575194324685838
243.50244018931429,13.689952958402554,9.454112564606339
259.89317678710034,18.99491477096791,9.325528577703054
337.1124017674509,18.845210252402115,9.6400662074942
299.8334086459645,22.425436622265543,10.400590765991518
344.1463349355863,22.417317978423394,10.664594867491422
342.2995339498686,18.397496183257328,9.129757056426199
216.3814798888827,21.8791296790958,9.66626364484102
187.4207914520455,22.15063117440773,9.92257978070284
73.80849175541661,20.894301874122256,10.862731262792117
2.0069820147045308e-14,18.148013327136415,10.349855669086143
0.0,16.177419710621557,10.565715045077948
0.0,11.566499272631939,10.146232691087917
0.0,8.426504830463724,10.204965697524859
0.0,7.4673867221881265,8.4218612803892
0.0,3.185389107625133,7.985821894805184
0.0,7.812146354473853,9.071149424936179
0.0,3.7607664247579824,7.207679712559717
0.0,6.637420412035873,7.58884358059171
0.0,1.8643531891502083,6.894694251455976
0.0,7.291805565634864,9.14761703445968
0.0,5.408143388054934,7.613618149997386
2.3566607471036242e-14,5.486020137287607,7.3818526698025595
90.78768759641466,13.238442697405302,8.885452280876144
168.34686317082355,14.269382292587501,8.13615845702971
212.004509771526,14.548896155097687,10.855341966790753
291.0327858461084,16.122634724175878,9.20714224402085
304.6327029729317,18.59063324103657,10.305520514070832
395.63829219094333,19.372219340016287,9.827204070633222
375.2648745497355,18.197613655875557,11.330247931857885
252.7774207523323,19.230654414336108,11.928718635001836
243.3416617333538,23.703601228295906,11.455625032481016
154.46342252546603,24.32727566943749,11.661385379948833
85.76032718587409,20.836950213859698,9.419652586071187
2.3735535601185883e-14,17.0112068342312,11.73682704669222
0.0,13.449813249322249,10.193869966752661
0.0,10.45838716611202,10.705765663301754
0.0,8.519641772225382,9.61294116809372
0.0,6.9482236365324335,8.026430655806042
0.0,10.700232787265112,8.654570509836816
0.0,8.625004899876394,7.051945694335964
0.0,5.705793706944949,8.37756304803748
0.0,2.019417184561055,7.4965739001777525
0.0,5.999348780496234,6.806346584520901
0.0,4.5352062500899875,9.982754038046089
0.0,1.9777704106060847,9.238019742501258
2.1070347692597237e-14,8.514844812189228,9.427706234776212
97.09629925791775,8.186265094898433,9.239056152036524
161.12493732805197,10.324536679206632,9.27713827462112
214.10825159059436,13.510379911070858,9.558461835970496
304.633715458911,14.943997591501883,8.553044584597409
349.1203788463956,17.52898414867107,11.283620685670467
367.163215900023,18.704185667627804,11.47439285258606
374.36052835375307,15.916431962003992,11.141609398320552
282.31942521038695,22.981199515152372,12.182198615577295
205.2993334092015,17.701296701801894,10.789889685645429
198.38544806402197,16.96404999740127,10.484771570346346
86.36512988492471,16.940391283298492,12.503715364213376
2.182197381168615e-14,15.723973842648121,10.1353903942341
0.0,16.92915553187055,10.270205122705809
0.0,12.479490441496509,9.249868274423463
0.0,11.003022144785612,9.506491753773773
0.0,8.489715912553272,9.363627019309927
0.0,6.746712452891874,8.724835735723543
0.0,5.520764701184533,8.164324566684432
0.0,0.23663402983560244,7.420415124977426
0.0,3.329671955606969,8.107987100215803
0.0,6.426624536115796,9.11708142636275
0.0,12.785967716623887,6.242426517183077
0.0,3.7640368107146265,6.9840935879832315
2.422483807983276e-14,8.675668845934734,7.178437271125281
97.09762009604702,8.61686340871718,9.978877458941524
180.1340339754717,15.924812733079726,9.22162713731104
242.63925397958636,11.19249576452323,11.007356517811136
260.65979439554445,17.079387905917788,9.782967510995663
385.0243902653027,14.671940975770028,9.848782681872848
325.9795182088481,18.12057881943987,11.092885537737228
283.70132383786967,19.488288874098956,9.661577477475097
294.68526849570196,21.968892288765243,10.359555638739796
272.96722409415514,17.402581883281517,10.609511742416732
193.81694641362134,20.084478253256307,10.16438774675815
73.02825974279136,17.5239186215543,10.186246634728718
2.3728395344074465e-14,16.375095697857986,9.155750776027515
0.0,15.816726715476474,9.214160110220858
0.0,9.264395539275451,9.191588559473917
0.0,11.380146510763046,10.045931700422823
0.0,6.6916992191071785,8.034291824934426
0.0,8.364401585747299,8.07954560220262
0.0,5.462300087988208,7.01165931242579
0.0,3.5749246758413005,8.060022935789629
0.0,2.541336111006315,8.049304846301743
0.0,5.640571427586074,8.887043337662472
0.0,7.315088189874303,8.720529057702453
0.0,4.998830717975209,7.414430011443727
2.4509013571701056e-14,5.455374917625166,7.261054824311214
76.22706927210167,11.039257774258243,7.6280518825389265
191.31913881916867,8.824326165120556,10.892912560726938
240.8374234065512,11.18091553484218,9.669325301097176
283.2772542864371,13.59598749813216,8.359533792470044
342.1407949540615,16.547341332602837,9.07118822677882
287.2361029282502,15.976927501032579,10.24594171632346
329.76095249642606,15.571194840737348,9.818548906911873
333.5969197710152,17.45049966051371,11.554829617236118
216.49481991836322,20.73374355264574,10.899668751973682
165.88383904604177,16.106503135209934,10.950740919354756
101.83243496745764,16.697702942771997,10.42981316417129
2.033091411013061e-14,19.614784973919082,9.702563029019023
0.0,13.693592149953943,10.191104885868775
0.0,12.406450028647145,10.189339741498912
0.0,7.758755651864686,8.915833027001145
0.0,12.048337756588243,8.842928513741379
0.0,4.981944821418721,9.510154846191329
0.0,4.231900348462985,7.32501496682303
0.0,6.523023693263712,8.059549854816762
0.0,3.2528444579342906,7.443326541207154
0.0,3.984683902679413,8.286282948515167
0.0,4.124733075787759,6.4099710098002225
0.0,5.409793942034694,8.391441202794308
2.126520345641827e-14,8.357316969297713,7.181641490751571
74.29642292623332,10.651646965217573,7.350789748468631
150.3320339146474,10.329816085216395,9.46625168074562
222.40394307388354,12.154704396167835,9.605731474745316
272.110137213766,14.398040769926402,10.973606746728159
348.8388623756439,14.470659168734372,10.045856693794917
282.46312582206,15.363655660878445,10.381816333645498
358.3826508900632,19.93805385240389,11.098275284901586
270.3123585420123,21.49350455399175,10.282218683409313
224.50379709977176,21.08581014424451,9.471126563837249
171.83354058654797,13.780533631643722,10.054737711109665
79.24891907351571,16.783037023047388,9.925033070816498
2.3665936630867368e-14,13.41212903645641,9.922914611752343
0.0,13.974340184103408,11.723155501815736
0.0,10.780665910022766,10.528005192247193
0.0,10.72958439931054,10.898788033280741
0.0,7.578006766838848,12.32461056262701
0.0,2.1674549083133705,8.341593567431339
0.0,2.6519397807924383,7.566403926389173
0.0,3.7984783760077905,8.125166748089425
0.0,3.694535615129203,9.081886926239426
0.0,0.9755545309464808,7.695521448081295
0.0,1.5131921192992768,7.8412456706319995
0.0,5.969951182321008,7.072937685705052
1.7176530952017153e-14,4.706980144565977,8.02855148985689
73.3519092903108,6.106503542845292,8.261151560673063
189.49357782657012,10.624033731404346,8.540444437687727
214.98651113831073,12.607974934809894,10.567040156619843
248.88537934789792,13.757513801988427,8.494763283494834
298.0466463768406,15.763695092709485,12.146646433316484
331.2424018292802,18.47018943338733,8.854695247913392
355.2583572104502,17.801395559619937,12.32356830850351
307.4724264724627,19.65570879999671,10.843257138716709
218.2254491838238,18.480784294744907,11.313994926081113
170.25296205177295,18.777818297715854,9.971280882275945
101.26970182335307,18.9275801370327,10.972070868690931
2.314134681198772e-14,17.19281044744822,11.596194302872739
0.0,16.161288059619363,9.137195718039054
0.0,13.19060855046135,8.737591623968209
0.0,9.920877458930473,8.815984838094424
0.0,6.647451481386742,8.063830435551779
0.0,5.081938661542202,7.546899098393291
0.0,2.7316658573826245,8.70979626279323
0.0,3.697075672320325,7.322421337475111
0.0,4.810198657953626,8.288886987352706
0.0,2.236681884451169,8.954726137417916
0.0,4.412784752926698,8.246467171788025
0.0,4.403844993593838,7.054508584451258
1.9673165459253546e-14,7.834132360904987,8.426253197842279
100.67808630058843,8.246104571809692,8.305069681067044
196.69982418008325,9.936402557941651,8.54938517336892
198.51728468453413,12.126042671485871,8.879040525905726
290.73222518783786,16.42208124822089,11.285203083449073
273.32726578721923,16.878779139361427,10.720089287704887
389.05754245776717,17.486783470805193,9.459289275805942
330.560663486789,19.665639315936723,10.547346129402236
250.2847937492168,18.586391265594457,10.327198456989484
207.35486973994037,21.39586609821371,13.046332905144798
163.01657952407842,16.39589462341875,12.997329642886537
101.67516054366234,16.698334924387574,10.180454789883134
2.2237292693933704e-14,12.605893257195756,10.018777725512981
0.0,12.792227277569733,10.303416702342982
0.0,8.056152705116496,9.644379814030746
0.0,10.837504384827843,8.619576433555238
0.0,8.948431234540916,9.330738784170043
0.0,7.326909798486328,8.165880658877882
0.0,4.449210812857306,8.66754533300341
0.0,1.8325216630511498,7.760948107640218
0.0,1.7189878187119811,8.414859261244938
0.0,6.652606582912377,8.268135810146466
0.0,7.262820060107964,7.906040755669013
0.0,5.907925147193044,8.57853893268194
1.832828003240701e-14,6.288401014623227,8.180165204137271
78.10147156023628,11.986363567360737,7.621318699688202
173.9387774845735,9.930662760014261,8.177079204470063
252.07634325095918,13.847919859795862,8.73133583581353
319.3415049828229,18.0235836935808,8.567966175254224
291.45577302515017,15.303846332947007,10.648079304517964
395.0954845555779,19.906319484333615,10.082624937498986
344.50896107438723,20.08819728478417,9.594339960552038
330.5270536130399,19.24063599832076,11.736313674069066
243.82502543978617,17.060208494830196,11.314214791350988
164.86271728994853,16.798992792852836,10.669115542198115
102.82276674683445,17.55542547797758,10.033945973668686
2.1423207134134177e-14,12.47299549302111,9.540613492338
0.0,13.651709161640547,9.984712443418047
0.0,12.401771050907207,10.999587109028436
0.0,11.219557067581917,8.582361981741208
0.0,4.522954933863437,9.114332718512216
0.0,8.295309427614049,10.530764554657683
0.0,7.6896030356735565,8.649328870690837
0.0,4.319975802703837,7.920157286426575
0.0,1.1509821147398749,8.492552320881284
0.0,2.8434540905561683,8.834967762010974
0.0,4.203681557076672,8.137296547757876
0.0,6.11115204555793,9.263970667980768
2.024186141050503e-14,7.271042382876402,8.336013403574405
75.56513294151915,9.718857202558265,9.608787382850249
142.58923241048223,11.04558576291095,10.793505660324662
255.26104483567016,13.827845827433848,9.364459202665213
298.42803437643573,14.30603243526657,10.012152439404241
322.0477933599977,16.20756009311664,10.385685624891945
356.2515103371847,17.00323216691137,11.223331958216558
366.5186000036859,22.789004956909885,11.62706296130726
287.0299139414973,22.154880849937843,9.47755707812414
252.4748240991138,20.065074267928974,11.495800203858625
197.28007512190703,20.80590050240018,11.620424815013788
98.57948052618279,18.48085620503734,11.19121895682283
2.028201714973346e-14,15.589621596617308,10.993715905178938
0.0,10.286488956369995,8.857625126117702
0.0,10.702751437338916,9.612288803413845
0.0,8.486451132732327,10.307672737745595
0.0,4.960928931404884,10.605531474447355
0.0,2.597900478883584,7.9674866801972035
0.0,5.1949171841617705,8.523849682309496
0.0,4.05928375573231,8.979202889225679
0.0,0.802887761168007,8.637908909706542
0.0,1.9185180981183068,8.188122606987024
0.0,6.531923037336048,6.549606294839169
0.0,3.72543444477773,8.693603027989003
1.9180324971301785e-14,7.479279529170838,9.09940007596477
73.54617910550292,8.687572761347104,9.239336417134936
189.42642310805374,12.150408663427356,9.745207237725147
221.5913125256831,11.496018776810537,9.225405623890843
325.56802671782174,15.317848676383445,12.61778308805277
304.14819392273984,17.131981125487364,10.901202067995436
303.60000109658336,18.52624656403718,10.643855090509076
383.70411147225667,19.023236047541005,12.32190337180415
280.3297109309397,19.82690036249145,12.263373364724302
249.24892473192656,23.248628995717397,11.819971562644573
176.76239981368312,23.188480505120953,10.994104435093444
89.95989346290317,15.516103689222167,10.753560438833102
2.3888227764819782e-14,10.501195760598232,10.047050832497519
0.0,14.399224683567343,9.548674466858175
0.0,11.510186641105763,9.806907691791109
0.0,11.189213078850226,9.580902788598756
0.0,7.707453520733868,8.394620215664988
0.0,5.59803535086229,10.17301306634381
0.0,6.381112865830207,8.495491085915422
0.0,5.86165747086641,8.18107724691854
0.0,0.27838278678927564,7.814625471976393
0.0,1.6908839197595595,6.740006970558401
0.0,3.9121137554984062,9.228006630496145
0.0,5.59152390270806,7.686695128202582
1.9185199342417503e-14,6.599536497646777,8.718469600082315
77.8797691321498,9.84936489925488,8.93478027643407
169.34616126583728,13.043712482985473,9.236882798458913
258.01220685224826,16.567474686612893,9.478178633912691
266.58034545083746,16.209328951897074,9.033942727435107
271.4262365439943,15.003689796937435,9.648594168968435
321.73493352181316,17.684953684231143,10.535120039219576
383.4552881055031,18.628205032144706,11.54587323985869
315.2812810424656,20.08078338431359,10.703856743367808
232.46452679409873,19.555245581531704,10.20593119764505
151.82955637616104,22.0804994368498,9.806519091171719
83.68042759896306,15.785330883333836,11.135721184259584
1.842638859008551e-14,15.821003971884881,10.295398283044992
0.0,17.83147806065962,9.232819396703132
0.0,9.88108911054407,10.257814515406436
0.0,9.271247935871818,8.715522391107843
0.0,5.161741902103243,9.049416619712833
0.0,5.558822454113756,8.210042734635351
0.0,2.479930836825882,9.993239168903283
0.0,5.334763560046822,7.496584387951875
0.0,3.2632060814394666,7.80453246740826
0.0,1.3703672330995431,9.858725010853433
0.0,5.721500528684509,7.56762503686403
0.0,5.671046191627471,8.512660459199829
2.2448109766940298e-14,8.874205917823588,7.951117175846443
92.46629968707137,6.602690746661013,7.71245871881661
163.72257966857302,11.706217187874,9.376876926020238
275.9496322758736,14.585804113486258,10.925395901308168
344.2732204528858,14.121813382905202,9.718158972808109
291.45737284486887,14.107417158932753,10.511405729315051
307.68144263236127,17.813556602911397,10.775980411264115
332.3794709745476,21.15220556125108,10.541182683509415
252.72576605762467,21.220429024644787,11.180095350819382
235.7285697858189,17.839118104178066,10.37327986158676
175.43199368569128,15.330600720899302,10.604612714603649
88.94999098145115,15.763063172169911,10.604892807687511
1.963523870348135e-14,14.03161306191285,11.663164676060346
0.0,13.932014290806396,9.83627143296769
0.0,10.758565357568433,10.173944003858097
0.0,7.391487579082225,8.757376994659806
0.0,9.177094497898013,8.468370385028107
0.0,5.5925658487739645,9.072339417277647
0.0,4.831530748860174,9.140459383520184
0.0,-0.28847480490127797,8.079706923637259
0.0,-1.9596270677207688,7.632591794322375
0.0,0.2864045004724409,9.409256062947145
0.0,2.9996125921847416,7.1190037455052195
0.0,6.384760459409041,8.763538125322924
2.241305283782479e-14,2.2044089328592085,8.908071018843483
79.11069727919768,12.004054441597614,9.218953082642901
180.90214720345008,11.230034727214056,10.72607234385912
214.42959730255498,15.68004502039379,10.08647457288265
307.61101151011206,13.116962508725548,9.390214244803378
319.6350744385392,17.553476791511166,9.8744670336298
360.0613317861295,17.987497763890886,10.27317282574503
387.52473020995814,20.25168191009546,9.456634004891063
341.4704110703644,18.42131993847437,12.381731393978816
199.24156812589985,19.562739702001526,9.856601797246718
193.99126675223386,20.02149654149171,11.446575801301051
74.86823464421097,15.243404335382634,11.391879401597894
2.4256077471141166e-14,15.373391138653105,11.589214548546973
0.0,9.183730560049272,10.34935632067354
0.0,12.293908711800519,10.465302772447751
0.0,12.727675399778619,9.004751648382484
0.0,4.400030578176414,9.755470788952673
0.0,5.049285903325536,8.35103234530899
0.0,5.645288813458558,9.822822399825386
0.0,3.1479577785263957,7.375391518672934
0.0,3.142728544892293,7.61280032794815
0.0,2.3031239485460184,7.991864949079668
0.0,3.0280217054545027,8.826587616795143
0.0,4.982286885242706,8.881419194583259
1.7266117162101002e-14,6.895872286184555,7.741943591219702
83.88118255616723,6.379094557931056,7.869040352614025
155.4539310586031,10.680485470013783,8.645412371779926
204.54891400141705,16.02014968014466,9.455960686599072
262.77728500186794,13.974261854728033,9.977903203288447
286.67157242427527,13.994873725648965,10.077184753309124
392.222897355619,17.4379005362085,10.976458015595753
288.5107246870821,17.110710427969792,10.622530019577683
300.2269580767349,16.135845791261964,12.699057192322071
249.86943580454715,18.81827297568363,10.42955661173168
173.6887662579071,16.320168597879196,11.265733149251336
76.01827556610144,15.21995535769167,11.07312332266469
1.9609411358896724e-14,15.119384202676619,10.040490224000912
0.0,9.816732612001339,10.036415599683663
0.0,7.329390141403591,9.566829894003902
0.0,10.08372147008954,8.699986696559318
0.0,2.950862240457677,9.05236823837401
0.0,3.202319801798752,8.478051985929163
0.0,0.21158899805724563,7.680912548176516
0.0,2.03979175509942,8.102307800893161
0.0,3.595588794411962,7.886761718856425
0.0,3.2367405862618392,7.1057841600108285
0.0,8.59501484774869,7.156348813263521
0.0,7.256448285195253,8.59847019255405
2.2899960944625413e-14,4.87715559879643,9.009205260640734
86.20046341634497,6.274808928636644,10.471699827337522
159.15167143450407,16.152847181060633,8.070406465558076
239.89677212253204,14.935167671396522,8.563484326569224
254.27295349647235,15.918210513648775,8.704799440321253
278.0782858323712,16.546029173033247,10.348531275599573
295.8341948896963,18.214717664335176,10.890567654420241
294.5829004492098,15.502731358457325,10.591925993819236
297.33691961160457,19.053549639503167,11.833152634454873
272.2890008433473,18.609340704340205,11.509845349729918
155.4213856789258,15.859396843182182,13.430794422599456
102.35872865832022,15.319272641465053,9.924665468347083
2.4362693979422687e-14,17.769824085996742,9.406135242318161
0.0,12.559673819340073,9.738918970890378
0.0,14.881813904175853,8.52083145538748
0.0,5.187560065314699,11.13990906221673
0.0,5.695210926658137,8.67088832269415
0.0,1.9880599471234137,8.898464311173866
0.0,1.322701755930428,8.05714808264644
0.0,1.2859318723584663,7.643587591223908
0.0,3.3003691475307892,7.244611982468167
0.0,3.475995625837836,7.62324780839571
0.0,2.3829660244588866,8.386554626040647
0.0,0.5572965298240637,10.356020781914737
1.736390916374482e-14,9.625135640053914,8.627064434285057
89.22488943075794,8.02766810109673,8.874827479146775
175.18330099608679,8.437169553387328,7.871062914115899
270.851917685973,13.290163816949947,10.588261474726494
298.0757905471819,15.078640235035955,8.696957663174565
380.71329703835687,15.681251213482057,11.707315775858358
359.1674287072968,17.895015155548126,10.700149235747208
371.7944430238061,16.087096823486117,10.038416474317174
260.6549384123114,20.189575580342574,10.8796498842036
273.4588060141736,16.40342231478841,13.982615047774448
182.43750968193453,16.386813813658254,10.535821861106403
78.58736860854097,17.624207775785138,10.30004714252907
1.873752360178899e-14,17.077667824010074,9.649723835941922
0.0,15.91185139090245,10.537357004292158
0.0,12.781346370922751,8.88000510598679
0.0,7.951053165565877,10.290714901830622
0.0,3.5876837557886834,10.664542754665755
0.0,7.823006815703014,10.408366876822528
0.0,6.4165746340372625,7.520250571534093
0.0,1.5320269694832829,8.41382179355321
0.0,4.445763962151942,7.095398212014403
0.0,2.211623688328798,8.247520468080683
0.0,6.677736423250769,9.054084232705353
0.0,3.916802312202877,8.362987299859618
2.0640792616984172e-14,10.56068846159983,9.712248064272359
80.80322578144884,10.105074620879146,9.698945611713924
166.9094039180348,14.198475575874795,8.654757069224889
262.2046035810145,11.746343708023229,9.899576195939677
257.24646419944264,15.413445095391207,8.465791287231243
305.83636665323746,14.32168173930647,10.075266877146149
289.40675316336086,19.219567621016726,10.008320417270864
324.8502411814227,20.128875562489615,12.530634213215512
332.86036917582703,23.397433722905195,10.795953241794525
202.75219865313443,19.294872091254664,11.465640040565322
182.92791371246827,18.979777521790517,11.64889438764524
102.78435559643577,15.318579382987638,11.640272024327832
1.9137950788890943e-14,15.686144631773297,11.273055574239937
0.0,11.91415582994782,9.823498407678295
0.0,10.83510740418682,10.446028657430633
0.0,8.881864848774246,9.68977785643614
0.0,5.898776139804482,9.424436268899127
0.0,5.072421830094428,7.212149581702181
0.0,2.861605372034587,7.96185313325172
0.0,2.0535300813567137,9.897769542273846
0.0,4.693728244741482,7.651094567661037
0.0,3.163819615077216,7.947610318550977
0.0,4.306328255861983,7.389574623429125
0.0,1.9689351542734874,7.402835090225824
2.1761241880796378e-14,7.3873156053977205,7.83623794563895
88.9169182068841,9.530693508867248,8.97561612492078
186.72314107774477,9.743721696359433,10.71202337977196
239.2760360066622,16.78101065507849,9.186042011001113
282.2031789619442,9.961944413368808,9.567674177262612
309.4367955940757,17.76598746277041,10.501911486567733
310.3512362525026,18.894211781922174,10.31848051420115
306.1699596890713,19.35097141604831,12.334880705544727
256.45301369547354,18.892824353014184,10.75601765924356
231.1265520509388,19.36916419729956,11.071555152613726
144.51063249766972,19.20495313112424,11.124385509036452
79.53392191883262,14.74547802356533,11.697045446894355
2.3000930494356252e-14,15.138790186097118,10.811980954233235
0.0,12.244317618510497,9.724958082012547
0.0,8.352862141285922,9.045241702421357
0.0,9.904186530143352,11.26220809276778
0.0,5.411678092368874,10.084567502191192
0.0,1.887827342685625,7.484194398692277
